rois,term,estimate,std.error,statistic,p.value,term.1,d,CI,CI_low,CI_high,yearsBeforeAB,analysis,desctext,othertext,typetext,src,pInd,pIndFDR,FDRind,pCol,roi,sigdirection
lh_bankssts_thickness.aparcnative71,convgroup,0.0205553171602729,0.0213523594552847,0.96267193343757,0.337472400279393,convgroup,0.167579673627152,0.95,-0.174519473026316,0.509046769765449,1,analysnum6matchF1procLONGpredAB1singleT0reproduce2,reduced,_Yintonly,level,/cluster/projects/p274/projects/p040-ad_change/Berkeley/results/cortmaps/analysnum6matchF1procLONGpredAB1singleT0reproduce2/thickness/thickness_cortmapAB1_nTime2_analysnum6matchF1procLONGpredAB1singleT0reproduce2_Yintonly.csv,0,0,0,NA,lh_bankssts,NA
lh_caudalanteriorcingulate_thickness.aparcnative71,convgroup,0.0759878825425161,0.0355119879632039,2.13978115281103,0.0342120562267339,convgroup,0.372488087339526,0.95,0.0276684015814601,0.715920992036203,1,analysnum6matchF1procLONGpredAB1singleT0reproduce2,reduced,_Yintonly,level,/cluster/projects/p274/projects/p040-ad_change/Berkeley/results/cortmaps/analysnum6matchF1procLONGpredAB1singleT0reproduce2/thickness/thickness_cortmapAB1_nTime2_analysnum6matchF1procLONGpredAB1singleT0reproduce2_Yintonly.csv,1,1,0,#aad6e7,lh_caudalanteriorcingulate,positive_sigonly
lh_caudalmiddlefrontal_thickness.aparcnative71,convgroup,0.0490551540192764,0.0197639542950126,2.48205158173511,0.0143183359671637,convgroup,0.43206972130958,0.95,0.0861335343346648,0.776406276403571,1,analysnum6matchF1procLONGpredAB1singleT0reproduce2,reduced,_Yintonly,level,/cluster/projects/p274/projects/p040-ad_change/Berkeley/results/cortmaps/analysnum6matchF1procLONGpredAB1singleT0reproduce2/thickness/thickness_cortmapAB1_nTime2_analysnum6matchF1procLONGpredAB1singleT0reproduce2_Yintonly.csv,1,1,0,#aad6e7,lh_caudalmiddlefrontal,positive_sigonly
lh_cuneus_thickness.aparcnative71,convgroup,0.00383567069702748,0.0179515617474947,0.213667799547456,0.831135802068831,convgroup,0.0371947896984331,0.95,-0.304090944224507,0.378339802034259,1,analysnum6matchF1procLONGpredAB1singleT0reproduce2,reduced,_Yintonly,level,/cluster/projects/p274/projects/p040-ad_change/Berkeley/results/cortmaps/analysnum6matchF1procLONGpredAB1singleT0reproduce2/thickness/thickness_cortmapAB1_nTime2_analysnum6matchF1procLONGpredAB1singleT0reproduce2_Yintonly.csv,0,0,0,NA,lh_cuneus,NA
lh_entorhinal_thickness.aparcnative71,convgroup,0.0569549635321971,0.0429443471478526,1.32625053854253,0.187046916040229,convgroup,0.230870584959466,0.95,-0.111881994395348,0.572754974148607,1,analysnum6matchF1procLONGpredAB1singleT0reproduce2,reduced,_Yintonly,level,/cluster/projects/p274/projects/p040-ad_change/Berkeley/results/cortmaps/analysnum6matchF1procLONGpredAB1singleT0reproduce2/thickness/thickness_cortmapAB1_nTime2_analysnum6matchF1procLONGpredAB1singleT0reproduce2_Yintonly.csv,0,0,0,NA,lh_entorhinal,NA
lh_fusiform_thickness.aparcnative71,convgroup,0.00212709933493008,0.0178840146296264,0.118938581687713,0.905504831560671,convgroup,0.0207045495028924,0.95,-0.320529680419159,0.361860431339249,1,analysnum6matchF1procLONGpredAB1singleT0reproduce2,reduced,_Yintonly,level,/cluster/projects/p274/projects/p040-ad_change/Berkeley/results/cortmaps/analysnum6matchF1procLONGpredAB1singleT0reproduce2/thickness/thickness_cortmapAB1_nTime2_analysnum6matchF1procLONGpredAB1singleT0reproduce2_Yintonly.csv,0,0,0,NA,lh_fusiform,NA
lh_inferiorparietal_thickness.aparcnative71,convgroup,0.0168140834031871,0.0161885357492922,1.03864139805987,0.30087035763871,convgroup,0.180804259952811,0.95,-0.161417528039695,0.522344469384881,1,analysnum6matchF1procLONGpredAB1singleT0reproduce2,reduced,_Yintonly,level,/cluster/projects/p274/projects/p040-ad_change/Berkeley/results/cortmaps/analysnum6matchF1procLONGpredAB1singleT0reproduce2/thickness/thickness_cortmapAB1_nTime2_analysnum6matchF1procLONGpredAB1singleT0reproduce2_Yintonly.csv,0,0,0,NA,lh_inferiorparietal,NA
lh_inferiortemporal_thickness.aparcnative71,convgroup,0.0279868828649247,0.0180893987541216,1.54714279038976,0.124223015028693,convgroup,0.269322990379807,0.95,-0.0739085206616652,0.611543989466169,1,analysnum6matchF1procLONGpredAB1singleT0reproduce2,reduced,_Yintonly,level,/cluster/projects/p274/projects/p040-ad_change/Berkeley/results/cortmaps/analysnum6matchF1procLONGpredAB1singleT0reproduce2/thickness/thickness_cortmapAB1_nTime2_analysnum6matchF1procLONGpredAB1singleT0reproduce2_Yintonly.csv,0,0,0,NA,lh_inferiortemporal,NA
lh_isthmuscingulate_thickness.aparcnative71,convgroup,0.0446527219441523,0.0248732278745325,1.79521219237781,0.0749079237017005,convgroup,0.312506330392218,0.95,-0.0313364093603061,0.655180024163777,1,analysnum6matchF1procLONGpredAB1singleT0reproduce2,reduced,_Yintonly,level,/cluster/projects/p274/projects/p040-ad_change/Berkeley/results/cortmaps/analysnum6matchF1procLONGpredAB1singleT0reproduce2/thickness/thickness_cortmapAB1_nTime2_analysnum6matchF1procLONGpredAB1singleT0reproduce2_Yintonly.csv,0,0,0,NA,lh_isthmuscingulate,NA
lh_lateraloccipital_thickness.aparcnative71,convgroup,0.0310367849254072,0.014123130432319,2.1975853776995,0.0297227592671033,convgroup,0.382550511312446,0.95,0.0375524475874123,0.726125639996073,1,analysnum6matchF1procLONGpredAB1singleT0reproduce2,reduced,_Yintonly,level,/cluster/projects/p274/projects/p040-ad_change/Berkeley/results/cortmaps/analysnum6matchF1procLONGpredAB1singleT0reproduce2/thickness/thickness_cortmapAB1_nTime2_analysnum6matchF1procLONGpredAB1singleT0reproduce2_Yintonly.csv,1,1,0,#aad6e7,lh_lateraloccipital,positive_sigonly
lh_lateralorbitofrontal_thickness.aparcnative71,convgroup,0.0182349359797022,0.0146037853841419,1.24864447812985,0.214005149844996,convgroup,0.21736110387487,0.95,-0.125237905572404,0.559142145102045,1,analysnum6matchF1procLONGpredAB1singleT0reproduce2,reduced,_Yintonly,level,/cluster/projects/p274/projects/p040-ad_change/Berkeley/results/cortmaps/analysnum6matchF1procLONGpredAB1singleT0reproduce2/thickness/thickness_cortmapAB1_nTime2_analysnum6matchF1procLONGpredAB1singleT0reproduce2_Yintonly.csv,0,0,0,NA,lh_lateralorbitofrontal,NA
lh_lingual_thickness.aparcnative71,convgroup,-0.0161678191042894,0.0165202629497677,-0.978665966362039,0.329535300212254,convgroup,-0.170363877387922,0.95,-0.511845714942239,0.171760466413546,1,analysnum6matchF1procLONGpredAB1singleT0reproduce2,reduced,_Yintonly,level,/cluster/projects/p274/projects/p040-ad_change/Berkeley/results/cortmaps/analysnum6matchF1procLONGpredAB1singleT0reproduce2/thickness/thickness_cortmapAB1_nTime2_analysnum6matchF1procLONGpredAB1singleT0reproduce2_Yintonly.csv,0,0,0,NA,lh_lingual,NA
lh_medialorbitofrontal_thickness.aparcnative71,convgroup,0.0190078397154039,0.0188516140648397,1.00828712332148,0.315161358201254,convgroup,0.175520258958116,0.95,-0.166651622993119,0.517030377189822,1,analysnum6matchF1procLONGpredAB1singleT0reproduce2,reduced,_Yintonly,level,/cluster/projects/p274/projects/p040-ad_change/Berkeley/results/cortmaps/analysnum6matchF1procLONGpredAB1singleT0reproduce2/thickness/thickness_cortmapAB1_nTime2_analysnum6matchF1procLONGpredAB1singleT0reproduce2_Yintonly.csv,0,0,0,NA,lh_medialorbitofrontal,NA
lh_middletemporal_thickness.aparcnative71,convgroup,0.0189723775663221,0.0165845345563749,1.14398010398364,0.2547021772965,convgroup,0.199141374961428,0.95,-0.143262604324975,0.540795295089211,1,analysnum6matchF1procLONGpredAB1singleT0reproduce2,reduced,_Yintonly,level,/cluster/projects/p274/projects/p040-ad_change/Berkeley/results/cortmaps/analysnum6matchF1procLONGpredAB1singleT0reproduce2/thickness/thickness_cortmapAB1_nTime2_analysnum6matchF1procLONGpredAB1singleT0reproduce2_Yintonly.csv,0,0,0,NA,lh_middletemporal,NA
lh_parahippocampal_thickness.aparcnative71,convgroup,-0.0568640928810122,0.0445580465211988,-1.27618011381982,0.204132740679076,convgroup,-0.22215444279103,0.95,-0.563971272315731,0.12049815726662,1,analysnum6matchF1procLONGpredAB1singleT0reproduce2,reduced,_Yintonly,level,/cluster/projects/p274/projects/p040-ad_change/Berkeley/results/cortmaps/analysnum6matchF1procLONGpredAB1singleT0reproduce2/thickness/thickness_cortmapAB1_nTime2_analysnum6matchF1procLONGpredAB1singleT0reproduce2_Yintonly.csv,0,0,0,NA,lh_parahippocampal,NA
lh_paracentral_thickness.aparcnative71,convgroup,0.050097086130201,0.0222355752902538,2.25301506600368,0.0259081775037485,convgroup,0.392199581522793,0.95,0.0470265588173224,0.735915023207907,1,analysnum6matchF1procLONGpredAB1singleT0reproduce2,reduced,_Yintonly,level,/cluster/projects/p274/projects/p040-ad_change/Berkeley/results/cortmaps/analysnum6matchF1procLONGpredAB1singleT0reproduce2/thickness/thickness_cortmapAB1_nTime2_analysnum6matchF1procLONGpredAB1singleT0reproduce2_Yintonly.csv,1,1,0,#aad6e7,lh_paracentral,positive_sigonly
lh_parsopercularis_thickness.aparcnative71,convgroup,0.0366345711690086,0.0171745578054093,2.13307216314298,0.0347692640690312,convgroup,0.37132020214428,0.95,0.0265209576780878,0.714736900382197,1,analysnum6matchF1procLONGpredAB1singleT0reproduce2,reduced,_Yintonly,level,/cluster/projects/p274/projects/p040-ad_change/Berkeley/results/cortmaps/analysnum6matchF1procLONGpredAB1singleT0reproduce2/thickness/thickness_cortmapAB1_nTime2_analysnum6matchF1procLONGpredAB1singleT0reproduce2_Yintonly.csv,1,1,0,#aad6e7,lh_parsopercularis,positive_sigonly
lh_parsorbitalis_thickness.aparcnative71,convgroup,0.0676096298786096,0.0234089492119989,2.88819584622595,0.00452961610381027,convgroup,0.502770362851996,0.95,0.155322520184023,0.848370925151688,1,analysnum6matchF1procLONGpredAB1singleT0reproduce2,reduced,_Yintonly,level,/cluster/projects/p274/projects/p040-ad_change/Berkeley/results/cortmaps/analysnum6matchF1procLONGpredAB1singleT0reproduce2/thickness/thickness_cortmapAB1_nTime2_analysnum6matchF1procLONGpredAB1singleT0reproduce2_Yintonly.csv,1,1,0,#aad6e7,lh_parsorbitalis,positive_sigonly
lh_parstriangularis_thickness.aparcnative71,convgroup,0.0361002644732349,0.0186081912198237,1.94002007216997,0.0545096457746492,convgroup,0.337714146670352,0.95,-0.00652110117174394,0.680688451552163,1,analysnum6matchF1procLONGpredAB1singleT0reproduce2,reduced,_Yintonly,level,/cluster/projects/p274/projects/p040-ad_change/Berkeley/results/cortmaps/analysnum6matchF1procLONGpredAB1singleT0reproduce2/thickness/thickness_cortmapAB1_nTime2_analysnum6matchF1procLONGpredAB1singleT0reproduce2_Yintonly.csv,0,0,0,NA,lh_parstriangularis,NA
lh_pericalcarine_thickness.aparcnative71,convgroup,-0.00745975284856675,0.0181235354684625,-0.411605829422618,0.681295921575329,convgroup,-0.0716513779635901,0.95,-0.412811066351276,0.26977930356559,1,analysnum6matchF1procLONGpredAB1singleT0reproduce2,reduced,_Yintonly,level,/cluster/projects/p274/projects/p040-ad_change/Berkeley/results/cortmaps/analysnum6matchF1procLONGpredAB1singleT0reproduce2/thickness/thickness_cortmapAB1_nTime2_analysnum6matchF1procLONGpredAB1singleT0reproduce2_Yintonly.csv,0,0,0,NA,lh_pericalcarine,NA
lh_postcentral_thickness.aparcnative71,convgroup,0.0137466465575021,0.0163412711959939,0.841222594780271,0.401744592775865,convgroup,0.146438057436319,0.95,-0.195480360858921,0.487803723355848,1,analysnum6matchF1procLONGpredAB1singleT0reproduce2,reduced,_Yintonly,level,/cluster/projects/p274/projects/p040-ad_change/Berkeley/results/cortmaps/analysnum6matchF1procLONGpredAB1singleT0reproduce2/thickness/thickness_cortmapAB1_nTime2_analysnum6matchF1procLONGpredAB1singleT0reproduce2_Yintonly.csv,0,0,0,NA,lh_postcentral,NA
lh_posteriorcingulate_thickness.aparcnative71,convgroup,0.0494697666414534,0.0216330823015959,2.28676459284786,0.0238014605608031,convgroup,0.398074620045442,0.95,0.0527932017691321,0.74187742490915,1,analysnum6matchF1procLONGpredAB1singleT0reproduce2,reduced,_Yintonly,level,/cluster/projects/p274/projects/p040-ad_change/Berkeley/results/cortmaps/analysnum6matchF1procLONGpredAB1singleT0reproduce2/thickness/thickness_cortmapAB1_nTime2_analysnum6matchF1procLONGpredAB1singleT0reproduce2_Yintonly.csv,1,1,0,#aad6e7,lh_posteriorcingulate,positive_sigonly
lh_precentral_thickness.aparcnative71,convgroup,0.0621957838126624,0.022382652885699,2.77874942395239,0.00625332790444404,convgroup,0.483718186209877,0.95,0.136697697795378,0.828957739975343,1,analysnum6matchF1procLONGpredAB1singleT0reproduce2,reduced,_Yintonly,level,/cluster/projects/p274/projects/p040-ad_change/Berkeley/results/cortmaps/analysnum6matchF1procLONGpredAB1singleT0reproduce2/thickness/thickness_cortmapAB1_nTime2_analysnum6matchF1procLONGpredAB1singleT0reproduce2_Yintonly.csv,1,1,0,#aad6e7,lh_precentral,positive_sigonly
lh_precuneus_thickness.aparcnative71,convgroup,0.0388751610095441,0.0167934682322609,2.3148977014089,0.022161745288138,convgroup,0.402971965638495,0.95,0.057599129878611,0.746848662272052,1,analysnum6matchF1procLONGpredAB1singleT0reproduce2,reduced,_Yintonly,level,/cluster/projects/p274/projects/p040-ad_change/Berkeley/results/cortmaps/analysnum6matchF1procLONGpredAB1singleT0reproduce2/thickness/thickness_cortmapAB1_nTime2_analysnum6matchF1procLONGpredAB1singleT0reproduce2_Yintonly.csv,1,1,0,#aad6e7,lh_precuneus,positive_sigonly
lh_rostralanteriorcingulate_thickness.aparcnative71,convgroup,0.0189364365734369,0.0292406367425623,0.647606847284323,0.518364021251419,convgroup,0.112733881956115,0.95,-0.228935429762772,0.453977223389245,1,analysnum6matchF1procLONGpredAB1singleT0reproduce2,reduced,_Yintonly,level,/cluster/projects/p274/projects/p040-ad_change/Berkeley/results/cortmaps/analysnum6matchF1procLONGpredAB1singleT0reproduce2/thickness/thickness_cortmapAB1_nTime2_analysnum6matchF1procLONGpredAB1singleT0reproduce2_Yintonly.csv,0,0,0,NA,lh_rostralanteriorcingulate,NA
lh_rostralmiddlefrontal_thickness.aparcnative71,convgroup,0.0503971524791314,0.0143690156605366,3.50734898407434,0.000619167734534141,convgroup,0.610551089766259,0.95,0.2604149984453,0.95847440991356,1,analysnum6matchF1procLONGpredAB1singleT0reproduce2,reduced,_Yintonly,level,/cluster/projects/p274/projects/p040-ad_change/Berkeley/results/cortmaps/analysnum6matchF1procLONGpredAB1singleT0reproduce2/thickness/thickness_cortmapAB1_nTime2_analysnum6matchF1procLONGpredAB1singleT0reproduce2_Yintonly.csv,1,2,1,#aad6e7,lh_rostralmiddlefrontal,positive_fdrsig
lh_superiorfrontal_thickness.aparcnative71,convgroup,0.0755638985839887,0.0183952647953872,4.10779075074457,6.96656999465238e-05,convgroup,0.715074585046111,0.95,0.361898133196658,1.06569943482559,1,analysnum6matchF1procLONGpredAB1singleT0reproduce2,reduced,_Yintonly,level,/cluster/projects/p274/projects/p040-ad_change/Berkeley/results/cortmaps/analysnum6matchF1procLONGpredAB1singleT0reproduce2/thickness/thickness_cortmapAB1_nTime2_analysnum6matchF1procLONGpredAB1singleT0reproduce2_Yintonly.csv,1,2,1,#aad6e7,lh_superiorfrontal,positive_fdrsig
lh_superiorparietal_thickness.aparcnative71,convgroup,0.0206494092126905,0.0165975282748454,1.24412556320124,0.215658054860497,convgroup,0.216574461756634,0.95,-0.126015824664333,0.558349733091516,1,analysnum6matchF1procLONGpredAB1singleT0reproduce2,reduced,_Yintonly,level,/cluster/projects/p274/projects/p040-ad_change/Berkeley/results/cortmaps/analysnum6matchF1procLONGpredAB1singleT0reproduce2/thickness/thickness_cortmapAB1_nTime2_analysnum6matchF1procLONGpredAB1singleT0reproduce2_Yintonly.csv,0,0,0,NA,lh_superiorparietal,NA
lh_superiortemporal_thickness.aparcnative71,convgroup,0.0317872148354612,0.0187771756859439,1.69286453762353,0.0928401357418985,convgroup,0.29468989056003,0.95,-0.0488912749817865,0.637167258976607,1,analysnum6matchF1procLONGpredAB1singleT0reproduce2,reduced,_Yintonly,level,/cluster/projects/p274/projects/p040-ad_change/Berkeley/results/cortmaps/analysnum6matchF1procLONGpredAB1singleT0reproduce2/thickness/thickness_cortmapAB1_nTime2_analysnum6matchF1procLONGpredAB1singleT0reproduce2_Yintonly.csv,0,0,0,NA,lh_superiortemporal,NA
lh_supramarginal_thickness.aparcnative71,convgroup,0.041315340495286,0.0172612100611133,2.39353674215244,0.0180937406236858,convgroup,0.416661265517734,0.95,0.0710276827885614,0.760749898531447,1,analysnum6matchF1procLONGpredAB1singleT0reproduce2,reduced,_Yintonly,level,/cluster/projects/p274/projects/p040-ad_change/Berkeley/results/cortmaps/analysnum6matchF1procLONGpredAB1singleT0reproduce2/thickness/thickness_cortmapAB1_nTime2_analysnum6matchF1procLONGpredAB1singleT0reproduce2_Yintonly.csv,1,1,0,#aad6e7,lh_supramarginal,positive_sigonly
lh_frontalpole_thickness.aparcnative71,convgroup,0.0521386086105714,0.0316512403394902,1.64728484733408,0.101878062492076,convgroup,0.286755484915256,0.95,-0.056713441204239,0.629149735474114,1,analysnum6matchF1procLONGpredAB1singleT0reproduce2,reduced,_Yintonly,level,/cluster/projects/p274/projects/p040-ad_change/Berkeley/results/cortmaps/analysnum6matchF1procLONGpredAB1singleT0reproduce2/thickness/thickness_cortmapAB1_nTime2_analysnum6matchF1procLONGpredAB1singleT0reproduce2_Yintonly.csv,0,0,0,NA,lh_frontalpole,NA
lh_temporalpole_thickness.aparcnative71,convgroup,0.045996205260242,0.0386971610731872,1.18861962957051,0.23672339546663,convgroup,0.206912118938564,0.95,-0.135573335068378,0.548618541670686,1,analysnum6matchF1procLONGpredAB1singleT0reproduce2,reduced,_Yintonly,level,/cluster/projects/p274/projects/p040-ad_change/Berkeley/results/cortmaps/analysnum6matchF1procLONGpredAB1singleT0reproduce2/thickness/thickness_cortmapAB1_nTime2_analysnum6matchF1procLONGpredAB1singleT0reproduce2_Yintonly.csv,0,0,0,NA,lh_temporalpole,NA
lh_transversetemporal_thickness.aparcnative71,convgroup,0.0300739012766827,0.0245282920814514,1.22609031141736,0.222347514093779,convgroup,0.213434927401526,0.95,-0.129120871737699,0.555187369707582,1,analysnum6matchF1procLONGpredAB1singleT0reproduce2,reduced,_Yintonly,level,/cluster/projects/p274/projects/p040-ad_change/Berkeley/results/cortmaps/analysnum6matchF1procLONGpredAB1singleT0reproduce2/thickness/thickness_cortmapAB1_nTime2_analysnum6matchF1procLONGpredAB1singleT0reproduce2_Yintonly.csv,0,0,0,NA,lh_transversetemporal,NA
lh_insula_thickness.aparcnative71,convgroup,0.0431438824410366,0.0212953297286736,2.02597860614219,0.0447822077456974,convgroup,0.352677606773625,0.95,0.00819696977908884,0.695843015349075,1,analysnum6matchF1procLONGpredAB1singleT0reproduce2,reduced,_Yintonly,level,/cluster/projects/p274/projects/p040-ad_change/Berkeley/results/cortmaps/analysnum6matchF1procLONGpredAB1singleT0reproduce2/thickness/thickness_cortmapAB1_nTime2_analysnum6matchF1procLONGpredAB1singleT0reproduce2_Yintonly.csv,1,1,0,#aad6e7,lh_insula,positive_sigonly
lh_MeanThickness_thickness.aparcnative71,convgroup,0.0342454015682724,0.0112222956249714,3.05155047707627,0.00275298400232273,convgroup,0.531206754079928,0.95,0.183094353564998,0.877373971632416,1,analysnum6matchF1procLONGpredAB1singleT0reproduce2,reduced,_Yintonly,level,/cluster/projects/p274/projects/p040-ad_change/Berkeley/results/cortmaps/analysnum6matchF1procLONGpredAB1singleT0reproduce2/thickness/thickness_cortmapAB1_nTime2_analysnum6matchF1procLONGpredAB1singleT0reproduce2_Yintonly.csv,1,2,1,#aad6e7,lh_MeanThickness,positive_fdrsig
rh_bankssts_thickness.aparcnative71,convgroup,0.0215473641942508,0.024603338127616,0.875790272136484,0.38273496394961,convgroup,0.152455517682322,0.95,-0.189512408957415,0.493848107099876,1,analysnum6matchF1procLONGpredAB1singleT0reproduce2,reduced,_Yintonly,level,/cluster/projects/p274/projects/p040-ad_change/Berkeley/results/cortmaps/analysnum6matchF1procLONGpredAB1singleT0reproduce2/thickness/thickness_cortmapAB1_nTime2_analysnum6matchF1procLONGpredAB1singleT0reproduce2_Yintonly.csv,0,0,0,NA,rh_bankssts,NA
rh_caudalanteriorcingulate_thickness.aparcnative71,convgroup,-0.000622442111689357,0.0314747949442566,-0.0197758909245233,0.984252011878425,convgroup,-0.00344254073657658,0.95,-0.344622209595099,0.337750176965157,1,analysnum6matchF1procLONGpredAB1singleT0reproduce2,reduced,_Yintonly,level,/cluster/projects/p274/projects/p040-ad_change/Berkeley/results/cortmaps/analysnum6matchF1procLONGpredAB1singleT0reproduce2/thickness/thickness_cortmapAB1_nTime2_analysnum6matchF1procLONGpredAB1singleT0reproduce2_Yintonly.csv,0,0,0,NA,rh_caudalanteriorcingulate,NA
rh_caudalmiddlefrontal_thickness.aparcnative71,convgroup,0.0530360356482887,0.018984152583494,2.7937004517337,0.005987017840847,convgroup,0.486320826080177,0.95,0.139242658044824,0.831608821033162,1,analysnum6matchF1procLONGpredAB1singleT0reproduce2,reduced,_Yintonly,level,/cluster/projects/p274/projects/p040-ad_change/Berkeley/results/cortmaps/analysnum6matchF1procLONGpredAB1singleT0reproduce2/thickness/thickness_cortmapAB1_nTime2_analysnum6matchF1procLONGpredAB1singleT0reproduce2_Yintonly.csv,1,1,0,#aad6e7,rh_caudalmiddlefrontal,positive_sigonly
rh_cuneus_thickness.aparcnative71,convgroup,-0.00220501274973967,0.0175732441157533,-0.125475565878187,0.900337969996429,convgroup,-0.0218424923877896,0.95,-0.362997262374592,0.319394929587154,1,analysnum6matchF1procLONGpredAB1singleT0reproduce2,reduced,_Yintonly,level,/cluster/projects/p274/projects/p040-ad_change/Berkeley/results/cortmaps/analysnum6matchF1procLONGpredAB1singleT0reproduce2/thickness/thickness_cortmapAB1_nTime2_analysnum6matchF1procLONGpredAB1singleT0reproduce2_Yintonly.csv,0,0,0,NA,rh_cuneus,NA
rh_entorhinal_thickness.aparcnative71,convgroup,0.0428868495380873,0.0507960610503207,0.844294786865496,0.400032264985215,convgroup,0.146972857433161,0.95,-0.194949922168127,0.488340829433225,1,analysnum6matchF1procLONGpredAB1singleT0reproduce2,reduced,_Yintonly,level,/cluster/projects/p274/projects/p040-ad_change/Berkeley/results/cortmaps/analysnum6matchF1procLONGpredAB1singleT0reproduce2/thickness/thickness_cortmapAB1_nTime2_analysnum6matchF1procLONGpredAB1singleT0reproduce2_Yintonly.csv,0,0,0,NA,rh_entorhinal,NA
rh_fusiform_thickness.aparcnative71,convgroup,0.0232489215738256,0.0207973862983082,1.11787708514684,0.265649897833245,convgroup,0.19459742262895,0.95,-0.147760113993869,0.536221835700021,1,analysnum6matchF1procLONGpredAB1singleT0reproduce2,reduced,_Yintonly,level,/cluster/projects/p274/projects/p040-ad_change/Berkeley/results/cortmaps/analysnum6matchF1procLONGpredAB1singleT0reproduce2/thickness/thickness_cortmapAB1_nTime2_analysnum6matchF1procLONGpredAB1singleT0reproduce2_Yintonly.csv,0,0,0,NA,rh_fusiform,NA
rh_inferiorparietal_thickness.aparcnative71,convgroup,0.0204915705808342,0.0153042393529694,1.3389473405523,0.182889066391148,convgroup,0.23308081449146,0.95,-0.109697631672105,0.574982877633369,1,analysnum6matchF1procLONGpredAB1singleT0reproduce2,reduced,_Yintonly,level,/cluster/projects/p274/projects/p040-ad_change/Berkeley/results/cortmaps/analysnum6matchF1procLONGpredAB1singleT0reproduce2/thickness/thickness_cortmapAB1_nTime2_analysnum6matchF1procLONGpredAB1singleT0reproduce2_Yintonly.csv,0,0,0,NA,rh_inferiorparietal,NA
rh_inferiortemporal_thickness.aparcnative71,convgroup,-0.00170489811363535,0.0201465917405602,-0.0846246420034887,0.932688020134059,convgroup,-0.0147312593160574,0.95,-0.355893949565707,0.32648716797701,1,analysnum6matchF1procLONGpredAB1singleT0reproduce2,reduced,_Yintonly,level,/cluster/projects/p274/projects/p040-ad_change/Berkeley/results/cortmaps/analysnum6matchF1procLONGpredAB1singleT0reproduce2/thickness/thickness_cortmapAB1_nTime2_analysnum6matchF1procLONGpredAB1singleT0reproduce2_Yintonly.csv,0,0,0,NA,rh_inferiortemporal,NA
rh_isthmuscingulate_thickness.aparcnative71,convgroup,0.0257885612628463,0.0265786143992585,0.970274856147719,0.333684048909872,convgroup,0.168903172590947,0.95,-0.173207912249278,0.510377238620094,1,analysnum6matchF1procLONGpredAB1singleT0reproduce2,reduced,_Yintonly,level,/cluster/projects/p274/projects/p040-ad_change/Berkeley/results/cortmaps/analysnum6matchF1procLONGpredAB1singleT0reproduce2/thickness/thickness_cortmapAB1_nTime2_analysnum6matchF1procLONGpredAB1singleT0reproduce2_Yintonly.csv,0,0,0,NA,rh_isthmuscingulate,NA
rh_lateraloccipital_thickness.aparcnative71,convgroup,0.0270076679445709,0.015482258299853,1.74442690604299,0.0834123148073516,convgroup,0.303665746790014,0.95,-0.0400455553454858,0.6462403232307,1,analysnum6matchF1procLONGpredAB1singleT0reproduce2,reduced,_Yintonly,level,/cluster/projects/p274/projects/p040-ad_change/Berkeley/results/cortmaps/analysnum6matchF1procLONGpredAB1singleT0reproduce2/thickness/thickness_cortmapAB1_nTime2_analysnum6matchF1procLONGpredAB1singleT0reproduce2_Yintonly.csv,0,0,0,NA,rh_lateraloccipital,NA
rh_lateralorbitofrontal_thickness.aparcnative71,convgroup,0.000225243022647219,0.016091195683034,0.013997904635807,0.988852787442857,convgroup,0.00243672242729268,0.95,-0.338753956327249,0.343618242847479,1,analysnum6matchF1procLONGpredAB1singleT0reproduce2,reduced,_Yintonly,level,/cluster/projects/p274/projects/p040-ad_change/Berkeley/results/cortmaps/analysnum6matchF1procLONGpredAB1singleT0reproduce2/thickness/thickness_cortmapAB1_nTime2_analysnum6matchF1procLONGpredAB1singleT0reproduce2_Yintonly.csv,0,0,0,NA,rh_lateralorbitofrontal,NA
rh_lingual_thickness.aparcnative71,convgroup,-0.00454433165903706,0.0152317381944451,-0.298346229499556,0.765908046222111,convgroup,-0.0519354122945033,0.95,-0.393080506644621,0.289406168510296,1,analysnum6matchF1procLONGpredAB1singleT0reproduce2,reduced,_Yintonly,level,/cluster/projects/p274/projects/p040-ad_change/Berkeley/results/cortmaps/analysnum6matchF1procLONGpredAB1singleT0reproduce2/thickness/thickness_cortmapAB1_nTime2_analysnum6matchF1procLONGpredAB1singleT0reproduce2_Yintonly.csv,0,0,0,NA,rh_lingual,NA
rh_medialorbitofrontal_thickness.aparcnative71,convgroup,0.00560599168731666,0.0170996921363569,0.3278416735584,0.743550792972765,convgroup,0.0570699100576393,0.95,-0.284293288446996,0.398217226795528,1,analysnum6matchF1procLONGpredAB1singleT0reproduce2,reduced,_Yintonly,level,/cluster/projects/p274/projects/p040-ad_change/Berkeley/results/cortmaps/analysnum6matchF1procLONGpredAB1singleT0reproduce2/thickness/thickness_cortmapAB1_nTime2_analysnum6matchF1procLONGpredAB1singleT0reproduce2_Yintonly.csv,0,0,0,NA,rh_medialorbitofrontal,NA
rh_middletemporal_thickness.aparcnative71,convgroup,0.0225903604679652,0.0187470624918663,1.20500801006911,0.230356117183506,convgroup,0.209764969800671,0.95,-0.132751061203357,0.551491331288588,1,analysnum6matchF1procLONGpredAB1singleT0reproduce2,reduced,_Yintonly,level,/cluster/projects/p274/projects/p040-ad_change/Berkeley/results/cortmaps/analysnum6matchF1procLONGpredAB1singleT0reproduce2/thickness/thickness_cortmapAB1_nTime2_analysnum6matchF1procLONGpredAB1singleT0reproduce2_Yintonly.csv,0,0,0,NA,rh_middletemporal,NA
rh_parahippocampal_thickness.aparcnative71,convgroup,-0.0397210076332373,0.0333744246768036,-1.19016306701595,0.236118419012974,convgroup,-0.207180796911181,0.95,-0.548889077667368,0.135307515861048,1,analysnum6matchF1procLONGpredAB1singleT0reproduce2,reduced,_Yintonly,level,/cluster/projects/p274/projects/p040-ad_change/Berkeley/results/cortmaps/analysnum6matchF1procLONGpredAB1singleT0reproduce2/thickness/thickness_cortmapAB1_nTime2_analysnum6matchF1procLONGpredAB1singleT0reproduce2_Yintonly.csv,0,0,0,NA,rh_parahippocampal,NA
rh_paracentral_thickness.aparcnative71,convgroup,0.0411697212029403,0.019965702502205,2.06202217018878,0.0411674035149186,convgroup,0.358951985915144,0.95,0.0143657120001872,0.702200337436959,1,analysnum6matchF1procLONGpredAB1singleT0reproduce2,reduced,_Yintonly,level,/cluster/projects/p274/projects/p040-ad_change/Berkeley/results/cortmaps/analysnum6matchF1procLONGpredAB1singleT0reproduce2/thickness/thickness_cortmapAB1_nTime2_analysnum6matchF1procLONGpredAB1singleT0reproduce2_Yintonly.csv,1,1,0,#aad6e7,rh_paracentral,positive_sigonly
rh_parsopercularis_thickness.aparcnative71,convgroup,0.0441261744235899,0.0171861415144948,2.56754399388448,0.0113560663069172,convgroup,0.44695204001854,0.95,0.100714411023823,0.791537432421041,1,analysnum6matchF1procLONGpredAB1singleT0reproduce2,reduced,_Yintonly,level,/cluster/projects/p274/projects/p040-ad_change/Berkeley/results/cortmaps/analysnum6matchF1procLONGpredAB1singleT0reproduce2/thickness/thickness_cortmapAB1_nTime2_analysnum6matchF1procLONGpredAB1singleT0reproduce2_Yintonly.csv,1,1,0,#aad6e7,rh_parsopercularis,positive_sigonly
rh_parsorbitalis_thickness.aparcnative71,convgroup,0.0158230706141601,0.0205318110186826,0.770661224173655,0.442284950574844,convgroup,0.134154899440098,0.95,-0.207667174821185,0.475470381457418,1,analysnum6matchF1procLONGpredAB1singleT0reproduce2,reduced,_Yintonly,level,/cluster/projects/p274/projects/p040-ad_change/Berkeley/results/cortmaps/analysnum6matchF1procLONGpredAB1singleT0reproduce2/thickness/thickness_cortmapAB1_nTime2_analysnum6matchF1procLONGpredAB1singleT0reproduce2_Yintonly.csv,0,0,0,NA,rh_parsorbitalis,NA
rh_parstriangularis_thickness.aparcnative71,convgroup,0.0531861631393657,0.0170352621303978,3.12212179256461,0.0022066407574254,convgroup,0.54349164325785,0.95,0.19508221100176,0.889913944546413,1,analysnum6matchF1procLONGpredAB1singleT0reproduce2,reduced,_Yintonly,level,/cluster/projects/p274/projects/p040-ad_change/Berkeley/results/cortmaps/analysnum6matchF1procLONGpredAB1singleT0reproduce2/thickness/thickness_cortmapAB1_nTime2_analysnum6matchF1procLONGpredAB1singleT0reproduce2_Yintonly.csv,1,2,1,#aad6e7,rh_parstriangularis,positive_fdrsig
rh_pericalcarine_thickness.aparcnative71,convgroup,-0.00173301508260891,0.019757425125944,-0.0877146223033504,0.930236426145908,convgroup,-0.0152691558436066,0.95,-0.356431199995567,0.325950653009149,1,analysnum6matchF1procLONGpredAB1singleT0reproduce2,reduced,_Yintonly,level,/cluster/projects/p274/projects/p040-ad_change/Berkeley/results/cortmaps/analysnum6matchF1procLONGpredAB1singleT0reproduce2/thickness/thickness_cortmapAB1_nTime2_analysnum6matchF1procLONGpredAB1singleT0reproduce2_Yintonly.csv,0,0,0,NA,rh_pericalcarine,NA
rh_postcentral_thickness.aparcnative71,convgroup,0.00334150955410941,0.0162637189766313,0.205457900429212,0.837530899656536,convgroup,0.0357656297042964,0.95,-0.305515207329732,0.376911133241661,1,analysnum6matchF1procLONGpredAB1singleT0reproduce2,reduced,_Yintonly,level,/cluster/projects/p274/projects/p040-ad_change/Berkeley/results/cortmaps/analysnum6matchF1procLONGpredAB1singleT0reproduce2/thickness/thickness_cortmapAB1_nTime2_analysnum6matchF1procLONGpredAB1singleT0reproduce2_Yintonly.csv,0,0,0,NA,rh_postcentral,NA
rh_posteriorcingulate_thickness.aparcnative71,convgroup,0.0274408421738124,0.0188494304974286,1.45579157829494,0.147824524210545,convgroup,0.25342078550963,0.95,-0.0896051730796062,0.595494996428401,1,analysnum6matchF1procLONGpredAB1singleT0reproduce2,reduced,_Yintonly,level,/cluster/projects/p274/projects/p040-ad_change/Berkeley/results/cortmaps/analysnum6matchF1procLONGpredAB1singleT0reproduce2/thickness/thickness_cortmapAB1_nTime2_analysnum6matchF1procLONGpredAB1singleT0reproduce2_Yintonly.csv,0,0,0,NA,rh_posteriorcingulate,NA
rh_precentral_thickness.aparcnative71,convgroup,0.0457051109799766,0.0200435534962568,2.28028981929338,0.0241935740942388,convgroup,0.396947506642233,0.95,0.0516869899426862,0.740733490956872,1,analysnum6matchF1procLONGpredAB1singleT0reproduce2,reduced,_Yintonly,level,/cluster/projects/p274/projects/p040-ad_change/Berkeley/results/cortmaps/analysnum6matchF1procLONGpredAB1singleT0reproduce2/thickness/thickness_cortmapAB1_nTime2_analysnum6matchF1procLONGpredAB1singleT0reproduce2_Yintonly.csv,1,1,0,#aad6e7,rh_precentral,positive_sigonly
rh_precuneus_thickness.aparcnative71,convgroup,0.0292922646241992,0.0158863638629958,1.84386212457526,0.0674456275555413,convgroup,0.320975196551554,0.95,-0.0229964666196554,0.663746870701392,1,analysnum6matchF1procLONGpredAB1singleT0reproduce2,reduced,_Yintonly,level,/cluster/projects/p274/projects/p040-ad_change/Berkeley/results/cortmaps/analysnum6matchF1procLONGpredAB1singleT0reproduce2/thickness/thickness_cortmapAB1_nTime2_analysnum6matchF1procLONGpredAB1singleT0reproduce2_Yintonly.csv,0,0,0,NA,rh_precuneus,NA
rh_rostralanteriorcingulate_thickness.aparcnative71,convgroup,-0.0279535543266513,0.0287048139718078,-0.973828095667356,0.331923106838135,convgroup,-0.169521712197574,0.95,-0.510999078411812,0.172594994779928,1,analysnum6matchF1procLONGpredAB1singleT0reproduce2,reduced,_Yintonly,level,/cluster/projects/p274/projects/p040-ad_change/Berkeley/results/cortmaps/analysnum6matchF1procLONGpredAB1singleT0reproduce2/thickness/thickness_cortmapAB1_nTime2_analysnum6matchF1procLONGpredAB1singleT0reproduce2_Yintonly.csv,0,0,0,NA,rh_rostralanteriorcingulate,NA
rh_rostralmiddlefrontal_thickness.aparcnative71,convgroup,0.0374868318131995,0.0138633606755797,2.70402196772047,0.00775314211602893,convgroup,0.470709805793493,0.95,0.123972419614908,0.815711498442388,1,analysnum6matchF1procLONGpredAB1singleT0reproduce2,reduced,_Yintonly,level,/cluster/projects/p274/projects/p040-ad_change/Berkeley/results/cortmaps/analysnum6matchF1procLONGpredAB1singleT0reproduce2/thickness/thickness_cortmapAB1_nTime2_analysnum6matchF1procLONGpredAB1singleT0reproduce2_Yintonly.csv,1,1,0,#aad6e7,rh_rostralmiddlefrontal,positive_sigonly
rh_superiorfrontal_thickness.aparcnative71,convgroup,0.0561498258336897,0.0183675108484799,3.05701879241501,0.00270655048299006,convgroup,0.532158665596123,0.95,0.184023481678091,0.878345419140191,1,analysnum6matchF1procLONGpredAB1singleT0reproduce2,reduced,_Yintonly,level,/cluster/projects/p274/projects/p040-ad_change/Berkeley/results/cortmaps/analysnum6matchF1procLONGpredAB1singleT0reproduce2/thickness/thickness_cortmapAB1_nTime2_analysnum6matchF1procLONGpredAB1singleT0reproduce2_Yintonly.csv,1,2,1,#aad6e7,rh_superiorfrontal,positive_fdrsig
rh_superiorparietal_thickness.aparcnative71,convgroup,0.0323739503532235,0.0171591443218264,1.88668792254658,0.0613987736028028,convgroup,0.328430211076834,0.95,-0.0156574226430751,0.671290682474985,1,analysnum6matchF1procLONGpredAB1singleT0reproduce2,reduced,_Yintonly,level,/cluster/projects/p274/projects/p040-ad_change/Berkeley/results/cortmaps/analysnum6matchF1procLONGpredAB1singleT0reproduce2/thickness/thickness_cortmapAB1_nTime2_analysnum6matchF1procLONGpredAB1singleT0reproduce2_Yintonly.csv,0,0,0,NA,rh_superiorparietal,NA
rh_superiortemporal_thickness.aparcnative71,convgroup,0.0262424917287255,0.018089515974102,1.45070170845344,0.149235141299613,convgroup,0.252534752898501,0.95,-0.0904799118243268,0.59460117833566,1,analysnum6matchF1procLONGpredAB1singleT0reproduce2,reduced,_Yintonly,level,/cluster/projects/p274/projects/p040-ad_change/Berkeley/results/cortmaps/analysnum6matchF1procLONGpredAB1singleT0reproduce2/thickness/thickness_cortmapAB1_nTime2_analysnum6matchF1procLONGpredAB1singleT0reproduce2_Yintonly.csv,0,0,0,NA,rh_superiortemporal,NA
rh_supramarginal_thickness.aparcnative71,convgroup,0.02978986981613,0.0163144213597373,1.82598384332828,0.0701126947030672,convgroup,0.317862987259563,0.95,-0.0260609528241416,0.660598335934773,1,analysnum6matchF1procLONGpredAB1singleT0reproduce2,reduced,_Yintonly,level,/cluster/projects/p274/projects/p040-ad_change/Berkeley/results/cortmaps/analysnum6matchF1procLONGpredAB1singleT0reproduce2/thickness/thickness_cortmapAB1_nTime2_analysnum6matchF1procLONGpredAB1singleT0reproduce2_Yintonly.csv,0,0,0,NA,rh_supramarginal,NA
rh_frontalpole_thickness.aparcnative71,convgroup,0.0684962432075494,0.0318411882269659,2.15118364048804,0.0332827348846308,convgroup,0.374473005666403,0.95,0.0296184599409979,0.717933641511735,1,analysnum6matchF1procLONGpredAB1singleT0reproduce2,reduced,_Yintonly,level,/cluster/projects/p274/projects/p040-ad_change/Berkeley/results/cortmaps/analysnum6matchF1procLONGpredAB1singleT0reproduce2/thickness/thickness_cortmapAB1_nTime2_analysnum6matchF1procLONGpredAB1singleT0reproduce2_Yintonly.csv,1,1,0,#aad6e7,rh_frontalpole,positive_sigonly
rh_temporalpole_thickness.aparcnative71,convgroup,0.00938741644689322,0.041074552369598,0.228545800388112,0.819575640522041,convgroup,0.0397847172100814,0.95,-0.301510177032799,0.380929084779601,1,analysnum6matchF1procLONGpredAB1singleT0reproduce2,reduced,_Yintonly,level,/cluster/projects/p274/projects/p040-ad_change/Berkeley/results/cortmaps/analysnum6matchF1procLONGpredAB1singleT0reproduce2/thickness/thickness_cortmapAB1_nTime2_analysnum6matchF1procLONGpredAB1singleT0reproduce2_Yintonly.csv,0,0,0,NA,rh_temporalpole,NA
rh_transversetemporal_thickness.aparcnative71,convgroup,-0.00657729005582775,0.0291182048048678,-0.225882402431904,0.821642258792697,convgroup,-0.0393210791369875,0.95,-0.380465547782567,0.301972160655774,1,analysnum6matchF1procLONGpredAB1singleT0reproduce2,reduced,_Yintonly,level,/cluster/projects/p274/projects/p040-ad_change/Berkeley/results/cortmaps/analysnum6matchF1procLONGpredAB1singleT0reproduce2/thickness/thickness_cortmapAB1_nTime2_analysnum6matchF1procLONGpredAB1singleT0reproduce2_Yintonly.csv,0,0,0,NA,rh_transversetemporal,NA
rh_insula_thickness.aparcnative71,convgroup,0.0349016809818096,0.0220060780509057,1.58600187189526,0.115131604986653,convgroup,0.276087488200876,0.95,-0.0672346349474452,0.618374204255167,1,analysnum6matchF1procLONGpredAB1singleT0reproduce2,reduced,_Yintonly,level,/cluster/projects/p274/projects/p040-ad_change/Berkeley/results/cortmaps/analysnum6matchF1procLONGpredAB1singleT0reproduce2/thickness/thickness_cortmapAB1_nTime2_analysnum6matchF1procLONGpredAB1singleT0reproduce2_Yintonly.csv,0,0,0,NA,rh_insula,NA
rh_MeanThickness_thickness.aparcnative71,convgroup,0.0256478396591504,0.0113608725743557,2.25755895872329,0.0256153548095988,convgroup,0.392990571716337,0.95,0.047803022628895,0.73671771386589,1,analysnum6matchF1procLONGpredAB1singleT0reproduce2,reduced,_Yintonly,level,/cluster/projects/p274/projects/p040-ad_change/Berkeley/results/cortmaps/analysnum6matchF1procLONGpredAB1singleT0reproduce2/thickness/thickness_cortmapAB1_nTime2_analysnum6matchF1procLONGpredAB1singleT0reproduce2_Yintonly.csv,1,1,0,#aad6e7,rh_MeanThickness,positive_sigonly
lh_bankssts_thickness.aparcnative71,convgroup,-0.010013155151533,0.0208537293088037,-0.480161366020314,0.631986770504519,convgroup,-0.0876650704706068,0.95,-0.44549311022171,0.27052744463882,2,analysnum6matchF1procLONGpredAB1singleT0reproduce2,reduced,_Yintonly,level,/cluster/projects/p274/projects/p040-ad_change/Berkeley/results/cortmaps/analysnum6matchF1procLONGpredAB1singleT0reproduce2/thickness/thickness_cortmapAB2_nTime2_analysnum6matchF1procLONGpredAB1singleT0reproduce2_Yintonly.csv,0,0,0,NA,lh_bankssts,NA
lh_caudalanteriorcingulate_thickness.aparcnative71,convgroup,0.0889573523750332,0.0353489807886686,2.51654645736064,0.0131709727114935,convgroup,0.459456420568711,0.95,0.0960039644674236,0.821043160381591,2,analysnum6matchF1procLONGpredAB1singleT0reproduce2,reduced,_Yintonly,level,/cluster/projects/p274/projects/p040-ad_change/Berkeley/results/cortmaps/analysnum6matchF1procLONGpredAB1singleT0reproduce2/thickness/thickness_cortmapAB2_nTime2_analysnum6matchF1procLONGpredAB1singleT0reproduce2_Yintonly.csv,1,1,0,#aad6e7,lh_caudalanteriorcingulate,positive_sigonly
lh_caudalmiddlefrontal_thickness.aparcnative71,convgroup,0.0545656470842889,0.0186382477071625,2.92761679861781,0.00408764641064508,convgroup,0.534507253444678,0.95,0.169272061787512,0.897590560291389,2,analysnum6matchF1procLONGpredAB1singleT0reproduce2,reduced,_Yintonly,level,/cluster/projects/p274/projects/p040-ad_change/Berkeley/results/cortmaps/analysnum6matchF1procLONGpredAB1singleT0reproduce2/thickness/thickness_cortmapAB2_nTime2_analysnum6matchF1procLONGpredAB1singleT0reproduce2_Yintonly.csv,1,1,0,#aad6e7,lh_caudalmiddlefrontal,positive_sigonly
lh_cuneus_thickness.aparcnative71,convgroup,-0.007670879041218,0.019168874987536,-0.400173669357527,0.689740087935998,convgroup,-0.0730613818755772,0.95,-0.430867373387991,0.285048524909757,2,analysnum6matchF1procLONGpredAB1singleT0reproduce2,reduced,_Yintonly,level,/cluster/projects/p274/projects/p040-ad_change/Berkeley/results/cortmaps/analysnum6matchF1procLONGpredAB1singleT0reproduce2/thickness/thickness_cortmapAB2_nTime2_analysnum6matchF1procLONGpredAB1singleT0reproduce2_Yintonly.csv,0,0,0,NA,lh_cuneus,NA
lh_entorhinal_thickness.aparcnative71,convgroup,0.0814796596683156,0.0458051790819358,1.77883071961285,0.0777995137351582,convgroup,0.324768570371703,0.95,-0.0360840931177984,0.68428616835547,2,analysnum6matchF1procLONGpredAB1singleT0reproduce2,reduced,_Yintonly,level,/cluster/projects/p274/projects/p040-ad_change/Berkeley/results/cortmaps/analysnum6matchF1procLONGpredAB1singleT0reproduce2/thickness/thickness_cortmapAB2_nTime2_analysnum6matchF1procLONGpredAB1singleT0reproduce2_Yintonly.csv,0,0,0,NA,lh_entorhinal,NA
lh_fusiform_thickness.aparcnative71,convgroup,0.00372964559644734,0.0174827471424762,0.213332925658221,0.831429311807598,convgroup,0.03894908521386,0.95,-0.319004642449814,0.396740707878309,2,analysnum6matchF1procLONGpredAB1singleT0reproduce2,reduced,_Yintonly,level,/cluster/projects/p274/projects/p040-ad_change/Berkeley/results/cortmaps/analysnum6matchF1procLONGpredAB1singleT0reproduce2/thickness/thickness_cortmapAB2_nTime2_analysnum6matchF1procLONGpredAB1singleT0reproduce2_Yintonly.csv,0,0,0,NA,lh_fusiform,NA
lh_inferiorparietal_thickness.aparcnative71,convgroup,0.0085823693322595,0.0180950459498243,0.474293867838607,0.636152283140204,convgroup,0.0865938167671931,0.95,-0.271592354216268,0.444419884919594,2,analysnum6matchF1procLONGpredAB1singleT0reproduce2,reduced,_Yintonly,level,/cluster/projects/p274/projects/p040-ad_change/Berkeley/results/cortmaps/analysnum6matchF1procLONGpredAB1singleT0reproduce2/thickness/thickness_cortmapAB2_nTime2_analysnum6matchF1procLONGpredAB1singleT0reproduce2_Yintonly.csv,0,0,0,NA,lh_inferiorparietal,NA
lh_inferiortemporal_thickness.aparcnative71,convgroup,0.0126349730698448,0.0198357057468338,0.636981271607219,0.525350376749772,convgroup,0.116296337055866,0.95,-0.24208590307981,0.474195245810268,2,analysnum6matchF1procLONGpredAB1singleT0reproduce2,reduced,_Yintonly,level,/cluster/projects/p274/projects/p040-ad_change/Berkeley/results/cortmaps/analysnum6matchF1procLONGpredAB1singleT0reproduce2/thickness/thickness_cortmapAB2_nTime2_analysnum6matchF1procLONGpredAB1singleT0reproduce2_Yintonly.csv,0,0,0,NA,lh_inferiortemporal,NA
lh_isthmuscingulate_thickness.aparcnative71,convgroup,0.0573739860900638,0.0266006194646785,2.15686654088066,0.0330102652868781,convgroup,0.393788152656159,0.95,0.031700324698125,0.754266549072142,2,analysnum6matchF1procLONGpredAB1singleT0reproduce2,reduced,_Yintonly,level,/cluster/projects/p274/projects/p040-ad_change/Berkeley/results/cortmaps/analysnum6matchF1procLONGpredAB1singleT0reproduce2/thickness/thickness_cortmapAB2_nTime2_analysnum6matchF1procLONGpredAB1singleT0reproduce2_Yintonly.csv,1,1,0,#aad6e7,lh_isthmuscingulate,positive_sigonly
lh_lateraloccipital_thickness.aparcnative71,convgroup,0.0116614453987494,0.0169986351484451,0.686022453974263,0.494022269370568,convgroup,0.125249990998918,0.95,-0.233198966208769,0.483178567745905,2,analysnum6matchF1procLONGpredAB1singleT0reproduce2,reduced,_Yintonly,level,/cluster/projects/p274/projects/p040-ad_change/Berkeley/results/cortmaps/analysnum6matchF1procLONGpredAB1singleT0reproduce2/thickness/thickness_cortmapAB2_nTime2_analysnum6matchF1procLONGpredAB1singleT0reproduce2_Yintonly.csv,0,0,0,NA,lh_lateraloccipital,NA
lh_lateralorbitofrontal_thickness.aparcnative71,convgroup,0.014581695220773,0.015975853716472,0.912733396259034,0.363212872583911,convgroup,0.166641556706458,0.95,-0.192162154199035,0.524753959684696,2,analysnum6matchF1procLONGpredAB1singleT0reproduce2,reduced,_Yintonly,level,/cluster/projects/p274/projects/p040-ad_change/Berkeley/results/cortmaps/analysnum6matchF1procLONGpredAB1singleT0reproduce2/thickness/thickness_cortmapAB2_nTime2_analysnum6matchF1procLONGpredAB1singleT0reproduce2_Yintonly.csv,0,0,0,NA,lh_lateralorbitofrontal,NA
lh_lingual_thickness.aparcnative71,convgroup,-0.0162358080234786,0.0196317761644465,-0.827016765445906,0.409869054235134,convgroup,-0.150991912623227,0.95,-0.509025824812002,0.207668764204148,2,analysnum6matchF1procLONGpredAB1singleT0reproduce2,reduced,_Yintonly,level,/cluster/projects/p274/projects/p040-ad_change/Berkeley/results/cortmaps/analysnum6matchF1procLONGpredAB1singleT0reproduce2/thickness/thickness_cortmapAB2_nTime2_analysnum6matchF1procLONGpredAB1singleT0reproduce2_Yintonly.csv,0,0,0,NA,lh_lingual,NA
lh_medialorbitofrontal_thickness.aparcnative71,convgroup,0.0318204862941891,0.0204228762085652,1.55808055482625,0.121847634419354,convgroup,0.284465288762834,0.95,-0.0757613840062804,0.643519201889027,2,analysnum6matchF1procLONGpredAB1singleT0reproduce2,reduced,_Yintonly,level,/cluster/projects/p274/projects/p040-ad_change/Berkeley/results/cortmaps/analysnum6matchF1procLONGpredAB1singleT0reproduce2/thickness/thickness_cortmapAB2_nTime2_analysnum6matchF1procLONGpredAB1singleT0reproduce2_Yintonly.csv,0,0,0,NA,lh_medialorbitofrontal,NA
lh_middletemporal_thickness.aparcnative71,convgroup,0.00395204659754686,0.0179111278583676,0.22064755658034,0.825741839786746,convgroup,0.0402845479991498,0.95,-0.317674324815717,0.398075775350458,2,analysnum6matchF1procLONGpredAB1singleT0reproduce2,reduced,_Yintonly,level,/cluster/projects/p274/projects/p040-ad_change/Berkeley/results/cortmaps/analysnum6matchF1procLONGpredAB1singleT0reproduce2/thickness/thickness_cortmapAB2_nTime2_analysnum6matchF1procLONGpredAB1singleT0reproduce2_Yintonly.csv,0,0,0,NA,lh_middletemporal,NA
lh_parahippocampal_thickness.aparcnative71,convgroup,-0.0620943882350589,0.0453778966008533,-1.36838401262282,0.173748452612042,convgroup,-0.249831597014317,0.95,-0.608544619800012,0.109913653592963,2,analysnum6matchF1procLONGpredAB1singleT0reproduce2,reduced,_Yintonly,level,/cluster/projects/p274/projects/p040-ad_change/Berkeley/results/cortmaps/analysnum6matchF1procLONGpredAB1singleT0reproduce2/thickness/thickness_cortmapAB2_nTime2_analysnum6matchF1procLONGpredAB1singleT0reproduce2_Yintonly.csv,0,0,0,NA,lh_parahippocampal,NA
lh_paracentral_thickness.aparcnative71,convgroup,0.0534444054800766,0.0234553376472417,2.27856048307032,0.0244615907419014,convgroup,0.416006325072494,0.95,0.0534773618183975,0.776838594052469,2,analysnum6matchF1procLONGpredAB1singleT0reproduce2,reduced,_Yintonly,level,/cluster/projects/p274/projects/p040-ad_change/Berkeley/results/cortmaps/analysnum6matchF1procLONGpredAB1singleT0reproduce2/thickness/thickness_cortmapAB2_nTime2_analysnum6matchF1procLONGpredAB1singleT0reproduce2_Yintonly.csv,1,1,0,#aad6e7,lh_paracentral,positive_sigonly
lh_parsopercularis_thickness.aparcnative71,convgroup,0.0239702184584337,0.0163894923996578,1.46253574387296,0.146208584969528,convgroup,0.267021272692273,0.95,-0.0929563555298147,0.625896807387807,2,analysnum6matchF1procLONGpredAB1singleT0reproduce2,reduced,_Yintonly,level,/cluster/projects/p274/projects/p040-ad_change/Berkeley/results/cortmaps/analysnum6matchF1procLONGpredAB1singleT0reproduce2/thickness/thickness_cortmapAB2_nTime2_analysnum6matchF1procLONGpredAB1singleT0reproduce2_Yintonly.csv,0,0,0,NA,lh_parsopercularis,NA
lh_parsorbitalis_thickness.aparcnative71,convgroup,0.046624940326601,0.0239695848154891,1.94517096084501,0.0540934043046639,convgroup,0.355138004486271,0.95,-0.00623285775842296,0.715052507720296,2,analysnum6matchF1procLONGpredAB1singleT0reproduce2,reduced,_Yintonly,level,/cluster/projects/p274/projects/p040-ad_change/Berkeley/results/cortmaps/analysnum6matchF1procLONGpredAB1singleT0reproduce2/thickness/thickness_cortmapAB2_nTime2_analysnum6matchF1procLONGpredAB1singleT0reproduce2_Yintonly.csv,0,0,0,NA,lh_parsorbitalis,NA
lh_parstriangularis_thickness.aparcnative71,convgroup,0.0238267028256601,0.0178476958425717,1.33500161790223,0.184402986952662,convgroup,0.243736833476982,0.95,-0.115929117149469,0.602395394283757,2,analysnum6matchF1procLONGpredAB1singleT0reproduce2,reduced,_Yintonly,level,/cluster/projects/p274/projects/p040-ad_change/Berkeley/results/cortmaps/analysnum6matchF1procLONGpredAB1singleT0reproduce2/thickness/thickness_cortmapAB2_nTime2_analysnum6matchF1procLONGpredAB1singleT0reproduce2_Yintonly.csv,0,0,0,NA,lh_parstriangularis,NA
lh_pericalcarine_thickness.aparcnative71,convgroup,0.00507501080974505,0.0178147705419738,0.284876574625965,0.776229763886693,convgroup,0.0520111086758149,0.95,-0.305996298331935,0.409802106791564,2,analysnum6matchF1procLONGpredAB1singleT0reproduce2,reduced,_Yintonly,level,/cluster/projects/p274/projects/p040-ad_change/Berkeley/results/cortmaps/analysnum6matchF1procLONGpredAB1singleT0reproduce2/thickness/thickness_cortmapAB2_nTime2_analysnum6matchF1procLONGpredAB1singleT0reproduce2_Yintonly.csv,0,0,0,NA,lh_pericalcarine,NA
lh_postcentral_thickness.aparcnative71,convgroup,0.0128151591480507,0.01760507966543,0.727923951018244,0.468078119784219,convgroup,0.132900122706993,0.95,-0.22560868710809,0.490856935568207,2,analysnum6matchF1procLONGpredAB1singleT0reproduce2,reduced,_Yintonly,level,/cluster/projects/p274/projects/p040-ad_change/Berkeley/results/cortmaps/analysnum6matchF1procLONGpredAB1singleT0reproduce2/thickness/thickness_cortmapAB2_nTime2_analysnum6matchF1procLONGpredAB1singleT0reproduce2_Yintonly.csv,0,0,0,NA,lh_postcentral,NA
lh_posteriorcingulate_thickness.aparcnative71,convgroup,0.0591475872631912,0.0213806953172312,2.76640148440462,0.00656546593536737,convgroup,0.505073498708062,0.95,0.140565658760378,0.867540813059333,2,analysnum6matchF1procLONGpredAB1singleT0reproduce2,reduced,_Yintonly,level,/cluster/projects/p274/projects/p040-ad_change/Berkeley/results/cortmaps/analysnum6matchF1procLONGpredAB1singleT0reproduce2/thickness/thickness_cortmapAB2_nTime2_analysnum6matchF1procLONGpredAB1singleT0reproduce2_Yintonly.csv,1,1,0,#aad6e7,lh_posteriorcingulate,positive_sigonly
lh_precentral_thickness.aparcnative71,convgroup,0.0623876862789489,0.0227013693391625,2.74819044379508,0.00691812381501378,convgroup,0.501748632795566,0.95,0.137320665080214,0.864148727497573,2,analysnum6matchF1procLONGpredAB1singleT0reproduce2,reduced,_Yintonly,level,/cluster/projects/p274/projects/p040-ad_change/Berkeley/results/cortmaps/analysnum6matchF1procLONGpredAB1singleT0reproduce2/thickness/thickness_cortmapAB2_nTime2_analysnum6matchF1procLONGpredAB1singleT0reproduce2_Yintonly.csv,1,1,0,#aad6e7,lh_precentral,positive_sigonly
lh_precuneus_thickness.aparcnative71,convgroup,0.0250703865726774,0.0174661571803502,1.43536934391511,0.153783282752629,convgroup,0.262061389337898,0.95,-0.0978478754951389,0.620888696616631,2,analysnum6matchF1procLONGpredAB1singleT0reproduce2,reduced,_Yintonly,level,/cluster/projects/p274/projects/p040-ad_change/Berkeley/results/cortmaps/analysnum6matchF1procLONGpredAB1singleT0reproduce2/thickness/thickness_cortmapAB2_nTime2_analysnum6matchF1procLONGpredAB1singleT0reproduce2_Yintonly.csv,0,0,0,NA,lh_precuneus,NA
lh_rostralanteriorcingulate_thickness.aparcnative71,convgroup,0.00286880781137644,0.0319849735569109,0.0896923615169468,0.928681215786959,convgroup,0.01637550987958,0.95,-0.341503394008135,0.374186246974246,2,analysnum6matchF1procLONGpredAB1singleT0reproduce2,reduced,_Yintonly,level,/cluster/projects/p274/projects/p040-ad_change/Berkeley/results/cortmaps/analysnum6matchF1procLONGpredAB1singleT0reproduce2/thickness/thickness_cortmapAB2_nTime2_analysnum6matchF1procLONGpredAB1singleT0reproduce2_Yintonly.csv,0,0,0,NA,lh_rostralanteriorcingulate,NA
lh_rostralmiddlefrontal_thickness.aparcnative71,convgroup,0.0467936660010056,0.0153363978632855,3.05115102112909,0.00280675732102457,convgroup,0.557061413542442,0.95,0.191244426236115,0.92064202721815,2,analysnum6matchF1procLONGpredAB1singleT0reproduce2,reduced,_Yintonly,level,/cluster/projects/p274/projects/p040-ad_change/Berkeley/results/cortmaps/analysnum6matchF1procLONGpredAB1singleT0reproduce2/thickness/thickness_cortmapAB2_nTime2_analysnum6matchF1procLONGpredAB1singleT0reproduce2_Yintonly.csv,1,1,0,#aad6e7,lh_rostralmiddlefrontal,positive_sigonly
lh_superiorfrontal_thickness.aparcnative71,convgroup,0.0809813119456584,0.0191046837385396,4.23881981266699,4.43747968808069e-05,convgroup,0.773899076199178,0.95,0.401430273305368,1.1433599294,2,analysnum6matchF1procLONGpredAB1singleT0reproduce2,reduced,_Yintonly,level,/cluster/projects/p274/projects/p040-ad_change/Berkeley/results/cortmaps/analysnum6matchF1procLONGpredAB1singleT0reproduce2/thickness/thickness_cortmapAB2_nTime2_analysnum6matchF1procLONGpredAB1singleT0reproduce2_Yintonly.csv,1,2,1,#aad6e7,lh_superiorfrontal,positive_fdrsig
lh_superiorparietal_thickness.aparcnative71,convgroup,0.0272592239848484,0.0185483372522784,1.46963167717365,0.144278461951806,convgroup,0.268316806937386,0.95,-0.0916788892232757,0.627205149805764,2,analysnum6matchF1procLONGpredAB1singleT0reproduce2,reduced,_Yintonly,level,/cluster/projects/p274/projects/p040-ad_change/Berkeley/results/cortmaps/analysnum6matchF1procLONGpredAB1singleT0reproduce2/thickness/thickness_cortmapAB2_nTime2_analysnum6matchF1procLONGpredAB1singleT0reproduce2_Yintonly.csv,0,0,0,NA,lh_superiorparietal,NA
lh_superiortemporal_thickness.aparcnative71,convgroup,-0.000422131291164674,0.0198127864417716,-0.0213060031916908,0.983036941920013,convgroup,-0.00388992618612203,0.95,-0.361721001240816,0.353957330408126,2,analysnum6matchF1procLONGpredAB1singleT0reproduce2,reduced,_Yintonly,level,/cluster/projects/p274/projects/p040-ad_change/Berkeley/results/cortmaps/analysnum6matchF1procLONGpredAB1singleT0reproduce2/thickness/thickness_cortmapAB2_nTime2_analysnum6matchF1procLONGpredAB1singleT0reproduce2_Yintonly.csv,0,0,0,NA,lh_superiortemporal,NA
lh_supramarginal_thickness.aparcnative71,convgroup,0.0317345433796665,0.0178857656943953,1.77429045655065,0.0785511097315221,convgroup,0.323939635539643,0.95,-0.0368994413349758,0.683446988400712,2,analysnum6matchF1procLONGpredAB1singleT0reproduce2,reduced,_Yintonly,level,/cluster/projects/p274/projects/p040-ad_change/Berkeley/results/cortmaps/analysnum6matchF1procLONGpredAB1singleT0reproduce2/thickness/thickness_cortmapAB2_nTime2_analysnum6matchF1procLONGpredAB1singleT0reproduce2_Yintonly.csv,0,0,0,NA,lh_supramarginal,NA
lh_frontalpole_thickness.aparcnative71,convgroup,0.0550680979242201,0.0324846550206892,1.69520340878325,0.0926301741660659,convgroup,0.309500382183412,0.95,-0.0511068229259829,0.668833852436582,2,analysnum6matchF1procLONGpredAB1singleT0reproduce2,reduced,_Yintonly,level,/cluster/projects/p274/projects/p040-ad_change/Berkeley/results/cortmaps/analysnum6matchF1procLONGpredAB1singleT0reproduce2/thickness/thickness_cortmapAB2_nTime2_analysnum6matchF1procLONGpredAB1singleT0reproduce2_Yintonly.csv,0,0,0,NA,lh_frontalpole,NA
lh_temporalpole_thickness.aparcnative71,convgroup,0.049471737836791,0.0417032354137415,1.18628056902486,0.237854944041494,convgroup,0.21658420906166,0.95,-0.142748245281401,0.575020170380698,2,analysnum6matchF1procLONGpredAB1singleT0reproduce2,reduced,_Yintonly,level,/cluster/projects/p274/projects/p040-ad_change/Berkeley/results/cortmaps/analysnum6matchF1procLONGpredAB1singleT0reproduce2/thickness/thickness_cortmapAB2_nTime2_analysnum6matchF1procLONGpredAB1singleT0reproduce2_Yintonly.csv,0,0,0,NA,lh_temporalpole,NA
lh_transversetemporal_thickness.aparcnative71,convgroup,0.0138527137783772,0.0287437241061568,0.481938726075164,0.630727291741571,convgroup,0.0879895705355568,0.95,-0.270204941437068,0.445818197558264,2,analysnum6matchF1procLONGpredAB1singleT0reproduce2,reduced,_Yintonly,level,/cluster/projects/p274/projects/p040-ad_change/Berkeley/results/cortmaps/analysnum6matchF1procLONGpredAB1singleT0reproduce2/thickness/thickness_cortmapAB2_nTime2_analysnum6matchF1procLONGpredAB1singleT0reproduce2_Yintonly.csv,0,0,0,NA,lh_transversetemporal,NA
lh_insula_thickness.aparcnative71,convgroup,0.0412531454161453,0.024878318642404,1.65819668158085,0.0998895933767075,convgroup,0.302743909094014,0.95,-0.0577579200902934,0.661999191567917,2,analysnum6matchF1procLONGpredAB1singleT0reproduce2,reduced,_Yintonly,level,/cluster/projects/p274/projects/p040-ad_change/Berkeley/results/cortmaps/analysnum6matchF1procLONGpredAB1singleT0reproduce2/thickness/thickness_cortmapAB2_nTime2_analysnum6matchF1procLONGpredAB1singleT0reproduce2_Yintonly.csv,0,0,0,NA,lh_insula,NA
lh_MeanThickness_thickness.aparcnative71,convgroup,0.0292920572128636,0.0124763009921373,2.34781584953135,0.0205205435671318,convgroup,0.428650567218825,0.95,0.0658611632398041,0.789693870211164,2,analysnum6matchF1procLONGpredAB1singleT0reproduce2,reduced,_Yintonly,level,/cluster/projects/p274/projects/p040-ad_change/Berkeley/results/cortmaps/analysnum6matchF1procLONGpredAB1singleT0reproduce2/thickness/thickness_cortmapAB2_nTime2_analysnum6matchF1procLONGpredAB1singleT0reproduce2_Yintonly.csv,1,1,0,#aad6e7,lh_MeanThickness,positive_sigonly
rh_bankssts_thickness.aparcnative71,convgroup,-0.0318164053537455,0.0257552183780435,-1.2353382093964,0.219117759125599,convgroup,-0.225540867811483,0.95,-0.584046626940612,0.133898022973956,2,analysnum6matchF1procLONGpredAB1singleT0reproduce2,reduced,_Yintonly,level,/cluster/projects/p274/projects/p040-ad_change/Berkeley/results/cortmaps/analysnum6matchF1procLONGpredAB1singleT0reproduce2/thickness/thickness_cortmapAB2_nTime2_analysnum6matchF1procLONGpredAB1singleT0reproduce2_Yintonly.csv,0,0,0,NA,rh_bankssts,NA
rh_caudalanteriorcingulate_thickness.aparcnative71,convgroup,0.0101980812300839,0.0328773476119623,0.310185643636696,0.756957848098088,convgroup,0.0566318913446924,0.95,-0.301396319157248,0.414424489298755,2,analysnum6matchF1procLONGpredAB1singleT0reproduce2,reduced,_Yintonly,level,/cluster/projects/p274/projects/p040-ad_change/Berkeley/results/cortmaps/analysnum6matchF1procLONGpredAB1singleT0reproduce2/thickness/thickness_cortmapAB2_nTime2_analysnum6matchF1procLONGpredAB1singleT0reproduce2_Yintonly.csv,0,0,0,NA,rh_caudalanteriorcingulate,NA
rh_caudalmiddlefrontal_thickness.aparcnative71,convgroup,0.0488392114426833,0.018022866851397,2.7098469874618,0.00771757951001996,convgroup,0.494748107473415,0.95,0.130486828756216,0.857008202979591,2,analysnum6matchF1procLONGpredAB1singleT0reproduce2,reduced,_Yintonly,level,/cluster/projects/p274/projects/p040-ad_change/Berkeley/results/cortmaps/analysnum6matchF1procLONGpredAB1singleT0reproduce2/thickness/thickness_cortmapAB2_nTime2_analysnum6matchF1procLONGpredAB1singleT0reproduce2_Yintonly.csv,1,1,0,#aad6e7,rh_caudalmiddlefrontal,positive_sigonly
rh_cuneus_thickness.aparcnative71,convgroup,-0.00308719844177095,0.0177353147393912,-0.174070688179787,0.862103228952269,convgroup,-0.0317808141721724,0.95,-0.389576051994471,0.326146692406803,2,analysnum6matchF1procLONGpredAB1singleT0reproduce2,reduced,_Yintonly,level,/cluster/projects/p274/projects/p040-ad_change/Berkeley/results/cortmaps/analysnum6matchF1procLONGpredAB1singleT0reproduce2/thickness/thickness_cortmapAB2_nTime2_analysnum6matchF1procLONGpredAB1singleT0reproduce2_Yintonly.csv,0,0,0,NA,rh_cuneus,NA
rh_entorhinal_thickness.aparcnative71,convgroup,0.0321640560274212,0.0497713497576288,0.646236362567024,0.519360289234585,convgroup,0.117986077752682,0.95,-0.240408430657869,0.4758903181627,2,analysnum6matchF1procLONGpredAB1singleT0reproduce2,reduced,_Yintonly,level,/cluster/projects/p274/projects/p040-ad_change/Berkeley/results/cortmaps/analysnum6matchF1procLONGpredAB1singleT0reproduce2/thickness/thickness_cortmapAB2_nTime2_analysnum6matchF1procLONGpredAB1singleT0reproduce2_Yintonly.csv,0,0,0,NA,rh_entorhinal,NA
rh_fusiform_thickness.aparcnative71,convgroup,0.00568674197454855,0.0212039756574235,0.268192251605308,0.789011817317035,convgroup,0.0489649819841094,0.95,-0.309029230367276,0.406755443520364,2,analysnum6matchF1procLONGpredAB1singleT0reproduce2,reduced,_Yintonly,level,/cluster/projects/p274/projects/p040-ad_change/Berkeley/results/cortmaps/analysnum6matchF1procLONGpredAB1singleT0reproduce2/thickness/thickness_cortmapAB2_nTime2_analysnum6matchF1procLONGpredAB1singleT0reproduce2_Yintonly.csv,0,0,0,NA,rh_fusiform,NA
rh_inferiorparietal_thickness.aparcnative71,convgroup,0.0123778448665164,0.0176212113885669,0.702440064622767,0.483765128179601,convgroup,0.128247422896425,0.95,-0.23022467082021,0.486186754212498,2,analysnum6matchF1procLONGpredAB1singleT0reproduce2,reduced,_Yintonly,level,/cluster/projects/p274/projects/p040-ad_change/Berkeley/results/cortmaps/analysnum6matchF1procLONGpredAB1singleT0reproduce2/thickness/thickness_cortmapAB2_nTime2_analysnum6matchF1procLONGpredAB1singleT0reproduce2_Yintonly.csv,0,0,0,NA,rh_inferiorparietal,NA
rh_inferiortemporal_thickness.aparcnative71,convgroup,0.00650953229544559,0.0202871213873156,0.320870180207805,0.748866902537225,convgroup,0.0585826119101876,0.95,-0.299454682019069,0.416376152602093,2,analysnum6matchF1procLONGpredAB1singleT0reproduce2,reduced,_Yintonly,level,/cluster/projects/p274/projects/p040-ad_change/Berkeley/results/cortmaps/analysnum6matchF1procLONGpredAB1singleT0reproduce2/thickness/thickness_cortmapAB2_nTime2_analysnum6matchF1procLONGpredAB1singleT0reproduce2_Yintonly.csv,0,0,0,NA,rh_inferiortemporal,NA
rh_isthmuscingulate_thickness.aparcnative71,convgroup,0.0160515711987824,0.0271355209268371,0.591533556406039,0.55527569692906,convgroup,0.107998757454947,0.95,-0.250324738245211,0.465873349446422,2,analysnum6matchF1procLONGpredAB1singleT0reproduce2,reduced,_Yintonly,level,/cluster/projects/p274/projects/p040-ad_change/Berkeley/results/cortmaps/analysnum6matchF1procLONGpredAB1singleT0reproduce2/thickness/thickness_cortmapAB2_nTime2_analysnum6matchF1procLONGpredAB1singleT0reproduce2_Yintonly.csv,0,0,0,NA,rh_isthmuscingulate,NA
rh_lateraloccipital_thickness.aparcnative71,convgroup,0.0235126192127818,0.0174837476917081,1.3448271862178,0.181217341030861,convgroup,0.245530728612564,0.95,-0.114158378715065,0.604205131369418,2,analysnum6matchF1procLONGpredAB1singleT0reproduce2,reduced,_Yintonly,level,/cluster/projects/p274/projects/p040-ad_change/Berkeley/results/cortmaps/analysnum6matchF1procLONGpredAB1singleT0reproduce2/thickness/thickness_cortmapAB2_nTime2_analysnum6matchF1procLONGpredAB1singleT0reproduce2_Yintonly.csv,0,0,0,NA,rh_lateraloccipital,NA
rh_lateralorbitofrontal_thickness.aparcnative71,convgroup,-0.00842276947939588,0.0169616668974242,-0.496576753354055,0.620395997577914,convgroup,-0.0906620964482317,0.95,-0.448495828517766,0.267548619748258,2,analysnum6matchF1procLONGpredAB1singleT0reproduce2,reduced,_Yintonly,level,/cluster/projects/p274/projects/p040-ad_change/Berkeley/results/cortmaps/analysnum6matchF1procLONGpredAB1singleT0reproduce2/thickness/thickness_cortmapAB2_nTime2_analysnum6matchF1procLONGpredAB1singleT0reproduce2_Yintonly.csv,0,0,0,NA,rh_lateralorbitofrontal,NA
rh_lingual_thickness.aparcnative71,convgroup,-0.00489089010851531,0.0188256854332437,-0.259798780015661,0.795464202100594,convgroup,-0.0474325507422999,0.95,-0.405222874027364,0.310555118467469,2,analysnum6matchF1procLONGpredAB1singleT0reproduce2,reduced,_Yintonly,level,/cluster/projects/p274/projects/p040-ad_change/Berkeley/results/cortmaps/analysnum6matchF1procLONGpredAB1singleT0reproduce2/thickness/thickness_cortmapAB2_nTime2_analysnum6matchF1procLONGpredAB1singleT0reproduce2_Yintonly.csv,0,0,0,NA,rh_lingual,NA
rh_medialorbitofrontal_thickness.aparcnative71,convgroup,-0.00103272569571287,0.0195545013080383,-0.0528126838646785,0.957968973206766,convgroup,-0.00964223275835784,0.95,-0.367463077866781,0.348218753568646,2,analysnum6matchF1procLONGpredAB1singleT0reproduce2,reduced,_Yintonly,level,/cluster/projects/p274/projects/p040-ad_change/Berkeley/results/cortmaps/analysnum6matchF1procLONGpredAB1singleT0reproduce2/thickness/thickness_cortmapAB2_nTime2_analysnum6matchF1procLONGpredAB1singleT0reproduce2_Yintonly.csv,0,0,0,NA,rh_medialorbitofrontal,NA
rh_middletemporal_thickness.aparcnative71,convgroup,-0.010504224143633,0.0209407631712115,-0.501616109105029,0.61685663577515,convgroup,-0.091582152721599,0.95,-0.449417733039141,0.266634222130022,2,analysnum6matchF1procLONGpredAB1singleT0reproduce2,reduced,_Yintonly,level,/cluster/projects/p274/projects/p040-ad_change/Berkeley/results/cortmaps/analysnum6matchF1procLONGpredAB1singleT0reproduce2/thickness/thickness_cortmapAB2_nTime2_analysnum6matchF1procLONGpredAB1singleT0reproduce2_Yintonly.csv,0,0,0,NA,rh_middletemporal,NA
rh_parahippocampal_thickness.aparcnative71,convgroup,-0.0410433395197746,0.033626000549538,-1.22058344284237,0.224636812095818,convgroup,-0.222847028320695,0.95,-0.581331417549772,0.136559472593421,2,analysnum6matchF1procLONGpredAB1singleT0reproduce2,reduced,_Yintonly,level,/cluster/projects/p274/projects/p040-ad_change/Berkeley/results/cortmaps/analysnum6matchF1procLONGpredAB1singleT0reproduce2/thickness/thickness_cortmapAB2_nTime2_analysnum6matchF1procLONGpredAB1singleT0reproduce2_Yintonly.csv,0,0,0,NA,rh_parahippocampal,NA
rh_paracentral_thickness.aparcnative71,convgroup,0.0582638168009226,0.0236907175057783,2.459352140209,0.0153444385764626,convgroup,0.449014214680359,0.95,0.0857910628325573,0.810412126860782,2,analysnum6matchF1procLONGpredAB1singleT0reproduce2,reduced,_Yintonly,level,/cluster/projects/p274/projects/p040-ad_change/Berkeley/results/cortmaps/analysnum6matchF1procLONGpredAB1singleT0reproduce2/thickness/thickness_cortmapAB2_nTime2_analysnum6matchF1procLONGpredAB1singleT0reproduce2_Yintonly.csv,1,1,0,#aad6e7,rh_paracentral,positive_sigonly
rh_parsopercularis_thickness.aparcnative71,convgroup,0.0314655496499459,0.0172311578474766,1.82608446446064,0.0703236539870203,convgroup,0.333395884364944,0.95,-0.0275999299228346,0.693022101813532,2,analysnum6matchF1procLONGpredAB1singleT0reproduce2,reduced,_Yintonly,level,/cluster/projects/p274/projects/p040-ad_change/Berkeley/results/cortmaps/analysnum6matchF1procLONGpredAB1singleT0reproduce2/thickness/thickness_cortmapAB2_nTime2_analysnum6matchF1procLONGpredAB1singleT0reproduce2_Yintonly.csv,0,0,0,NA,rh_parsopercularis,NA
rh_parsorbitalis_thickness.aparcnative71,convgroup,0.00775912589686142,0.0281618655766767,0.275518888325617,0.78339148590469,convgroup,0.0503026367182291,0.95,-0.307697310276238,0.408093282196982,2,analysnum6matchF1procLONGpredAB1singleT0reproduce2,reduced,_Yintonly,level,/cluster/projects/p274/projects/p040-ad_change/Berkeley/results/cortmaps/analysnum6matchF1procLONGpredAB1singleT0reproduce2/thickness/thickness_cortmapAB2_nTime2_analysnum6matchF1procLONGpredAB1singleT0reproduce2_Yintonly.csv,0,0,0,NA,rh_parsorbitalis,NA
rh_parstriangularis_thickness.aparcnative71,convgroup,0.0255322774389877,0.0190168820379959,1.3426111277324,0.181932194580144,convgroup,0.245126133538828,0.95,-0.114557741032328,0.6037969649374,2,analysnum6matchF1procLONGpredAB1singleT0reproduce2,reduced,_Yintonly,level,/cluster/projects/p274/projects/p040-ad_change/Berkeley/results/cortmaps/analysnum6matchF1procLONGpredAB1singleT0reproduce2/thickness/thickness_cortmapAB2_nTime2_analysnum6matchF1procLONGpredAB1singleT0reproduce2_Yintonly.csv,0,0,0,NA,rh_parstriangularis,NA
rh_pericalcarine_thickness.aparcnative71,convgroup,0.0174403041173266,0.0198773815918445,0.877394441352485,0.382025647236093,convgroup,0.160189575786133,0.95,-0.198553855106142,0.518268277608239,2,analysnum6matchF1procLONGpredAB1singleT0reproduce2,reduced,_Yintonly,level,/cluster/projects/p274/projects/p040-ad_change/Berkeley/results/cortmaps/analysnum6matchF1procLONGpredAB1singleT0reproduce2/thickness/thickness_cortmapAB2_nTime2_analysnum6matchF1procLONGpredAB1singleT0reproduce2_Yintonly.csv,0,0,0,NA,rh_pericalcarine,NA
rh_postcentral_thickness.aparcnative71,convgroup,0.00970693074628405,0.0184507356519295,0.526099930615446,0.599789741876709,convgroup,0.0960522664999941,0.95,-0.262192089400963,0.453897256013504,2,analysnum6matchF1procLONGpredAB1singleT0reproduce2,reduced,_Yintonly,level,/cluster/projects/p274/projects/p040-ad_change/Berkeley/results/cortmaps/analysnum6matchF1procLONGpredAB1singleT0reproduce2/thickness/thickness_cortmapAB2_nTime2_analysnum6matchF1procLONGpredAB1singleT0reproduce2_Yintonly.csv,0,0,0,NA,rh_postcentral,NA
rh_posteriorcingulate_thickness.aparcnative71,convgroup,0.0204946463339781,0.0236985182649002,0.864807078016037,0.388870190592381,convgroup,0.157891448173171,0.95,-0.200830948330953,0.515958617882955,2,analysnum6matchF1procLONGpredAB1singleT0reproduce2,reduced,_Yintonly,level,/cluster/projects/p274/projects/p040-ad_change/Berkeley/results/cortmaps/analysnum6matchF1procLONGpredAB1singleT0reproduce2/thickness/thickness_cortmapAB2_nTime2_analysnum6matchF1procLONGpredAB1singleT0reproduce2_Yintonly.csv,0,0,0,NA,rh_posteriorcingulate,NA
rh_precentral_thickness.aparcnative71,convgroup,0.0632186835692969,0.0253447799874194,2.49434730152234,0.0139795255827952,convgroup,0.455403427765309,0.95,0.0920405031594749,0.816916323006085,2,analysnum6matchF1procLONGpredAB1singleT0reproduce2,reduced,_Yintonly,level,/cluster/projects/p274/projects/p040-ad_change/Berkeley/results/cortmaps/analysnum6matchF1procLONGpredAB1singleT0reproduce2/thickness/thickness_cortmapAB2_nTime2_analysnum6matchF1procLONGpredAB1singleT0reproduce2_Yintonly.csv,1,1,0,#aad6e7,rh_precentral,positive_sigonly
rh_precuneus_thickness.aparcnative71,convgroup,0.0165807356635797,0.0161818145403349,1.02465243451224,0.307588337186782,convgroup,0.187075083994979,0.95,-0.171931679301617,0.545306410687472,2,analysnum6matchF1procLONGpredAB1singleT0reproduce2,reduced,_Yintonly,level,/cluster/projects/p274/projects/p040-ad_change/Berkeley/results/cortmaps/analysnum6matchF1procLONGpredAB1singleT0reproduce2/thickness/thickness_cortmapAB2_nTime2_analysnum6matchF1procLONGpredAB1singleT0reproduce2_Yintonly.csv,0,0,0,NA,rh_precuneus,NA
rh_rostralanteriorcingulate_thickness.aparcnative71,convgroup,0.0111555054008456,0.0325410513702217,0.342813305997051,0.732338694842663,convgroup,0.0625888602358353,0.95,-0.295467585109239,0.420384911531962,2,analysnum6matchF1procLONGpredAB1singleT0reproduce2,reduced,_Yintonly,level,/cluster/projects/p274/projects/p040-ad_change/Berkeley/results/cortmaps/analysnum6matchF1procLONGpredAB1singleT0reproduce2/thickness/thickness_cortmapAB2_nTime2_analysnum6matchF1procLONGpredAB1singleT0reproduce2_Yintonly.csv,0,0,0,NA,rh_rostralanteriorcingulate,NA
rh_rostralmiddlefrontal_thickness.aparcnative71,convgroup,0.0249120704787737,0.0159720676874087,1.55972732938095,0.121457799221062,convgroup,0.284765947286411,0.95,-0.0754651326542519,0.643823029556999,2,analysnum6matchF1procLONGpredAB1singleT0reproduce2,reduced,_Yintonly,level,/cluster/projects/p274/projects/p040-ad_change/Berkeley/results/cortmaps/analysnum6matchF1procLONGpredAB1singleT0reproduce2/thickness/thickness_cortmapAB2_nTime2_analysnum6matchF1procLONGpredAB1singleT0reproduce2_Yintonly.csv,0,0,0,NA,rh_rostralmiddlefrontal,NA
rh_superiorfrontal_thickness.aparcnative71,convgroup,0.0551398594647692,0.0180788544589982,3.04996423251391,0.00281706033306959,convgroup,0.556844736577266,0.95,0.191033460980467,0.920420436592076,2,analysnum6matchF1procLONGpredAB1singleT0reproduce2,reduced,_Yintonly,level,/cluster/projects/p274/projects/p040-ad_change/Berkeley/results/cortmaps/analysnum6matchF1procLONGpredAB1singleT0reproduce2/thickness/thickness_cortmapAB2_nTime2_analysnum6matchF1procLONGpredAB1singleT0reproduce2_Yintonly.csv,1,1,0,#aad6e7,rh_superiorfrontal,positive_sigonly
rh_superiorparietal_thickness.aparcnative71,convgroup,0.0412437435287503,0.0187382776500402,2.20104239562603,0.0296466015022577,convgroup,0.401853523369862,0.95,0.0396079931916496,0.762457856523824,2,analysnum6matchF1procLONGpredAB1singleT0reproduce2,reduced,_Yintonly,level,/cluster/projects/p274/projects/p040-ad_change/Berkeley/results/cortmaps/analysnum6matchF1procLONGpredAB1singleT0reproduce2/thickness/thickness_cortmapAB2_nTime2_analysnum6matchF1procLONGpredAB1singleT0reproduce2_Yintonly.csv,1,1,0,#aad6e7,rh_superiorparietal,positive_sigonly
rh_superiortemporal_thickness.aparcnative71,convgroup,-0.0049692556497978,0.0215948618668072,-0.230112870387742,0.818395873503781,convgroup,-0.0420126699612096,0.95,-0.399803470739801,0.315952960781048,2,analysnum6matchF1procLONGpredAB1singleT0reproduce2,reduced,_Yintonly,level,/cluster/projects/p274/projects/p040-ad_change/Berkeley/results/cortmaps/analysnum6matchF1procLONGpredAB1singleT0reproduce2/thickness/thickness_cortmapAB2_nTime2_analysnum6matchF1procLONGpredAB1singleT0reproduce2_Yintonly.csv,0,0,0,NA,rh_superiortemporal,NA
rh_supramarginal_thickness.aparcnative71,convgroup,0.0308118987395749,0.0183873188021454,1.67571460913485,0.0963978605327233,convgroup,0.305942230454703,0.95,-0.0546092386523835,0.665234285307924,2,analysnum6matchF1procLONGpredAB1singleT0reproduce2,reduced,_Yintonly,level,/cluster/projects/p274/projects/p040-ad_change/Berkeley/results/cortmaps/analysnum6matchF1procLONGpredAB1singleT0reproduce2/thickness/thickness_cortmapAB2_nTime2_analysnum6matchF1procLONGpredAB1singleT0reproduce2_Yintonly.csv,0,0,0,NA,rh_supramarginal,NA
rh_frontalpole_thickness.aparcnative71,convgroup,0.0743459854416473,0.0322649497672946,2.30423372662456,0.022929193610275,convgroup,0.420693596612154,0.95,0.0580688863813865,0.781603276850417,2,analysnum6matchF1procLONGpredAB1singleT0reproduce2,reduced,_Yintonly,level,/cluster/projects/p274/projects/p040-ad_change/Berkeley/results/cortmaps/analysnum6matchF1procLONGpredAB1singleT0reproduce2/thickness/thickness_cortmapAB2_nTime2_analysnum6matchF1procLONGpredAB1singleT0reproduce2_Yintonly.csv,1,1,0,#aad6e7,rh_frontalpole,positive_sigonly
rh_temporalpole_thickness.aparcnative71,convgroup,0.0145020230190155,0.0443318437753668,0.327124292246866,0.744143819913721,convgroup,0.0597244513238403,0.95,-0.298318236846622,0.417518699892466,2,analysnum6matchF1procLONGpredAB1singleT0reproduce2,reduced,_Yintonly,level,/cluster/projects/p274/projects/p040-ad_change/Berkeley/results/cortmaps/analysnum6matchF1procLONGpredAB1singleT0reproduce2/thickness/thickness_cortmapAB2_nTime2_analysnum6matchF1procLONGpredAB1singleT0reproduce2_Yintonly.csv,0,0,0,NA,rh_temporalpole,NA
rh_transversetemporal_thickness.aparcnative71,convgroup,-0.0146461004830244,0.0305565514879554,-0.479311302153894,0.632589528332787,convgroup,-0.0875098707522874,0.95,-0.445337620850199,0.270681775098432,2,analysnum6matchF1procLONGpredAB1singleT0reproduce2,reduced,_Yintonly,level,/cluster/projects/p274/projects/p040-ad_change/Berkeley/results/cortmaps/analysnum6matchF1procLONGpredAB1singleT0reproduce2/thickness/thickness_cortmapAB2_nTime2_analysnum6matchF1procLONGpredAB1singleT0reproduce2_Yintonly.csv,0,0,0,NA,rh_transversetemporal,NA
rh_insula_thickness.aparcnative71,convgroup,0.0219567151004727,0.024543533848404,0.894602840654119,0.372790267671458,convgroup,0.163331385278154,0.95,-0.195441181321505,0.521426259693636,2,analysnum6matchF1procLONGpredAB1singleT0reproduce2,reduced,_Yintonly,level,/cluster/projects/p274/projects/p040-ad_change/Berkeley/results/cortmaps/analysnum6matchF1procLONGpredAB1singleT0reproduce2/thickness/thickness_cortmapAB2_nTime2_analysnum6matchF1procLONGpredAB1singleT0reproduce2_Yintonly.csv,0,0,0,NA,rh_insula,NA
rh_MeanThickness_thickness.aparcnative71,convgroup,0.0206010514389527,0.01272417422361,1.61904820516581,0.108062191863808,convgroup,0.295596407885855,0.95,-0.0647960967677878,0.654771180885549,2,analysnum6matchF1procLONGpredAB1singleT0reproduce2,reduced,_Yintonly,level,/cluster/projects/p274/projects/p040-ad_change/Berkeley/results/cortmaps/analysnum6matchF1procLONGpredAB1singleT0reproduce2/thickness/thickness_cortmapAB2_nTime2_analysnum6matchF1procLONGpredAB1singleT0reproduce2_Yintonly.csv,0,0,0,NA,rh_MeanThickness,NA
lh_bankssts_thickness.aparcnative71,convgroup,-0.0210494198422225,0.0235766991655309,-0.892806057982738,0.374126121986782,convgroup,-0.179460769993032,0.95,-0.573767661071791,0.215747946620715,3,analysnum6matchF1procLONGpredAB1singleT0reproduce2,reduced,_Yintonly,level,/cluster/projects/p274/projects/p040-ad_change/Berkeley/results/cortmaps/analysnum6matchF1procLONGpredAB1singleT0reproduce2/thickness/thickness_cortmapAB3_nTime2_analysnum6matchF1procLONGpredAB1singleT0reproduce2_Yintonly.csv,0,0,0,NA,lh_bankssts,NA
lh_caudalanteriorcingulate_thickness.aparcnative71,convgroup,0.0627815183153347,0.0387949359402231,1.61829158352191,0.108781496631013,convgroup,0.325288847511046,0.95,-0.0720792221045398,0.721036537619155,3,analysnum6matchF1procLONGpredAB1singleT0reproduce2,reduced,_Yintonly,level,/cluster/projects/p274/projects/p040-ad_change/Berkeley/results/cortmaps/analysnum6matchF1procLONGpredAB1singleT0reproduce2/thickness/thickness_cortmapAB3_nTime2_analysnum6matchF1procLONGpredAB1singleT0reproduce2_Yintonly.csv,0,0,0,NA,lh_caudalanteriorcingulate,NA
lh_caudalmiddlefrontal_thickness.aparcnative71,convgroup,0.0322533890381585,0.0210663203296513,1.5310404728234,0.128948666097725,convgroup,0.307750714375972,0.95,-0.089303699513563,0.703270073650694,3,analysnum6matchF1procLONGpredAB1singleT0reproduce2,reduced,_Yintonly,level,/cluster/projects/p274/projects/p040-ad_change/Berkeley/results/cortmaps/analysnum6matchF1procLONGpredAB1singleT0reproduce2/thickness/thickness_cortmapAB3_nTime2_analysnum6matchF1procLONGpredAB1singleT0reproduce2_Yintonly.csv,0,0,0,NA,lh_caudalmiddlefrontal,NA
lh_cuneus_thickness.aparcnative71,convgroup,-0.0148396354895968,0.0238277859402396,-0.622787007018392,0.534856474504733,convgroup,-0.125184898581118,0.95,-0.519222048017435,0.269482534279214,3,analysnum6matchF1procLONGpredAB1singleT0reproduce2,reduced,_Yintonly,level,/cluster/projects/p274/projects/p040-ad_change/Berkeley/results/cortmaps/analysnum6matchF1procLONGpredAB1singleT0reproduce2/thickness/thickness_cortmapAB3_nTime2_analysnum6matchF1procLONGpredAB1singleT0reproduce2_Yintonly.csv,0,0,0,NA,lh_cuneus,NA
lh_entorhinal_thickness.aparcnative71,convgroup,0.0811036700597613,0.047538435233842,1.70606520094344,0.0911313204271907,convgroup,0.342932008449192,0.95,-0.0547664075610658,0.738924485467867,3,analysnum6matchF1procLONGpredAB1singleT0reproduce2,reduced,_Yintonly,level,/cluster/projects/p274/projects/p040-ad_change/Berkeley/results/cortmaps/analysnum6matchF1procLONGpredAB1singleT0reproduce2/thickness/thickness_cortmapAB3_nTime2_analysnum6matchF1procLONGpredAB1singleT0reproduce2_Yintonly.csv,0,0,0,NA,lh_entorhinal,NA
lh_fusiform_thickness.aparcnative71,convgroup,-0.0109637119787455,0.020447992406956,-0.53617547192632,0.593039989341278,convgroup,-0.107775324980081,0.95,-0.501756653307558,0.28674887532074,3,analysnum6matchF1procLONGpredAB1singleT0reproduce2,reduced,_Yintonly,level,/cluster/projects/p274/projects/p040-ad_change/Berkeley/results/cortmaps/analysnum6matchF1procLONGpredAB1singleT0reproduce2/thickness/thickness_cortmapAB3_nTime2_analysnum6matchF1procLONGpredAB1singleT0reproduce2_Yintonly.csv,0,0,0,NA,lh_fusiform,NA
lh_inferiorparietal_thickness.aparcnative71,convgroup,-0.00654284569679589,0.0207092633532324,-0.315938118377091,0.752714587489185,convgroup,-0.0635059512501635,0.95,-0.457412493599135,0.330720766332683,3,analysnum6matchF1procLONGpredAB1singleT0reproduce2,reduced,_Yintonly,level,/cluster/projects/p274/projects/p040-ad_change/Berkeley/results/cortmaps/analysnum6matchF1procLONGpredAB1singleT0reproduce2/thickness/thickness_cortmapAB3_nTime2_analysnum6matchF1procLONGpredAB1singleT0reproduce2_Yintonly.csv,0,0,0,NA,lh_inferiorparietal,NA
lh_inferiortemporal_thickness.aparcnative71,convgroup,0.0141590708505033,0.0220057667449902,0.643425471813054,0.521435723800464,convgroup,0.129333386094624,0.95,-0.265370340484201,0.523386041892362,3,analysnum6matchF1procLONGpredAB1singleT0reproduce2,reduced,_Yintonly,level,/cluster/projects/p274/projects/p040-ad_change/Berkeley/results/cortmaps/analysnum6matchF1procLONGpredAB1singleT0reproduce2/thickness/thickness_cortmapAB3_nTime2_analysnum6matchF1procLONGpredAB1singleT0reproduce2_Yintonly.csv,0,0,0,NA,lh_inferiortemporal,NA
lh_isthmuscingulate_thickness.aparcnative71,convgroup,0.00126156786048508,0.0301171791081216,0.0418886462093947,0.966671833048927,convgroup,0.00841993469409123,0.95,-0.385570624458818,0.402368018421465,3,analysnum6matchF1procLONGpredAB1singleT0reproduce2,reduced,_Yintonly,level,/cluster/projects/p274/projects/p040-ad_change/Berkeley/results/cortmaps/analysnum6matchF1procLONGpredAB1singleT0reproduce2/thickness/thickness_cortmapAB3_nTime2_analysnum6matchF1procLONGpredAB1singleT0reproduce2_Yintonly.csv,0,0,0,NA,lh_isthmuscingulate,NA
lh_lateraloccipital_thickness.aparcnative71,convgroup,0.0160806806616098,0.0196668845664847,0.817652669249592,0.415519065370641,convgroup,0.164354370468695,0.95,-0.230689269185636,0.558571656404745,3,analysnum6matchF1procLONGpredAB1singleT0reproduce2,reduced,_Yintonly,level,/cluster/projects/p274/projects/p040-ad_change/Berkeley/results/cortmaps/analysnum6matchF1procLONGpredAB1singleT0reproduce2/thickness/thickness_cortmapAB3_nTime2_analysnum6matchF1procLONGpredAB1singleT0reproduce2_Yintonly.csv,0,0,0,NA,lh_lateraloccipital,NA
lh_lateralorbitofrontal_thickness.aparcnative71,convgroup,0.0219307745747137,0.0170249171106308,1.28815749481797,0.200693787272343,convgroup,0.258929398860326,0.95,-0.137329267310699,0.653892339049366,3,analysnum6matchF1procLONGpredAB1singleT0reproduce2,reduced,_Yintonly,level,/cluster/projects/p274/projects/p040-ad_change/Berkeley/results/cortmaps/analysnum6matchF1procLONGpredAB1singleT0reproduce2/thickness/thickness_cortmapAB3_nTime2_analysnum6matchF1procLONGpredAB1singleT0reproduce2_Yintonly.csv,0,0,0,NA,lh_lateralorbitofrontal,NA
lh_lingual_thickness.aparcnative71,convgroup,-0.00506218302838224,0.0203802028054957,-0.248387274488612,0.804349291566333,convgroup,-0.0499277207380449,0.95,-0.443830638680829,0.344226971933348,3,analysnum6matchF1procLONGpredAB1singleT0reproduce2,reduced,_Yintonly,level,/cluster/projects/p274/projects/p040-ad_change/Berkeley/results/cortmaps/analysnum6matchF1procLONGpredAB1singleT0reproduce2/thickness/thickness_cortmapAB3_nTime2_analysnum6matchF1procLONGpredAB1singleT0reproduce2_Yintonly.csv,0,0,0,NA,lh_lingual,NA
lh_medialorbitofrontal_thickness.aparcnative71,convgroup,0.0457901564698635,0.0217191320116944,2.10828666841789,0.0375309007238794,convgroup,0.423781565433367,0.95,0.0243811017323925,0.821089105851049,3,analysnum6matchF1procLONGpredAB1singleT0reproduce2,reduced,_Yintonly,level,/cluster/projects/p274/projects/p040-ad_change/Berkeley/results/cortmaps/analysnum6matchF1procLONGpredAB1singleT0reproduce2/thickness/thickness_cortmapAB3_nTime2_analysnum6matchF1procLONGpredAB1singleT0reproduce2_Yintonly.csv,1,1,0,#aad6e7,lh_medialorbitofrontal,positive_sigonly
lh_middletemporal_thickness.aparcnative71,convgroup,0.00115020997830621,0.0195135408281807,0.0589441961576303,0.953115373415097,convgroup,0.011848229225695,0.95,-0.382152673434019,0.405789362340841,3,analysnum6matchF1procLONGpredAB1singleT0reproduce2,reduced,_Yintonly,level,/cluster/projects/p274/projects/p040-ad_change/Berkeley/results/cortmaps/analysnum6matchF1procLONGpredAB1singleT0reproduce2/thickness/thickness_cortmapAB3_nTime2_analysnum6matchF1procLONGpredAB1singleT0reproduce2_Yintonly.csv,0,0,0,NA,lh_middletemporal,NA
lh_parahippocampal_thickness.aparcnative71,convgroup,-0.0618303991633326,0.046646531932649,-1.32550902717927,0.188053075066435,convgroup,-0.266437339356524,0.95,-0.661478259755502,0.12993626220986,3,analysnum6matchF1procLONGpredAB1singleT0reproduce2,reduced,_Yintonly,level,/cluster/projects/p274/projects/p040-ad_change/Berkeley/results/cortmaps/analysnum6matchF1procLONGpredAB1singleT0reproduce2/thickness/thickness_cortmapAB3_nTime2_analysnum6matchF1procLONGpredAB1singleT0reproduce2_Yintonly.csv,0,0,0,NA,lh_parahippocampal,NA
lh_paracentral_thickness.aparcnative71,convgroup,0.0541003937273283,0.0256836918368415,2.10641032726163,0.0376973557371296,convgroup,0.423404406670095,0.95,0.0240125342680676,0.820705094306948,3,analysnum6matchF1procLONGpredAB1singleT0reproduce2,reduced,_Yintonly,level,/cluster/projects/p274/projects/p040-ad_change/Berkeley/results/cortmaps/analysnum6matchF1procLONGpredAB1singleT0reproduce2/thickness/thickness_cortmapAB3_nTime2_analysnum6matchF1procLONGpredAB1singleT0reproduce2_Yintonly.csv,1,1,0,#aad6e7,lh_paracentral,positive_sigonly
lh_parsopercularis_thickness.aparcnative71,convgroup,0.0131470085351771,0.0190668501215749,0.689521785263354,0.49210801388748,convgroup,0.138599093726943,0.95,-0.256188776409224,0.532689442664274,3,analysnum6matchF1procLONGpredAB1singleT0reproduce2,reduced,_Yintonly,level,/cluster/projects/p274/projects/p040-ad_change/Berkeley/results/cortmaps/analysnum6matchF1procLONGpredAB1singleT0reproduce2/thickness/thickness_cortmapAB3_nTime2_analysnum6matchF1procLONGpredAB1singleT0reproduce2_Yintonly.csv,0,0,0,NA,lh_parsopercularis,NA
lh_parsorbitalis_thickness.aparcnative71,convgroup,0.0368184501017065,0.0276046161358156,1.33377873905431,0.185336806759538,convgroup,0.268099613987667,0.95,-0.128299793216485,0.663158177629839,3,analysnum6matchF1procLONGpredAB1singleT0reproduce2,reduced,_Yintonly,level,/cluster/projects/p274/projects/p040-ad_change/Berkeley/results/cortmaps/analysnum6matchF1procLONGpredAB1singleT0reproduce2/thickness/thickness_cortmapAB3_nTime2_analysnum6matchF1procLONGpredAB1singleT0reproduce2_Yintonly.csv,0,0,0,NA,lh_parsorbitalis,NA
lh_parstriangularis_thickness.aparcnative71,convgroup,0.00623976584669585,0.0210828220304667,0.295964450948681,0.767877152167103,convgroup,0.059491093035171,0.95,-0.334713376335556,0.453395613332933,3,analysnum6matchF1procLONGpredAB1singleT0reproduce2,reduced,_Yintonly,level,/cluster/projects/p274/projects/p040-ad_change/Berkeley/results/cortmaps/analysnum6matchF1procLONGpredAB1singleT0reproduce2/thickness/thickness_cortmapAB3_nTime2_analysnum6matchF1procLONGpredAB1singleT0reproduce2_Yintonly.csv,0,0,0,NA,lh_parstriangularis,NA
lh_pericalcarine_thickness.aparcnative71,convgroup,0.00115677662606379,0.0209204929755639,0.0552939468211846,0.95601572106988,convgroup,0.0111145015020445,0.95,-0.382884160082601,0.405057080965825,3,analysnum6matchF1procLONGpredAB1singleT0reproduce2,reduced,_Yintonly,level,/cluster/projects/p274/projects/p040-ad_change/Berkeley/results/cortmaps/analysnum6matchF1procLONGpredAB1singleT0reproduce2/thickness/thickness_cortmapAB3_nTime2_analysnum6matchF1procLONGpredAB1singleT0reproduce2_Yintonly.csv,0,0,0,NA,lh_pericalcarine,NA
lh_postcentral_thickness.aparcnative71,convgroup,0.00925866802356407,0.0195463778470446,0.473676918353646,0.636773231277189,convgroup,0.0952126430321729,0.95,-0.299217410934438,0.489162954528551,3,analysnum6matchF1procLONGpredAB1singleT0reproduce2,reduced,_Yintonly,level,/cluster/projects/p274/projects/p040-ad_change/Berkeley/results/cortmaps/analysnum6matchF1procLONGpredAB1singleT0reproduce2/thickness/thickness_cortmapAB3_nTime2_analysnum6matchF1procLONGpredAB1singleT0reproduce2_Yintonly.csv,0,0,0,NA,lh_postcentral,NA
lh_posteriorcingulate_thickness.aparcnative71,convgroup,0.0547162021535133,0.0244412331081415,2.23868419041783,0.0274155397658263,convgroup,0.449992453558575,0.95,0.04997429175694,0.847794112926077,3,analysnum6matchF1procLONGpredAB1singleT0reproduce2,reduced,_Yintonly,level,/cluster/projects/p274/projects/p040-ad_change/Berkeley/results/cortmaps/analysnum6matchF1procLONGpredAB1singleT0reproduce2/thickness/thickness_cortmapAB3_nTime2_analysnum6matchF1procLONGpredAB1singleT0reproduce2_Yintonly.csv,1,1,0,#aad6e7,lh_posteriorcingulate,positive_sigonly
lh_precentral_thickness.aparcnative71,convgroup,0.0361677367459731,0.0248888613987927,1.45316959930226,0.149339177312577,convgroup,0.292098079856769,0.95,-0.104688777826458,0.6874263542476,3,analysnum6matchF1procLONGpredAB1singleT0reproduce2,reduced,_Yintonly,level,/cluster/projects/p274/projects/p040-ad_change/Berkeley/results/cortmaps/analysnum6matchF1procLONGpredAB1singleT0reproduce2/thickness/thickness_cortmapAB3_nTime2_analysnum6matchF1procLONGpredAB1singleT0reproduce2_Yintonly.csv,0,0,0,NA,lh_precentral,NA
lh_precuneus_thickness.aparcnative71,convgroup,0.0154868439377656,0.0195242099235524,0.793212324514272,0.429551086696218,convgroup,0.159441676333301,0.95,-0.235550687466744,0.553632235329627,3,analysnum6matchF1procLONGpredAB1singleT0reproduce2,reduced,_Yintonly,level,/cluster/projects/p274/projects/p040-ad_change/Berkeley/results/cortmaps/analysnum6matchF1procLONGpredAB1singleT0reproduce2/thickness/thickness_cortmapAB3_nTime2_analysnum6matchF1procLONGpredAB1singleT0reproduce2_Yintonly.csv,0,0,0,NA,lh_precuneus,NA
lh_rostralanteriorcingulate_thickness.aparcnative71,convgroup,0.0346174458901299,0.0334207488797169,1.03580700763828,0.302815670780763,convgroup,0.208205042397391,0.95,-0.187348230840642,0.602713489561171,3,analysnum6matchF1procLONGpredAB1singleT0reproduce2,reduced,_Yintonly,level,/cluster/projects/p274/projects/p040-ad_change/Berkeley/results/cortmaps/analysnum6matchF1procLONGpredAB1singleT0reproduce2/thickness/thickness_cortmapAB3_nTime2_analysnum6matchF1procLONGpredAB1singleT0reproduce2_Yintonly.csv,0,0,0,NA,lh_rostralanteriorcingulate,NA
lh_rostralmiddlefrontal_thickness.aparcnative71,convgroup,0.0425783727372038,0.0175604412816536,2.4246755565128,0.0171351842931251,convgroup,0.487378124806008,0.95,0.0864236034723727,0.885941679440905,3,analysnum6matchF1procLONGpredAB1singleT0reproduce2,reduced,_Yintonly,level,/cluster/projects/p274/projects/p040-ad_change/Berkeley/results/cortmaps/analysnum6matchF1procLONGpredAB1singleT0reproduce2/thickness/thickness_cortmapAB3_nTime2_analysnum6matchF1procLONGpredAB1singleT0reproduce2_Yintonly.csv,1,1,0,#aad6e7,lh_rostralmiddlefrontal,positive_sigonly
lh_superiorfrontal_thickness.aparcnative71,convgroup,0.0674472226084367,0.0200826049468465,3.3584897371109,0.00111354806577364,convgroup,0.675081837591285,0.95,0.268460557041475,1.07847256043162,3,analysnum6matchF1procLONGpredAB1singleT0reproduce2,reduced,_Yintonly,level,/cluster/projects/p274/projects/p040-ad_change/Berkeley/results/cortmaps/analysnum6matchF1procLONGpredAB1singleT0reproduce2/thickness/thickness_cortmapAB3_nTime2_analysnum6matchF1procLONGpredAB1singleT0reproduce2_Yintonly.csv,1,1,0,#aad6e7,lh_superiorfrontal,positive_sigonly
lh_superiorparietal_thickness.aparcnative71,convgroup,-0.00338727712836007,0.0227968853179451,-0.148585084370877,0.882183279062271,convgroup,-0.0298667257152423,0.95,-0.423780891811648,0.364198086243028,3,analysnum6matchF1procLONGpredAB1singleT0reproduce2,reduced,_Yintonly,level,/cluster/projects/p274/projects/p040-ad_change/Berkeley/results/cortmaps/analysnum6matchF1procLONGpredAB1singleT0reproduce2/thickness/thickness_cortmapAB3_nTime2_analysnum6matchF1procLONGpredAB1singleT0reproduce2_Yintonly.csv,0,0,0,NA,lh_superiorparietal,NA
lh_superiortemporal_thickness.aparcnative71,convgroup,-0.00615984583346627,0.0211736290962037,-0.290920644990928,0.771720612758078,convgroup,-0.0584772498910966,0.95,-0.452381378886231,0.335721715821209,3,analysnum6matchF1procLONGpredAB1singleT0reproduce2,reduced,_Yintonly,level,/cluster/projects/p274/projects/p040-ad_change/Berkeley/results/cortmaps/analysnum6matchF1procLONGpredAB1singleT0reproduce2/thickness/thickness_cortmapAB3_nTime2_analysnum6matchF1procLONGpredAB1singleT0reproduce2_Yintonly.csv,0,0,0,NA,lh_superiortemporal,NA
lh_supramarginal_thickness.aparcnative71,convgroup,0.0142622535226662,0.0208164070027735,0.685144824501462,0.494853630220188,convgroup,0.137719291510621,0.95,-0.257060416445256,0.531805875117004,3,analysnum6matchF1procLONGpredAB1singleT0reproduce2,reduced,_Yintonly,level,/cluster/projects/p274/projects/p040-ad_change/Berkeley/results/cortmaps/analysnum6matchF1procLONGpredAB1singleT0reproduce2/thickness/thickness_cortmapAB3_nTime2_analysnum6matchF1procLONGpredAB1singleT0reproduce2_Yintonly.csv,0,0,0,NA,lh_supramarginal,NA
lh_frontalpole_thickness.aparcnative71,convgroup,0.0250581780111115,0.0384253861420159,0.652125600468902,0.515831382809781,convgroup,0.131082177753974,0.95,-0.263637087720841,0.525141712315781,3,analysnum6matchF1procLONGpredAB1singleT0reproduce2,reduced,_Yintonly,level,/cluster/projects/p274/projects/p040-ad_change/Berkeley/results/cortmaps/analysnum6matchF1procLONGpredAB1singleT0reproduce2/thickness/thickness_cortmapAB3_nTime2_analysnum6matchF1procLONGpredAB1singleT0reproduce2_Yintonly.csv,0,0,0,NA,lh_frontalpole,NA
lh_temporalpole_thickness.aparcnative71,convgroup,0.100461052322028,0.0451391496055624,2.22558584288546,0.0283105619200783,convgroup,0.447359586641086,0.95,0.0474048972144882,0.845110119353735,3,analysnum6matchF1procLONGpredAB1singleT0reproduce2,reduced,_Yintonly,level,/cluster/projects/p274/projects/p040-ad_change/Berkeley/results/cortmaps/analysnum6matchF1procLONGpredAB1singleT0reproduce2/thickness/thickness_cortmapAB3_nTime2_analysnum6matchF1procLONGpredAB1singleT0reproduce2_Yintonly.csv,1,1,0,#aad6e7,lh_temporalpole,positive_sigonly
lh_transversetemporal_thickness.aparcnative71,convgroup,-0.0197119792010965,0.031333327252588,-0.629105841272198,0.530728757682426,convgroup,-0.126455032055804,0.95,-0.520496864454238,0.268223419141338,3,analysnum6matchF1procLONGpredAB1singleT0reproduce2,reduced,_Yintonly,level,/cluster/projects/p274/projects/p040-ad_change/Berkeley/results/cortmaps/analysnum6matchF1procLONGpredAB1singleT0reproduce2/thickness/thickness_cortmapAB3_nTime2_analysnum6matchF1procLONGpredAB1singleT0reproduce2_Yintonly.csv,0,0,0,NA,lh_transversetemporal,NA
lh_insula_thickness.aparcnative71,convgroup,0.0544760274839256,0.0250580967973639,2.17398902735728,0.032089429747214,convgroup,0.436988236490531,0.95,0.0372806107332808,0.834540557253913,3,analysnum6matchF1procLONGpredAB1singleT0reproduce2,reduced,_Yintonly,level,/cluster/projects/p274/projects/p040-ad_change/Berkeley/results/cortmaps/analysnum6matchF1procLONGpredAB1singleT0reproduce2/thickness/thickness_cortmapAB3_nTime2_analysnum6matchF1procLONGpredAB1singleT0reproduce2_Yintonly.csv,1,1,0,#aad6e7,lh_insula,positive_sigonly
lh_MeanThickness_thickness.aparcnative71,convgroup,0.0201812572771504,0.0138339310420346,1.45882303560928,0.147779340157619,convgroup,0.293234463311713,0.95,-0.103571400579113,0.688576231315008,3,analysnum6matchF1procLONGpredAB1singleT0reproduce2,reduced,_Yintonly,level,/cluster/projects/p274/projects/p040-ad_change/Berkeley/results/cortmaps/analysnum6matchF1procLONGpredAB1singleT0reproduce2/thickness/thickness_cortmapAB3_nTime2_analysnum6matchF1procLONGpredAB1singleT0reproduce2_Yintonly.csv,0,0,0,NA,lh_MeanThickness,NA
rh_bankssts_thickness.aparcnative71,convgroup,-0.000365214821057668,0.0266196153916633,-0.0137197632529299,0.989081166788488,convgroup,-0.00275777617711965,0.95,-0.396718600689614,0.391216949551799,3,analysnum6matchF1procLONGpredAB1singleT0reproduce2,reduced,_Yintonly,level,/cluster/projects/p274/projects/p040-ad_change/Berkeley/results/cortmaps/analysnum6matchF1procLONGpredAB1singleT0reproduce2/thickness/thickness_cortmapAB3_nTime2_analysnum6matchF1procLONGpredAB1singleT0reproduce2_Yintonly.csv,0,0,0,NA,rh_bankssts,NA
rh_caudalanteriorcingulate_thickness.aparcnative71,convgroup,-0.0108298403462435,0.0362426400735214,-0.29881488556778,0.765707628641152,convgroup,-0.0600640519515946,0.95,-0.453968801554947,0.33414355152619,3,analysnum6matchF1procLONGpredAB1singleT0reproduce2,reduced,_Yintonly,level,/cluster/projects/p274/projects/p040-ad_change/Berkeley/results/cortmaps/analysnum6matchF1procLONGpredAB1singleT0reproduce2/thickness/thickness_cortmapAB3_nTime2_analysnum6matchF1procLONGpredAB1singleT0reproduce2_Yintonly.csv,0,0,0,NA,rh_caudalanteriorcingulate,NA
rh_caudalmiddlefrontal_thickness.aparcnative71,convgroup,0.0489852442808635,0.0211137244910027,2.32006647153788,0.0223904511101995,convgroup,0.466350907562116,0.95,0.0659309986443254,0.864477700642015,3,analysnum6matchF1procLONGpredAB1singleT0reproduce2,reduced,_Yintonly,level,/cluster/projects/p274/projects/p040-ad_change/Berkeley/results/cortmaps/analysnum6matchF1procLONGpredAB1singleT0reproduce2/thickness/thickness_cortmapAB3_nTime2_analysnum6matchF1procLONGpredAB1singleT0reproduce2_Yintonly.csv,1,1,0,#aad6e7,rh_caudalmiddlefrontal,positive_sigonly
rh_cuneus_thickness.aparcnative71,convgroup,-0.012976971970432,0.0204585306458069,-0.634306157910302,0.52734405613035,convgroup,-0.127500335030327,0.95,-0.521546088780339,0.267187236887909,3,analysnum6matchF1procLONGpredAB1singleT0reproduce2,reduced,_Yintonly,level,/cluster/projects/p274/projects/p040-ad_change/Berkeley/results/cortmaps/analysnum6matchF1procLONGpredAB1singleT0reproduce2/thickness/thickness_cortmapAB3_nTime2_analysnum6matchF1procLONGpredAB1singleT0reproduce2_Yintonly.csv,0,0,0,NA,rh_cuneus,NA
rh_entorhinal_thickness.aparcnative71,convgroup,0.0243710404566116,0.054575962029619,0.446552649743218,0.656173370553463,convgroup,0.0897604598992271,0.95,-0.304631115645097,0.483699729225752,3,analysnum6matchF1procLONGpredAB1singleT0reproduce2,reduced,_Yintonly,level,/cluster/projects/p274/projects/p040-ad_change/Berkeley/results/cortmaps/analysnum6matchF1procLONGpredAB1singleT0reproduce2/thickness/thickness_cortmapAB3_nTime2_analysnum6matchF1procLONGpredAB1singleT0reproduce2_Yintonly.csv,0,0,0,NA,rh_entorhinal,NA
rh_fusiform_thickness.aparcnative71,convgroup,0.00413675847904642,0.0223991434756613,0.18468377969637,0.853854871175306,convgroup,0.0371228364919707,0.95,-0.356972198112772,0.43103064136686,3,analysnum6matchF1procLONGpredAB1singleT0reproduce2,reduced,_Yintonly,level,/cluster/projects/p274/projects/p040-ad_change/Berkeley/results/cortmaps/analysnum6matchF1procLONGpredAB1singleT0reproduce2/thickness/thickness_cortmapAB3_nTime2_analysnum6matchF1procLONGpredAB1singleT0reproduce2_Yintonly.csv,0,0,0,NA,rh_fusiform,NA
rh_inferiorparietal_thickness.aparcnative71,convgroup,-0.00284327525564181,0.0188167637544996,-0.151103308344502,0.880201691541648,convgroup,-0.0303729077793995,0.95,-0.424286548904249,0.36369392404248,3,analysnum6matchF1procLONGpredAB1singleT0reproduce2,reduced,_Yintonly,level,/cluster/projects/p274/projects/p040-ad_change/Berkeley/results/cortmaps/analysnum6matchF1procLONGpredAB1singleT0reproduce2/thickness/thickness_cortmapAB3_nTime2_analysnum6matchF1procLONGpredAB1singleT0reproduce2_Yintonly.csv,0,0,0,NA,rh_inferiorparietal,NA
rh_inferiortemporal_thickness.aparcnative71,convgroup,-0.00709202195179634,0.0219489299843617,-0.323114701119796,0.747289862561174,convgroup,-0.0649484986583145,0.95,-0.458855973314723,0.329286408726832,3,analysnum6matchF1procLONGpredAB1singleT0reproduce2,reduced,_Yintonly,level,/cluster/projects/p274/projects/p040-ad_change/Berkeley/results/cortmaps/analysnum6matchF1procLONGpredAB1singleT0reproduce2/thickness/thickness_cortmapAB3_nTime2_analysnum6matchF1procLONGpredAB1singleT0reproduce2_Yintonly.csv,0,0,0,NA,rh_inferiortemporal,NA
rh_isthmuscingulate_thickness.aparcnative71,convgroup,-0.0244613998536347,0.0304064875982147,-0.804479628718148,0.423047716221687,convgroup,-0.161706489693486,0.95,-0.555909222211572,0.233309376802808,3,analysnum6matchF1procLONGpredAB1singleT0reproduce2,reduced,_Yintonly,level,/cluster/projects/p274/projects/p040-ad_change/Berkeley/results/cortmaps/analysnum6matchF1procLONGpredAB1singleT0reproduce2/thickness/thickness_cortmapAB3_nTime2_analysnum6matchF1procLONGpredAB1singleT0reproduce2_Yintonly.csv,0,0,0,NA,rh_isthmuscingulate,NA
rh_lateraloccipital_thickness.aparcnative71,convgroup,0.0103198204469659,0.0200847661286638,0.51381332403159,0.608527438028228,convgroup,0.103280364127157,0.95,-0.291209263239681,0.497249711829045,3,analysnum6matchF1procLONGpredAB1singleT0reproduce2,reduced,_Yintonly,level,/cluster/projects/p274/projects/p040-ad_change/Berkeley/results/cortmaps/analysnum6matchF1procLONGpredAB1singleT0reproduce2/thickness/thickness_cortmapAB3_nTime2_analysnum6matchF1procLONGpredAB1singleT0reproduce2_Yintonly.csv,0,0,0,NA,rh_lateraloccipital,NA
rh_lateralorbitofrontal_thickness.aparcnative71,convgroup,-0.00732238379036403,0.0181706062416038,-0.402979608550349,0.687832155479843,convgroup,-0.0810019490742911,0.95,-0.474926530873034,0.313330883016781,3,analysnum6matchF1procLONGpredAB1singleT0reproduce2,reduced,_Yintonly,level,/cluster/projects/p274/projects/p040-ad_change/Berkeley/results/cortmaps/analysnum6matchF1procLONGpredAB1singleT0reproduce2/thickness/thickness_cortmapAB3_nTime2_analysnum6matchF1procLONGpredAB1singleT0reproduce2_Yintonly.csv,0,0,0,NA,rh_lateralorbitofrontal,NA
rh_lingual_thickness.aparcnative71,convgroup,0.000256000831057708,0.0214761048674407,0.0119202635970466,0.990513219607212,convgroup,0.00239606313657792,0.95,-0.391577744650489,0.396357790217577,3,analysnum6matchF1procLONGpredAB1singleT0reproduce2,reduced,_Yintonly,level,/cluster/projects/p274/projects/p040-ad_change/Berkeley/results/cortmaps/analysnum6matchF1procLONGpredAB1singleT0reproduce2/thickness/thickness_cortmapAB3_nTime2_analysnum6matchF1procLONGpredAB1singleT0reproduce2_Yintonly.csv,0,0,0,NA,rh_lingual,NA
rh_medialorbitofrontal_thickness.aparcnative71,convgroup,0.018405281956921,0.0197566893144546,0.931597478908325,0.353810891850432,convgroup,0.187258138980603,0.95,-0.208040055450082,0.581615683736374,3,analysnum6matchF1procLONGpredAB1singleT0reproduce2,reduced,_Yintonly,level,/cluster/projects/p274/projects/p040-ad_change/Berkeley/results/cortmaps/analysnum6matchF1procLONGpredAB1singleT0reproduce2/thickness/thickness_cortmapAB3_nTime2_analysnum6matchF1procLONGpredAB1singleT0reproduce2_Yintonly.csv,0,0,0,NA,rh_medialorbitofrontal,NA
rh_middletemporal_thickness.aparcnative71,convgroup,-0.0156701847991827,0.0218405440852006,-0.717481429860578,0.474766636507856,convgroup,-0.144219193751226,0.95,-0.538334453904136,0.250621713273062,3,analysnum6matchF1procLONGpredAB1singleT0reproduce2,reduced,_Yintonly,level,/cluster/projects/p274/projects/p040-ad_change/Berkeley/results/cortmaps/analysnum6matchF1procLONGpredAB1singleT0reproduce2/thickness/thickness_cortmapAB3_nTime2_analysnum6matchF1procLONGpredAB1singleT0reproduce2_Yintonly.csv,0,0,0,NA,rh_middletemporal,NA
rh_parahippocampal_thickness.aparcnative71,convgroup,-0.0481168192066418,0.0388275120501358,-1.23924549027275,0.218184454454256,convgroup,-0.249097716022712,0.95,-0.643962704338837,0.147014553046384,3,analysnum6matchF1procLONGpredAB1singleT0reproduce2,reduced,_Yintonly,level,/cluster/projects/p274/projects/p040-ad_change/Berkeley/results/cortmaps/analysnum6matchF1procLONGpredAB1singleT0reproduce2/thickness/thickness_cortmapAB3_nTime2_analysnum6matchF1procLONGpredAB1singleT0reproduce2_Yintonly.csv,0,0,0,NA,rh_parahippocampal,NA
rh_paracentral_thickness.aparcnative71,convgroup,0.0449330899798792,0.0256114092733372,1.75441692803124,0.0824532498836266,convgroup,0.352651071280459,0.95,-0.0452356379437844,0.74878483847614,3,analysnum6matchF1procLONGpredAB1singleT0reproduce2,reduced,_Yintonly,level,/cluster/projects/p274/projects/p040-ad_change/Berkeley/results/cortmaps/analysnum6matchF1procLONGpredAB1singleT0reproduce2/thickness/thickness_cortmapAB3_nTime2_analysnum6matchF1procLONGpredAB1singleT0reproduce2_Yintonly.csv,0,0,0,NA,rh_paracentral,NA
rh_parsopercularis_thickness.aparcnative71,convgroup,0.041840382596832,0.0196869183266195,2.12528857501572,0.0360513452304845,convgroup,0.427199077245833,0.95,0.0277197681640118,0.824569166507277,3,analysnum6matchF1procLONGpredAB1singleT0reproduce2,reduced,_Yintonly,level,/cluster/projects/p274/projects/p040-ad_change/Berkeley/results/cortmaps/analysnum6matchF1procLONGpredAB1singleT0reproduce2/thickness/thickness_cortmapAB3_nTime2_analysnum6matchF1procLONGpredAB1singleT0reproduce2_Yintonly.csv,1,1,0,#aad6e7,rh_parsopercularis,positive_sigonly
rh_parsorbitalis_thickness.aparcnative71,convgroup,0.00455735644478666,0.0270649846496612,0.168385702182311,0.866623389051118,convgroup,0.0338467996484396,0.95,-0.360234264591617,0.427757169633996,3,analysnum6matchF1procLONGpredAB1singleT0reproduce2,reduced,_Yintonly,level,/cluster/projects/p274/projects/p040-ad_change/Berkeley/results/cortmaps/analysnum6matchF1procLONGpredAB1singleT0reproduce2/thickness/thickness_cortmapAB3_nTime2_analysnum6matchF1procLONGpredAB1singleT0reproduce2_Yintonly.csv,0,0,0,NA,rh_parsorbitalis,NA
rh_parstriangularis_thickness.aparcnative71,convgroup,0.0277527554599917,0.0207943626052716,1.33462881199138,0.185059270250527,convgroup,0.268270485077164,0.95,-0.128131586583396,0.663330869503931,3,analysnum6matchF1procLONGpredAB1singleT0reproduce2,reduced,_Yintonly,level,/cluster/projects/p274/projects/p040-ad_change/Berkeley/results/cortmaps/analysnum6matchF1procLONGpredAB1singleT0reproduce2/thickness/thickness_cortmapAB3_nTime2_analysnum6matchF1procLONGpredAB1singleT0reproduce2_Yintonly.csv,0,0,0,NA,rh_parstriangularis,NA
rh_pericalcarine_thickness.aparcnative71,convgroup,0.00319570077656209,0.0219688268908968,0.145465244568261,0.884639314676285,convgroup,0.0292396143194064,0.95,-0.364822564928759,0.423154401602554,3,analysnum6matchF1procLONGpredAB1singleT0reproduce2,reduced,_Yintonly,level,/cluster/projects/p274/projects/p040-ad_change/Berkeley/results/cortmaps/analysnum6matchF1procLONGpredAB1singleT0reproduce2/thickness/thickness_cortmapAB3_nTime2_analysnum6matchF1procLONGpredAB1singleT0reproduce2_Yintonly.csv,0,0,0,NA,rh_pericalcarine,NA
rh_postcentral_thickness.aparcnative71,convgroup,0.00302332113346274,0.0193128197815025,0.156544780496446,0.875922419685674,convgroup,0.0314666848360762,0.95,-0.362604578490016,0.425379243458318,3,analysnum6matchF1procLONGpredAB1singleT0reproduce2,reduced,_Yintonly,level,/cluster/projects/p274/projects/p040-ad_change/Berkeley/results/cortmaps/analysnum6matchF1procLONGpredAB1singleT0reproduce2/thickness/thickness_cortmapAB3_nTime2_analysnum6matchF1procLONGpredAB1singleT0reproduce2_Yintonly.csv,0,0,0,NA,rh_postcentral,NA
rh_posteriorcingulate_thickness.aparcnative71,convgroup,0.00585099167783309,0.0226459288409062,0.258368368060233,0.79665900313662,convgroup,0.0519339960334688,0.95,-0.342230763960906,0.445836876721332,3,analysnum6matchF1procLONGpredAB1singleT0reproduce2,reduced,_Yintonly,level,/cluster/projects/p274/projects/p040-ad_change/Berkeley/results/cortmaps/analysnum6matchF1procLONGpredAB1singleT0reproduce2/thickness/thickness_cortmapAB3_nTime2_analysnum6matchF1procLONGpredAB1singleT0reproduce2_Yintonly.csv,0,0,0,NA,rh_posteriorcingulate,NA
rh_precentral_thickness.aparcnative71,convgroup,0.0493859153820649,0.0223465864108206,2.20999818380096,0.0294088987388508,convgroup,0.444226349274829,0.95,0.0443468040275013,0.841916476150084,3,analysnum6matchF1procLONGpredAB1singleT0reproduce2,reduced,_Yintonly,level,/cluster/projects/p274/projects/p040-ad_change/Berkeley/results/cortmaps/analysnum6matchF1procLONGpredAB1singleT0reproduce2/thickness/thickness_cortmapAB3_nTime2_analysnum6matchF1procLONGpredAB1singleT0reproduce2_Yintonly.csv,1,1,0,#aad6e7,rh_precentral,positive_sigonly
rh_precuneus_thickness.aparcnative71,convgroup,0.00978295003495293,0.0187618993205463,0.521426422123455,0.603234273361801,convgroup,0.104810654421877,0.95,-0.289690630464591,0.49878396886111,3,analysnum6matchF1procLONGpredAB1singleT0reproduce2,reduced,_Yintonly,level,/cluster/projects/p274/projects/p040-ad_change/Berkeley/results/cortmaps/analysnum6matchF1procLONGpredAB1singleT0reproduce2/thickness/thickness_cortmapAB3_nTime2_analysnum6matchF1procLONGpredAB1singleT0reproduce2_Yintonly.csv,0,0,0,NA,rh_precuneus,NA
rh_rostralanteriorcingulate_thickness.aparcnative71,convgroup,0.0104865621113648,0.0322170017043294,0.32549776691217,0.745491312576579,convgroup,0.0654275129058319,0.95,-0.328810112340996,0.459335296052093,3,analysnum6matchF1procLONGpredAB1singleT0reproduce2,reduced,_Yintonly,level,/cluster/projects/p274/projects/p040-ad_change/Berkeley/results/cortmaps/analysnum6matchF1procLONGpredAB1singleT0reproduce2/thickness/thickness_cortmapAB3_nTime2_analysnum6matchF1procLONGpredAB1singleT0reproduce2_Yintonly.csv,0,0,0,NA,rh_rostralanteriorcingulate,NA
rh_rostralmiddlefrontal_thickness.aparcnative71,convgroup,0.0288425273715289,0.0167772306443406,1.71914709781129,0.0887128812182261,convgroup,0.345561568658695,0.95,-0.0521873548524055,0.741591835152818,3,analysnum6matchF1procLONGpredAB1singleT0reproduce2,reduced,_Yintonly,level,/cluster/projects/p274/projects/p040-ad_change/Berkeley/results/cortmaps/analysnum6matchF1procLONGpredAB1singleT0reproduce2/thickness/thickness_cortmapAB3_nTime2_analysnum6matchF1procLONGpredAB1singleT0reproduce2_Yintonly.csv,0,0,0,NA,rh_rostralmiddlefrontal,NA
rh_superiorfrontal_thickness.aparcnative71,convgroup,0.0438217311695571,0.0208417950600883,2.1025891024845,0.0380383187425144,convgroup,0.422636311589771,0.95,0.0232620885271469,0.81992301845308,3,analysnum6matchF1procLONGpredAB1singleT0reproduce2,reduced,_Yintonly,level,/cluster/projects/p274/projects/p040-ad_change/Berkeley/results/cortmaps/analysnum6matchF1procLONGpredAB1singleT0reproduce2/thickness/thickness_cortmapAB3_nTime2_analysnum6matchF1procLONGpredAB1singleT0reproduce2_Yintonly.csv,1,1,0,#aad6e7,rh_superiorfrontal,positive_sigonly
rh_superiorparietal_thickness.aparcnative71,convgroup,0.0103921603119031,0.0213341435611288,0.487114014308864,0.627254352406698,convgroup,0.0979136009446251,0.95,-0.296536050716797,0.4918699712308,3,analysnum6matchF1procLONGpredAB1singleT0reproduce2,reduced,_Yintonly,level,/cluster/projects/p274/projects/p040-ad_change/Berkeley/results/cortmaps/analysnum6matchF1procLONGpredAB1singleT0reproduce2/thickness/thickness_cortmapAB3_nTime2_analysnum6matchF1procLONGpredAB1singleT0reproduce2_Yintonly.csv,0,0,0,NA,rh_superiorparietal,NA
rh_superiortemporal_thickness.aparcnative71,convgroup,1.54588539250175e-05,0.0215203426751732,0.000718336792232005,0.999428295711286,convgroup,0.000144391128057033,0.95,-0.393823514656238,0.394111736196402,3,analysnum6matchF1procLONGpredAB1singleT0reproduce2,reduced,_Yintonly,level,/cluster/projects/p274/projects/p040-ad_change/Berkeley/results/cortmaps/analysnum6matchF1procLONGpredAB1singleT0reproduce2/thickness/thickness_cortmapAB3_nTime2_analysnum6matchF1procLONGpredAB1singleT0reproduce2_Yintonly.csv,0,0,0,NA,rh_superiortemporal,NA
rh_supramarginal_thickness.aparcnative71,convgroup,0.0286889178348099,0.0188470136302368,1.52219966503253,0.13114689494181,convgroup,0.305973645146519,0.95,-0.0910497856061296,0.701470726489144,3,analysnum6matchF1procLONGpredAB1singleT0reproduce2,reduced,_Yintonly,level,/cluster/projects/p274/projects/p040-ad_change/Berkeley/results/cortmaps/analysnum6matchF1procLONGpredAB1singleT0reproduce2/thickness/thickness_cortmapAB3_nTime2_analysnum6matchF1procLONGpredAB1singleT0reproduce2_Yintonly.csv,0,0,0,NA,rh_supramarginal,NA
rh_frontalpole_thickness.aparcnative71,convgroup,0.0538910232399106,0.0374845262056918,1.43768719242148,0.153676230718648,convgroup,0.288985998979488,0.95,-0.107749045014836,0.684277764186811,3,analysnum6matchF1procLONGpredAB1singleT0reproduce2,reduced,_Yintonly,level,/cluster/projects/p274/projects/p040-ad_change/Berkeley/results/cortmaps/analysnum6matchF1procLONGpredAB1singleT0reproduce2/thickness/thickness_cortmapAB3_nTime2_analysnum6matchF1procLONGpredAB1singleT0reproduce2_Yintonly.csv,0,0,0,NA,rh_frontalpole,NA
rh_temporalpole_thickness.aparcnative71,convgroup,0.0464306609877668,0.0499354402479474,0.929813790711003,0.354729209586451,convgroup,0.186899604162814,0.95,-0.208394391397411,0.581254779066542,3,analysnum6matchF1procLONGpredAB1singleT0reproduce2,reduced,_Yintonly,level,/cluster/projects/p274/projects/p040-ad_change/Berkeley/results/cortmaps/analysnum6matchF1procLONGpredAB1singleT0reproduce2/thickness/thickness_cortmapAB3_nTime2_analysnum6matchF1procLONGpredAB1singleT0reproduce2_Yintonly.csv,0,0,0,NA,rh_temporalpole,NA
rh_transversetemporal_thickness.aparcnative71,convgroup,-0.044810096039565,0.0328356442286436,-1.36467844905189,0.175447922530783,convgroup,-0.274310689393289,0.95,-0.669436347353182,0.122186359078684,3,analysnum6matchF1procLONGpredAB1singleT0reproduce2,reduced,_Yintonly,level,/cluster/projects/p274/projects/p040-ad_change/Berkeley/results/cortmaps/analysnum6matchF1procLONGpredAB1singleT0reproduce2/thickness/thickness_cortmapAB3_nTime2_analysnum6matchF1procLONGpredAB1singleT0reproduce2_Yintonly.csv,0,0,0,NA,rh_transversetemporal,NA
rh_insula_thickness.aparcnative71,convgroup,0.055016390512946,0.0261572669769038,2.10329276990306,0.0379753321274576,convgroup,0.422777754062774,0.95,0.023400302690201,0.820067013347431,3,analysnum6matchF1procLONGpredAB1singleT0reproduce2,reduced,_Yintonly,level,/cluster/projects/p274/projects/p040-ad_change/Berkeley/results/cortmaps/analysnum6matchF1procLONGpredAB1singleT0reproduce2/thickness/thickness_cortmapAB3_nTime2_analysnum6matchF1procLONGpredAB1singleT0reproduce2_Yintonly.csv,1,1,0,#aad6e7,rh_insula,positive_sigonly
rh_MeanThickness_thickness.aparcnative71,convgroup,0.0148003659672654,0.013575217419273,1.09024890800299,0.27825006391659,convgroup,0.219148276117612,0.95,-0.176546643840751,0.613744080248648,3,analysnum6matchF1procLONGpredAB1singleT0reproduce2,reduced,_Yintonly,level,/cluster/projects/p274/projects/p040-ad_change/Berkeley/results/cortmaps/analysnum6matchF1procLONGpredAB1singleT0reproduce2/thickness/thickness_cortmapAB3_nTime2_analysnum6matchF1procLONGpredAB1singleT0reproduce2_Yintonly.csv,0,0,0,NA,rh_MeanThickness,NA
lh_bankssts_thickness.aparcnative71,convgroup,-0.0281774455170163,0.0283448917278737,-0.994092543641904,0.323374304197323,convgroup,-0.229575839068421,0.95,-0.682934502572477,0.225301182730659,4,analysnum6matchF1procLONGpredAB1singleT0reproduce2,reduced,_Yintonly,level,/cluster/projects/p274/projects/p040-ad_change/Berkeley/results/cortmaps/analysnum6matchF1procLONGpredAB1singleT0reproduce2/thickness/thickness_cortmapAB4_nTime2_analysnum6matchF1procLONGpredAB1singleT0reproduce2_Yintonly.csv,0,0,0,NA,lh_bankssts,NA
lh_caudalanteriorcingulate_thickness.aparcnative71,convgroup,0.0709548922111647,0.0472099745829336,1.50296399940903,0.137047525920062,convgroup,0.347094667856449,0.95,-0.110062437163817,0.80197434021201,4,analysnum6matchF1procLONGpredAB1singleT0reproduce2,reduced,_Yintonly,level,/cluster/projects/p274/projects/p040-ad_change/Berkeley/results/cortmaps/analysnum6matchF1procLONGpredAB1singleT0reproduce2/thickness/thickness_cortmapAB4_nTime2_analysnum6matchF1procLONGpredAB1singleT0reproduce2_Yintonly.csv,0,0,0,NA,lh_caudalanteriorcingulate,NA
lh_caudalmiddlefrontal_thickness.aparcnative71,convgroup,0.0467598504534765,0.0278081842201208,1.6815139774442,0.096823007464117,convgroup,0.388329019009412,0.95,-0.06980671912341,0.84392581403444,4,analysnum6matchF1procLONGpredAB1singleT0reproduce2,reduced,_Yintonly,level,/cluster/projects/p274/projects/p040-ad_change/Berkeley/results/cortmaps/analysnum6matchF1procLONGpredAB1singleT0reproduce2/thickness/thickness_cortmapAB4_nTime2_analysnum6matchF1procLONGpredAB1singleT0reproduce2_Yintonly.csv,0,0,0,NA,lh_caudalmiddlefrontal,NA
lh_cuneus_thickness.aparcnative71,convgroup,-0.00273239706157045,0.0259774645095916,-0.105183362316271,0.916511114326841,convgroup,-0.0242910570190276,0.95,-0.476861177499111,0.428440692721821,4,analysnum6matchF1procLONGpredAB1singleT0reproduce2,reduced,_Yintonly,level,/cluster/projects/p274/projects/p040-ad_change/Berkeley/results/cortmaps/analysnum6matchF1procLONGpredAB1singleT0reproduce2/thickness/thickness_cortmapAB4_nTime2_analysnum6matchF1procLONGpredAB1singleT0reproduce2_Yintonly.csv,0,0,0,NA,lh_cuneus,NA
lh_entorhinal_thickness.aparcnative71,convgroup,0.102276994945408,0.0506149040232353,2.02068929931106,0.0468821724225739,convgroup,0.466658204362336,0.95,0.00641132399654706,0.923877656193181,4,analysnum6matchF1procLONGpredAB1singleT0reproduce2,reduced,_Yintonly,level,/cluster/projects/p274/projects/p040-ad_change/Berkeley/results/cortmaps/analysnum6matchF1procLONGpredAB1singleT0reproduce2/thickness/thickness_cortmapAB4_nTime2_analysnum6matchF1procLONGpredAB1singleT0reproduce2_Yintonly.csv,1,1,0,#aad6e7,lh_entorhinal,positive_sigonly
lh_fusiform_thickness.aparcnative71,convgroup,-0.00910622840631701,0.0244191268896191,-0.372913759262548,0.710264488515915,convgroup,-0.0861207437178989,0.95,-0.5386777569452,0.36700894829392,4,analysnum6matchF1procLONGpredAB1singleT0reproduce2,reduced,_Yintonly,level,/cluster/projects/p274/projects/p040-ad_change/Berkeley/results/cortmaps/analysnum6matchF1procLONGpredAB1singleT0reproduce2/thickness/thickness_cortmapAB4_nTime2_analysnum6matchF1procLONGpredAB1singleT0reproduce2_Yintonly.csv,0,0,0,NA,lh_fusiform,NA
lh_inferiorparietal_thickness.aparcnative71,convgroup,-0.00755974266068166,0.0238529052639353,-0.316931735444056,0.752175937057207,convgroup,-0.0731922491093443,0.95,-0.525734160879906,0.37983647459458,4,analysnum6matchF1procLONGpredAB1singleT0reproduce2,reduced,_Yintonly,level,/cluster/projects/p274/projects/p040-ad_change/Berkeley/results/cortmaps/analysnum6matchF1procLONGpredAB1singleT0reproduce2/thickness/thickness_cortmapAB4_nTime2_analysnum6matchF1procLONGpredAB1singleT0reproduce2_Yintonly.csv,0,0,0,NA,lh_inferiorparietal,NA
lh_inferiortemporal_thickness.aparcnative71,convgroup,-0.0125401044610315,0.0255210955979406,-0.491362308992855,0.624605106671588,convgroup,-0.113475264546664,0.95,-0.566095453063707,0.339898995463415,4,analysnum6matchF1procLONGpredAB1singleT0reproduce2,reduced,_Yintonly,level,/cluster/projects/p274/projects/p040-ad_change/Berkeley/results/cortmaps/analysnum6matchF1procLONGpredAB1singleT0reproduce2/thickness/thickness_cortmapAB4_nTime2_analysnum6matchF1procLONGpredAB1singleT0reproduce2_Yintonly.csv,0,0,0,NA,lh_inferiortemporal,NA
lh_isthmuscingulate_thickness.aparcnative71,convgroup,-0.0248034524002871,0.0358292879152273,-0.692267523121657,0.490907145015254,convgroup,-0.15987233633021,0.95,-0.612696280761474,0.294012397046632,4,analysnum6matchF1procLONGpredAB1singleT0reproduce2,reduced,_Yintonly,level,/cluster/projects/p274/projects/p040-ad_change/Berkeley/results/cortmaps/analysnum6matchF1procLONGpredAB1singleT0reproduce2/thickness/thickness_cortmapAB4_nTime2_analysnum6matchF1procLONGpredAB1singleT0reproduce2_Yintonly.csv,0,0,0,NA,lh_isthmuscingulate,NA
lh_lateraloccipital_thickness.aparcnative71,convgroup,0.0105563123789022,0.0238361405574201,0.442870033991976,0.659134481996548,convgroup,0.102276453336514,0.95,-0.350992592735235,0.554865650742775,4,analysnum6matchF1procLONGpredAB1singleT0reproduce2,reduced,_Yintonly,level,/cluster/projects/p274/projects/p040-ad_change/Berkeley/results/cortmaps/analysnum6matchF1procLONGpredAB1singleT0reproduce2/thickness/thickness_cortmapAB4_nTime2_analysnum6matchF1procLONGpredAB1singleT0reproduce2_Yintonly.csv,0,0,0,NA,lh_lateraloccipital,NA
lh_lateralorbitofrontal_thickness.aparcnative71,convgroup,0.029279065968046,0.0221036018768761,1.32462872481777,0.189316458205708,convgroup,0.305909900339939,0.95,-0.150362015925333,0.76016826370046,4,analysnum6matchF1procLONGpredAB1singleT0reproduce2,reduced,_Yintonly,level,/cluster/projects/p274/projects/p040-ad_change/Berkeley/results/cortmaps/analysnum6matchF1procLONGpredAB1singleT0reproduce2/thickness/thickness_cortmapAB4_nTime2_analysnum6matchF1procLONGpredAB1singleT0reproduce2_Yintonly.csv,0,0,0,NA,lh_lateralorbitofrontal,NA
lh_lingual_thickness.aparcnative71,convgroup,-0.0310562109333096,0.0257067767068758,-1.20809432031994,0.230806558952719,convgroup,-0.27899743241727,0.95,-0.732901186836221,0.176746118809528,4,analysnum6matchF1procLONGpredAB1singleT0reproduce2,reduced,_Yintonly,level,/cluster/projects/p274/projects/p040-ad_change/Berkeley/results/cortmaps/analysnum6matchF1procLONGpredAB1singleT0reproduce2/thickness/thickness_cortmapAB4_nTime2_analysnum6matchF1procLONGpredAB1singleT0reproduce2_Yintonly.csv,0,0,0,NA,lh_lingual,NA
lh_medialorbitofrontal_thickness.aparcnative71,convgroup,0.032860244001331,0.0263894553041057,1.2452035717546,0.216933429681961,convgroup,0.287567446939362,0.95,-0.16834016722297,0.741579704567289,4,analysnum6matchF1procLONGpredAB1singleT0reproduce2,reduced,_Yintonly,level,/cluster/projects/p274/projects/p040-ad_change/Berkeley/results/cortmaps/analysnum6matchF1procLONGpredAB1singleT0reproduce2/thickness/thickness_cortmapAB4_nTime2_analysnum6matchF1procLONGpredAB1singleT0reproduce2_Yintonly.csv,0,0,0,NA,lh_medialorbitofrontal,NA
lh_middletemporal_thickness.aparcnative71,convgroup,-0.00811600936118457,0.0232278199209184,-0.349409001310341,0.727761449271792,convgroup,-0.0806925523855215,0.95,-0.533242080572554,0.372393609313658,4,analysnum6matchF1procLONGpredAB1singleT0reproduce2,reduced,_Yintonly,level,/cluster/projects/p274/projects/p040-ad_change/Berkeley/results/cortmaps/analysnum6matchF1procLONGpredAB1singleT0reproduce2/thickness/thickness_cortmapAB4_nTime2_analysnum6matchF1procLONGpredAB1singleT0reproduce2_Yintonly.csv,0,0,0,NA,lh_middletemporal,NA
lh_parahippocampal_thickness.aparcnative71,convgroup,-0.064634535134083,0.0533347478105675,-1.21186539333887,0.229368065233313,convgroup,-0.279868324426316,0.95,-0.733782926818324,0.175891721087176,4,analysnum6matchF1procLONGpredAB1singleT0reproduce2,reduced,_Yintonly,level,/cluster/projects/p274/projects/p040-ad_change/Berkeley/results/cortmaps/analysnum6matchF1procLONGpredAB1singleT0reproduce2/thickness/thickness_cortmapAB4_nTime2_analysnum6matchF1procLONGpredAB1singleT0reproduce2_Yintonly.csv,0,0,0,NA,lh_parahippocampal,NA
lh_paracentral_thickness.aparcnative71,convgroup,0.0863383727914614,0.0317531835348649,2.71904619253884,0.00812987553448794,convgroup,0.627936820480531,0.95,0.162322373839753,1.08955899873676,4,analysnum6matchF1procLONGpredAB1singleT0reproduce2,reduced,_Yintonly,level,/cluster/projects/p274/projects/p040-ad_change/Berkeley/results/cortmaps/analysnum6matchF1procLONGpredAB1singleT0reproduce2/thickness/thickness_cortmapAB4_nTime2_analysnum6matchF1procLONGpredAB1singleT0reproduce2_Yintonly.csv,1,1,0,#aad6e7,lh_paracentral,positive_sigonly
lh_parsopercularis_thickness.aparcnative71,convgroup,0.024373945955939,0.0265939498141848,0.916522221266219,0.362330782327889,convgroup,0.21166174046653,0.95,-0.242934552429801,0.664856785271621,4,analysnum6matchF1procLONGpredAB1singleT0reproduce2,reduced,_Yintonly,level,/cluster/projects/p274/projects/p040-ad_change/Berkeley/results/cortmaps/analysnum6matchF1procLONGpredAB1singleT0reproduce2/thickness/thickness_cortmapAB4_nTime2_analysnum6matchF1procLONGpredAB1singleT0reproduce2_Yintonly.csv,0,0,0,NA,lh_parsopercularis,NA
lh_parsorbitalis_thickness.aparcnative71,convgroup,0.0439865651564024,0.0362445025134268,1.21360653633216,0.22870609832226,convgroup,0.280270424176666,0.95,-0.17549724951001,0.734190040721414,4,analysnum6matchF1procLONGpredAB1singleT0reproduce2,reduced,_Yintonly,level,/cluster/projects/p274/projects/p040-ad_change/Berkeley/results/cortmaps/analysnum6matchF1procLONGpredAB1singleT0reproduce2/thickness/thickness_cortmapAB4_nTime2_analysnum6matchF1procLONGpredAB1singleT0reproduce2_Yintonly.csv,0,0,0,NA,lh_parsorbitalis,NA
lh_parstriangularis_thickness.aparcnative71,convgroup,0.0186911269747173,0.0274041520139216,0.682054564768947,0.497305477472526,convgroup,0.157513754628546,0.95,-0.296342138889263,0.610324412625785,4,analysnum6matchF1procLONGpredAB1singleT0reproduce2,reduced,_Yintonly,level,/cluster/projects/p274/projects/p040-ad_change/Berkeley/results/cortmaps/analysnum6matchF1procLONGpredAB1singleT0reproduce2/thickness/thickness_cortmapAB4_nTime2_analysnum6matchF1procLONGpredAB1singleT0reproduce2_Yintonly.csv,0,0,0,NA,lh_parstriangularis,NA
lh_pericalcarine_thickness.aparcnative71,convgroup,0.00565881297377136,0.0279689852595341,0.202324572066567,0.840210819688711,convgroup,0.0467248584585234,0.95,-0.406126434785958,0.499265242418848,4,analysnum6matchF1procLONGpredAB1singleT0reproduce2,reduced,_Yintonly,level,/cluster/projects/p274/projects/p040-ad_change/Berkeley/results/cortmaps/analysnum6matchF1procLONGpredAB1singleT0reproduce2/thickness/thickness_cortmapAB4_nTime2_analysnum6matchF1procLONGpredAB1singleT0reproduce2_Yintonly.csv,0,0,0,NA,lh_pericalcarine,NA
lh_postcentral_thickness.aparcnative71,convgroup,-0.00941851628966864,0.023216204006115,-0.405687178110076,0.686127517179019,convgroup,-0.0936894405954528,0.95,-0.546259705735689,0.35950371104845,4,analysnum6matchF1procLONGpredAB1singleT0reproduce2,reduced,_Yintonly,level,/cluster/projects/p274/projects/p040-ad_change/Berkeley/results/cortmaps/analysnum6matchF1procLONGpredAB1singleT0reproduce2/thickness/thickness_cortmapAB4_nTime2_analysnum6matchF1procLONGpredAB1singleT0reproduce2_Yintonly.csv,0,0,0,NA,lh_postcentral,NA
lh_posteriorcingulate_thickness.aparcnative71,convgroup,0.0305269733925642,0.0310685017523564,0.982569859206321,0.328978283600513,convgroup,0.226914789084153,0.95,-0.227919452444079,0.68024798043372,4,analysnum6matchF1procLONGpredAB1singleT0reproduce2,reduced,_Yintonly,level,/cluster/projects/p274/projects/p040-ad_change/Berkeley/results/cortmaps/analysnum6matchF1procLONGpredAB1singleT0reproduce2/thickness/thickness_cortmapAB4_nTime2_analysnum6matchF1procLONGpredAB1singleT0reproduce2_Yintonly.csv,0,0,0,NA,lh_posteriorcingulate,NA
lh_precentral_thickness.aparcnative71,convgroup,0.0739083655354553,0.0329310908067155,2.24433396297895,0.0277604041095166,convgroup,0.518306727070926,0.95,0.0564890825305103,0.976781549710906,4,analysnum6matchF1procLONGpredAB1singleT0reproduce2,reduced,_Yintonly,level,/cluster/projects/p274/projects/p040-ad_change/Berkeley/results/cortmaps/analysnum6matchF1procLONGpredAB1singleT0reproduce2/thickness/thickness_cortmapAB4_nTime2_analysnum6matchF1procLONGpredAB1singleT0reproduce2_Yintonly.csv,1,1,0,#aad6e7,lh_precentral,positive_sigonly
lh_precuneus_thickness.aparcnative71,convgroup,0.00847276298971236,0.0227002466839589,0.373245414804219,0.710018689163978,convgroup,0.0861973362844037,0.95,-0.36693296681642,0.538754480844185,4,analysnum6matchF1procLONGpredAB1singleT0reproduce2,reduced,_Yintonly,level,/cluster/projects/p274/projects/p040-ad_change/Berkeley/results/cortmaps/analysnum6matchF1procLONGpredAB1singleT0reproduce2/thickness/thickness_cortmapAB4_nTime2_analysnum6matchF1procLONGpredAB1singleT0reproduce2_Yintonly.csv,0,0,0,NA,lh_precuneus,NA
lh_rostralanteriorcingulate_thickness.aparcnative71,convgroup,-0.0257183145017222,0.0367399028562582,-0.700010411087448,0.486086521426496,convgroup,-0.161660479710751,0.95,-0.614494713360191,0.292246383320561,4,analysnum6matchF1procLONGpredAB1singleT0reproduce2,reduced,_Yintonly,level,/cluster/projects/p274/projects/p040-ad_change/Berkeley/results/cortmaps/analysnum6matchF1procLONGpredAB1singleT0reproduce2/thickness/thickness_cortmapAB4_nTime2_analysnum6matchF1procLONGpredAB1singleT0reproduce2_Yintonly.csv,0,0,0,NA,lh_rostralanteriorcingulate,NA
lh_rostralmiddlefrontal_thickness.aparcnative71,convgroup,0.047270220545227,0.0214068658608253,2.2081803498256,0.0302877956461889,convgroup,0.509957407756422,0.95,0.0484032208638325,0.96821935387848,4,analysnum6matchF1procLONGpredAB1singleT0reproduce2,reduced,_Yintonly,level,/cluster/projects/p274/projects/p040-ad_change/Berkeley/results/cortmaps/analysnum6matchF1procLONGpredAB1singleT0reproduce2/thickness/thickness_cortmapAB4_nTime2_analysnum6matchF1procLONGpredAB1singleT0reproduce2_Yintonly.csv,1,1,0,#aad6e7,lh_rostralmiddlefrontal,positive_sigonly
lh_superiorfrontal_thickness.aparcnative71,convgroup,0.0849910982659468,0.0262671260778697,3.23564511831207,0.00180706711206863,convgroup,0.74724023202383,0.95,0.276795506363585,1.21302071200622,4,analysnum6matchF1procLONGpredAB1singleT0reproduce2,reduced,_Yintonly,level,/cluster/projects/p274/projects/p040-ad_change/Berkeley/results/cortmaps/analysnum6matchF1procLONGpredAB1singleT0reproduce2/thickness/thickness_cortmapAB4_nTime2_analysnum6matchF1procLONGpredAB1singleT0reproduce2_Yintonly.csv,1,1,0,#aad6e7,lh_superiorfrontal,positive_sigonly
lh_superiorparietal_thickness.aparcnative71,convgroup,0.00127028390391039,0.0255676353493031,0.0496832767894203,0.96050685985136,convgroup,0.0114738612914378,0.95,-0.441202316437946,0.464073675508065,4,analysnum6matchF1procLONGpredAB1singleT0reproduce2,reduced,_Yintonly,level,/cluster/projects/p274/projects/p040-ad_change/Berkeley/results/cortmaps/analysnum6matchF1procLONGpredAB1singleT0reproduce2/thickness/thickness_cortmapAB4_nTime2_analysnum6matchF1procLONGpredAB1singleT0reproduce2_Yintonly.csv,0,0,0,NA,lh_superiorparietal,NA
lh_superiortemporal_thickness.aparcnative71,convgroup,-0.0153185415173215,0.0278155614404584,-0.550718400925041,0.583463472906976,convgroup,-0.127182966808701,0.95,-0.579850686997117,0.326329577989202,4,analysnum6matchF1procLONGpredAB1singleT0reproduce2,reduced,_Yintonly,level,/cluster/projects/p274/projects/p040-ad_change/Berkeley/results/cortmaps/analysnum6matchF1procLONGpredAB1singleT0reproduce2/thickness/thickness_cortmapAB4_nTime2_analysnum6matchF1procLONGpredAB1singleT0reproduce2_Yintonly.csv,0,0,0,NA,lh_superiortemporal,NA
lh_supramarginal_thickness.aparcnative71,convgroup,0.0241961528417466,0.0243223422913144,0.994811788763747,0.323026620947351,convgroup,0.229741941614305,0.95,-0.22513780682954,0.683102218644543,4,analysnum6matchF1procLONGpredAB1singleT0reproduce2,reduced,_Yintonly,level,/cluster/projects/p274/projects/p040-ad_change/Berkeley/results/cortmaps/analysnum6matchF1procLONGpredAB1singleT0reproduce2/thickness/thickness_cortmapAB4_nTime2_analysnum6matchF1procLONGpredAB1singleT0reproduce2_Yintonly.csv,0,0,0,NA,lh_supramarginal,NA
lh_frontalpole_thickness.aparcnative71,convgroup,0.0478593987028191,0.0402929592409956,1.18778564802272,0.23866590095084,convgroup,0.274307345450197,0.95,-0.181348264185887,0.728153435298243,4,analysnum6matchF1procLONGpredAB1singleT0reproduce2,reduced,_Yintonly,level,/cluster/projects/p274/projects/p040-ad_change/Berkeley/results/cortmaps/analysnum6matchF1procLONGpredAB1singleT0reproduce2/thickness/thickness_cortmapAB4_nTime2_analysnum6matchF1procLONGpredAB1singleT0reproduce2_Yintonly.csv,0,0,0,NA,lh_frontalpole,NA
lh_temporalpole_thickness.aparcnative71,convgroup,0.0181553928600895,0.0543779925342294,0.333873907696411,0.739406443897765,convgroup,0.0771048761935661,0.95,-0.375953403128023,0.529650355617371,4,analysnum6matchF1procLONGpredAB1singleT0reproduce2,reduced,_Yintonly,level,/cluster/projects/p274/projects/p040-ad_change/Berkeley/results/cortmaps/analysnum6matchF1procLONGpredAB1singleT0reproduce2/thickness/thickness_cortmapAB4_nTime2_analysnum6matchF1procLONGpredAB1singleT0reproduce2_Yintonly.csv,0,0,0,NA,lh_temporalpole,NA
lh_transversetemporal_thickness.aparcnative71,convgroup,-0.00862432641439671,0.0382328897080833,-0.225573491311941,0.822146708612856,convgroup,-0.0520939663723971,0.95,-0.504631458809832,0.400790136658108,4,analysnum6matchF1procLONGpredAB1singleT0reproduce2,reduced,_Yintonly,level,/cluster/projects/p274/projects/p040-ad_change/Berkeley/results/cortmaps/analysnum6matchF1procLONGpredAB1singleT0reproduce2/thickness/thickness_cortmapAB4_nTime2_analysnum6matchF1procLONGpredAB1singleT0reproduce2_Yintonly.csv,0,0,0,NA,lh_transversetemporal,NA
lh_insula_thickness.aparcnative71,convgroup,0.0745471063813095,0.0326229934802858,2.28510931795264,0.0251341904262256,convgroup,0.527723391939073,0.95,0.0656041828062059,0.986442899114936,4,analysnum6matchF1procLONGpredAB1singleT0reproduce2,reduced,_Yintonly,level,/cluster/projects/p274/projects/p040-ad_change/Berkeley/results/cortmaps/analysnum6matchF1procLONGpredAB1singleT0reproduce2/thickness/thickness_cortmapAB4_nTime2_analysnum6matchF1procLONGpredAB1singleT0reproduce2_Yintonly.csv,1,1,0,#aad6e7,lh_insula,positive_sigonly
lh_MeanThickness_thickness.aparcnative71,convgroup,0.0242402188285476,0.0172051120965752,1.40889630317333,0.162998387416394,convgroup,0.325370663958957,0.95,-0.131307987909651,0.77991076890157,4,analysnum6matchF1procLONGpredAB1singleT0reproduce2,reduced,_Yintonly,level,/cluster/projects/p274/projects/p040-ad_change/Berkeley/results/cortmaps/analysnum6matchF1procLONGpredAB1singleT0reproduce2/thickness/thickness_cortmapAB4_nTime2_analysnum6matchF1procLONGpredAB1singleT0reproduce2_Yintonly.csv,0,0,0,NA,lh_MeanThickness,NA
rh_bankssts_thickness.aparcnative71,convgroup,-0.0575207628993694,0.0327158491744848,-1.75819256876359,0.0827944267175472,convgroup,-0.406037181145143,0.95,-0.861971005736504,0.052547026228513,4,analysnum6matchF1procLONGpredAB1singleT0reproduce2,reduced,_Yintonly,level,/cluster/projects/p274/projects/p040-ad_change/Berkeley/results/cortmaps/analysnum6matchF1procLONGpredAB1singleT0reproduce2/thickness/thickness_cortmapAB4_nTime2_analysnum6matchF1procLONGpredAB1singleT0reproduce2_Yintonly.csv,0,0,0,NA,rh_bankssts,NA
rh_caudalanteriorcingulate_thickness.aparcnative71,convgroup,3.52241845249043e-06,0.0452674811698884,7.7813440497624e-05,0.999938120460426,convgroup,1.79702443271497e-05,0.95,-0.452616369384654,0.452462103415881,4,analysnum6matchF1procLONGpredAB1singleT0reproduce2,reduced,_Yintonly,level,/cluster/projects/p274/projects/p040-ad_change/Berkeley/results/cortmaps/analysnum6matchF1procLONGpredAB1singleT0reproduce2/thickness/thickness_cortmapAB4_nTime2_analysnum6matchF1procLONGpredAB1singleT0reproduce2_Yintonly.csv,0,0,0,NA,rh_caudalanteriorcingulate,NA
rh_caudalmiddlefrontal_thickness.aparcnative71,convgroup,0.0433946299651469,0.0278456927036347,1.55839649697357,0.123349288838329,convgroup,0.359896254812745,0.95,-0.09755480346103,0.81498840313839,4,analysnum6matchF1procLONGpredAB1singleT0reproduce2,reduced,_Yintonly,level,/cluster/projects/p274/projects/p040-ad_change/Berkeley/results/cortmaps/analysnum6matchF1procLONGpredAB1singleT0reproduce2/thickness/thickness_cortmapAB4_nTime2_analysnum6matchF1procLONGpredAB1singleT0reproduce2_Yintonly.csv,0,0,0,NA,rh_caudalmiddlefrontal,NA
rh_cuneus_thickness.aparcnative71,convgroup,-0.0138057212950184,0.0237153154318496,-0.582143692530328,0.562215820383441,convgroup,-0.134440327035771,0.95,-0.587137501163361,0.319149692849,4,analysnum6matchF1procLONGpredAB1singleT0reproduce2,reduced,_Yintonly,level,/cluster/projects/p274/projects/p040-ad_change/Berkeley/results/cortmaps/analysnum6matchF1procLONGpredAB1singleT0reproduce2/thickness/thickness_cortmapAB4_nTime2_analysnum6matchF1procLONGpredAB1singleT0reproduce2_Yintonly.csv,0,0,0,NA,rh_cuneus,NA
rh_entorhinal_thickness.aparcnative71,convgroup,0.0548398868691286,0.069145582491178,0.793107598393945,0.43021703453772,convgroup,0.183160354171633,0.95,-0.271025899092297,0.63613244479761,4,analysnum6matchF1procLONGpredAB1singleT0reproduce2,reduced,_Yintonly,level,/cluster/projects/p274/projects/p040-ad_change/Berkeley/results/cortmaps/analysnum6matchF1procLONGpredAB1singleT0reproduce2/thickness/thickness_cortmapAB4_nTime2_analysnum6matchF1procLONGpredAB1singleT0reproduce2_Yintonly.csv,0,0,0,NA,rh_entorhinal,NA
rh_fusiform_thickness.aparcnative71,convgroup,0.0135162308723698,0.0300047571999956,0.450469596613561,0.653671409595499,convgroup,0.104031497146633,0.95,-0.34925353721632,0.55662508424842,4,analysnum6matchF1procLONGpredAB1singleT0reproduce2,reduced,_Yintonly,level,/cluster/projects/p274/projects/p040-ad_change/Berkeley/results/cortmaps/analysnum6matchF1procLONGpredAB1singleT0reproduce2/thickness/thickness_cortmapAB4_nTime2_analysnum6matchF1procLONGpredAB1singleT0reproduce2_Yintonly.csv,0,0,0,NA,rh_fusiform,NA
rh_inferiorparietal_thickness.aparcnative71,convgroup,-0.00651067388517333,0.025106766109823,-0.259319494063636,0.796099205288395,convgroup,-0.0598872718815031,0.95,-0.512423468277828,0.393047323320816,4,analysnum6matchF1procLONGpredAB1singleT0reproduce2,reduced,_Yintonly,level,/cluster/projects/p274/projects/p040-ad_change/Berkeley/results/cortmaps/analysnum6matchF1procLONGpredAB1singleT0reproduce2/thickness/thickness_cortmapAB4_nTime2_analysnum6matchF1procLONGpredAB1singleT0reproduce2_Yintonly.csv,0,0,0,NA,rh_inferiorparietal,NA
rh_inferiortemporal_thickness.aparcnative71,convgroup,-0.0426166152535366,0.0277615842461638,-1.53509305793403,0.12896900011677,convgroup,-0.354514556091734,0.95,-0.809516254788536,0.102811841568747,4,analysnum6matchF1procLONGpredAB1singleT0reproduce2,reduced,_Yintonly,level,/cluster/projects/p274/projects/p040-ad_change/Berkeley/results/cortmaps/analysnum6matchF1procLONGpredAB1singleT0reproduce2/thickness/thickness_cortmapAB4_nTime2_analysnum6matchF1procLONGpredAB1singleT0reproduce2_Yintonly.csv,0,0,0,NA,rh_inferiortemporal,NA
rh_isthmuscingulate_thickness.aparcnative71,convgroup,-0.0199071648619029,0.0419352717595544,-0.474711717049201,0.636371859115082,convgroup,-0.10962997505033,0.95,-0.56223873398978,0.343707369909109,4,analysnum6matchF1procLONGpredAB1singleT0reproduce2,reduced,_Yintonly,level,/cluster/projects/p274/projects/p040-ad_change/Berkeley/results/cortmaps/analysnum6matchF1procLONGpredAB1singleT0reproduce2/thickness/thickness_cortmapAB4_nTime2_analysnum6matchF1procLONGpredAB1singleT0reproduce2_Yintonly.csv,0,0,0,NA,rh_isthmuscingulate,NA
rh_lateraloccipital_thickness.aparcnative71,convgroup,0.0203966462124439,0.0261778118268228,0.779157797732534,0.438338400542165,convgroup,0.17993878570483,0.95,-0.274203954081768,0.632888556005896,4,analysnum6matchF1procLONGpredAB1singleT0reproduce2,reduced,_Yintonly,level,/cluster/projects/p274/projects/p040-ad_change/Berkeley/results/cortmaps/analysnum6matchF1procLONGpredAB1singleT0reproduce2/thickness/thickness_cortmapAB4_nTime2_analysnum6matchF1procLONGpredAB1singleT0reproduce2_Yintonly.csv,0,0,0,NA,rh_lateraloccipital,NA
rh_lateralorbitofrontal_thickness.aparcnative71,convgroup,-0.019660946830028,0.022422985131296,-0.876821115248697,0.383383738593728,convgroup,-0.202493162767993,0.95,-0.655611504907343,0.251966297387602,4,analysnum6matchF1procLONGpredAB1singleT0reproduce2,reduced,_Yintonly,level,/cluster/projects/p274/projects/p040-ad_change/Berkeley/results/cortmaps/analysnum6matchF1procLONGpredAB1singleT0reproduce2/thickness/thickness_cortmapAB4_nTime2_analysnum6matchF1procLONGpredAB1singleT0reproduce2_Yintonly.csv,0,0,0,NA,rh_lateralorbitofrontal,NA
rh_lingual_thickness.aparcnative71,convgroup,-0.0077548108623195,0.0248014404354777,-0.312675825522879,0.755394725640299,convgroup,-0.0722093888138891,0.95,-0.524750545566503,0.380812035459862,4,analysnum6matchF1procLONGpredAB1singleT0reproduce2,reduced,_Yintonly,level,/cluster/projects/p274/projects/p040-ad_change/Berkeley/results/cortmaps/analysnum6matchF1procLONGpredAB1singleT0reproduce2/thickness/thickness_cortmapAB4_nTime2_analysnum6matchF1procLONGpredAB1singleT0reproduce2_Yintonly.csv,0,0,0,NA,rh_lingual,NA
rh_medialorbitofrontal_thickness.aparcnative71,convgroup,0.0134118535606738,0.0263368126247654,0.509243610901577,0.612076532491179,convgroup,0.117604774334849,0.95,-0.335809996894909,0.570238143866225,4,analysnum6matchF1procLONGpredAB1singleT0reproduce2,reduced,_Yintonly,level,/cluster/projects/p274/projects/p040-ad_change/Berkeley/results/cortmaps/analysnum6matchF1procLONGpredAB1singleT0reproduce2/thickness/thickness_cortmapAB4_nTime2_analysnum6matchF1procLONGpredAB1singleT0reproduce2_Yintonly.csv,0,0,0,NA,rh_medialorbitofrontal,NA
rh_middletemporal_thickness.aparcnative71,convgroup,-0.0307138668696137,0.0265681399481047,-1.15604129342915,0.251333595643639,convgroup,-0.266976300782258,0.95,-0.720734832752487,0.18854411429254,4,analysnum6matchF1procLONGpredAB1singleT0reproduce2,reduced,_Yintonly,level,/cluster/projects/p274/projects/p040-ad_change/Berkeley/results/cortmaps/analysnum6matchF1procLONGpredAB1singleT0reproduce2/thickness/thickness_cortmapAB4_nTime2_analysnum6matchF1procLONGpredAB1singleT0reproduce2_Yintonly.csv,0,0,0,NA,rh_middletemporal,NA
rh_parahippocampal_thickness.aparcnative71,convgroup,-0.070594450621336,0.0440364315726711,-1.60309198770653,0.113117799510829,convgroup,-0.370218236255239,0.95,-0.825488365874319,0.0874763212792452,4,analysnum6matchF1procLONGpredAB1singleT0reproduce2,reduced,_Yintonly,level,/cluster/projects/p274/projects/p040-ad_change/Berkeley/results/cortmaps/analysnum6matchF1procLONGpredAB1singleT0reproduce2/thickness/thickness_cortmapAB4_nTime2_analysnum6matchF1procLONGpredAB1singleT0reproduce2_Yintonly.csv,0,0,0,NA,rh_parahippocampal,NA
rh_paracentral_thickness.aparcnative71,convgroup,0.0684964066098749,0.0303617845612772,2.25600726701796,0.0269849473004086,convgroup,0.521002561162628,0.95,0.059099064840645,0.979546926601564,4,analysnum6matchF1procLONGpredAB1singleT0reproduce2,reduced,_Yintonly,level,/cluster/projects/p274/projects/p040-ad_change/Berkeley/results/cortmaps/analysnum6matchF1procLONGpredAB1singleT0reproduce2/thickness/thickness_cortmapAB4_nTime2_analysnum6matchF1procLONGpredAB1singleT0reproduce2_Yintonly.csv,1,1,0,#aad6e7,rh_paracentral,positive_sigonly
rh_parsopercularis_thickness.aparcnative71,convgroup,0.0375664088423093,0.0261021746631868,1.43920609401526,0.154252783426116,convgroup,0.332370410319625,0.95,-0.124459607070403,0.787017032133086,4,analysnum6matchF1procLONGpredAB1singleT0reproduce2,reduced,_Yintonly,level,/cluster/projects/p274/projects/p040-ad_change/Berkeley/results/cortmaps/analysnum6matchF1procLONGpredAB1singleT0reproduce2/thickness/thickness_cortmapAB4_nTime2_analysnum6matchF1procLONGpredAB1singleT0reproduce2_Yintonly.csv,0,0,0,NA,rh_parsopercularis,NA
rh_parsorbitalis_thickness.aparcnative71,convgroup,-0.0207400367534472,0.0350917441896583,-0.591023251547565,0.556281871531216,convgroup,-0.136490973351326,0.95,-0.589197025213516,0.317121481413339,4,analysnum6matchF1procLONGpredAB1singleT0reproduce2,reduced,_Yintonly,level,/cluster/projects/p274/projects/p040-ad_change/Berkeley/results/cortmaps/analysnum6matchF1procLONGpredAB1singleT0reproduce2/thickness/thickness_cortmapAB4_nTime2_analysnum6matchF1procLONGpredAB1singleT0reproduce2_Yintonly.csv,0,0,0,NA,rh_parsorbitalis,NA
rh_parstriangularis_thickness.aparcnative71,convgroup,0.0233172258560213,0.0281655001359751,0.827864790025113,0.41037363431306,convgroup,0.191187183749445,0.95,-0.263109998637408,0.644217448512918,4,analysnum6matchF1procLONGpredAB1singleT0reproduce2,reduced,_Yintonly,level,/cluster/projects/p274/projects/p040-ad_change/Berkeley/results/cortmaps/analysnum6matchF1procLONGpredAB1singleT0reproduce2/thickness/thickness_cortmapAB4_nTime2_analysnum6matchF1procLONGpredAB1singleT0reproduce2_Yintonly.csv,0,0,0,NA,rh_parstriangularis,NA
rh_pericalcarine_thickness.aparcnative71,convgroup,0.0263087665812745,0.0278900093976255,0.943304328305978,0.348554087324614,convgroup,0.217846803150078,0.95,-0.236844430337389,0.671096301652214,4,analysnum6matchF1procLONGpredAB1singleT0reproduce2,reduced,_Yintonly,level,/cluster/projects/p274/projects/p040-ad_change/Berkeley/results/cortmaps/analysnum6matchF1procLONGpredAB1singleT0reproduce2/thickness/thickness_cortmapAB4_nTime2_analysnum6matchF1procLONGpredAB1singleT0reproduce2_Yintonly.csv,0,0,0,NA,rh_pericalcarine,NA
rh_postcentral_thickness.aparcnative71,convgroup,0.00129922299532717,0.0231872121628919,0.0560318759409296,0.955465416919826,convgroup,0.0129400074630782,0.95,-0.439742055598488,0.465535958773244,4,analysnum6matchF1procLONGpredAB1singleT0reproduce2,reduced,_Yintonly,level,/cluster/projects/p274/projects/p040-ad_change/Berkeley/results/cortmaps/analysnum6matchF1procLONGpredAB1singleT0reproduce2/thickness/thickness_cortmapAB4_nTime2_analysnum6matchF1procLONGpredAB1singleT0reproduce2_Yintonly.csv,0,0,0,NA,rh_postcentral,NA
rh_posteriorcingulate_thickness.aparcnative71,convgroup,-0.0152202581790071,0.0334812524687459,-0.454590466507037,0.650716926866026,convgroup,-0.10498317128355,0.95,-0.557579218460622,0.348310641471206,4,analysnum6matchF1procLONGpredAB1singleT0reproduce2,reduced,_Yintonly,level,/cluster/projects/p274/projects/p040-ad_change/Berkeley/results/cortmaps/analysnum6matchF1procLONGpredAB1singleT0reproduce2/thickness/thickness_cortmapAB4_nTime2_analysnum6matchF1procLONGpredAB1singleT0reproduce2_Yintonly.csv,0,0,0,NA,rh_posteriorcingulate,NA
rh_precentral_thickness.aparcnative71,convgroup,0.0725844957552772,0.0329666108841063,2.20175789408402,0.0307572791103211,convgroup,0.508474205135917,0.95,0.0469664503192707,0.966698760708479,4,analysnum6matchF1procLONGpredAB1singleT0reproduce2,reduced,_Yintonly,level,/cluster/projects/p274/projects/p040-ad_change/Berkeley/results/cortmaps/analysnum6matchF1procLONGpredAB1singleT0reproduce2/thickness/thickness_cortmapAB4_nTime2_analysnum6matchF1procLONGpredAB1singleT0reproduce2_Yintonly.csv,1,1,0,#aad6e7,rh_precentral,positive_sigonly
rh_precuneus_thickness.aparcnative71,convgroup,0.00306883279767199,0.0213173981864795,0.143959069058362,0.885918908346259,convgroup,0.0332459229092532,0.95,-0.419530142800572,0.485800753531531,4,analysnum6matchF1procLONGpredAB1singleT0reproduce2,reduced,_Yintonly,level,/cluster/projects/p274/projects/p040-ad_change/Berkeley/results/cortmaps/analysnum6matchF1procLONGpredAB1singleT0reproduce2/thickness/thickness_cortmapAB4_nTime2_analysnum6matchF1procLONGpredAB1singleT0reproduce2_Yintonly.csv,0,0,0,NA,rh_precuneus,NA
rh_rostralanteriorcingulate_thickness.aparcnative71,convgroup,0.0409922562595899,0.0425475731650849,0.963445226371423,0.338420314083504,convgroup,0.222498144318,0.95,-0.232265859617387,0.675790027585023,4,analysnum6matchF1procLONGpredAB1singleT0reproduce2,reduced,_Yintonly,level,/cluster/projects/p274/projects/p040-ad_change/Berkeley/results/cortmaps/analysnum6matchF1procLONGpredAB1singleT0reproduce2/thickness/thickness_cortmapAB4_nTime2_analysnum6matchF1procLONGpredAB1singleT0reproduce2_Yintonly.csv,0,0,0,NA,rh_rostralanteriorcingulate,NA
rh_rostralmiddlefrontal_thickness.aparcnative71,convgroup,0.0110394228155126,0.0207005378568278,0.533291593284443,0.595408604418627,convgroup,0.123158417975735,0.95,-0.330312434645196,0.575811069245546,4,analysnum6matchF1procLONGpredAB1singleT0reproduce2,reduced,_Yintonly,level,/cluster/projects/p274/projects/p040-ad_change/Berkeley/results/cortmaps/analysnum6matchF1procLONGpredAB1singleT0reproduce2/thickness/thickness_cortmapAB4_nTime2_analysnum6matchF1procLONGpredAB1singleT0reproduce2_Yintonly.csv,0,0,0,NA,rh_rostralmiddlefrontal,NA
rh_superiorfrontal_thickness.aparcnative71,convgroup,0.0633310956374066,0.0266189392079574,2.37917428424325,0.0198959577840532,convgroup,0.54944676538275,0.95,0.0866141701599082,1.00874914267623,4,analysnum6matchF1procLONGpredAB1singleT0reproduce2,reduced,_Yintonly,level,/cluster/projects/p274/projects/p040-ad_change/Berkeley/results/cortmaps/analysnum6matchF1procLONGpredAB1singleT0reproduce2/thickness/thickness_cortmapAB4_nTime2_analysnum6matchF1procLONGpredAB1singleT0reproduce2_Yintonly.csv,1,1,0,#aad6e7,rh_superiorfrontal,positive_sigonly
rh_superiorparietal_thickness.aparcnative71,convgroup,0.0234479725899233,0.0243688300670905,0.96221166651694,0.339035370787869,convgroup,0.222213265872381,0.95,-0.23254625728874,0.675502487431983,4,analysnum6matchF1procLONGpredAB1singleT0reproduce2,reduced,_Yintonly,level,/cluster/projects/p274/projects/p040-ad_change/Berkeley/results/cortmaps/analysnum6matchF1procLONGpredAB1singleT0reproduce2/thickness/thickness_cortmapAB4_nTime2_analysnum6matchF1procLONGpredAB1singleT0reproduce2_Yintonly.csv,0,0,0,NA,rh_superiorparietal,NA
rh_superiortemporal_thickness.aparcnative71,convgroup,-0.0214402183976372,0.0275660000062676,-0.7777776388581,0.439146768263234,convgroup,-0.179620051665758,0.95,-0.632567651070929,0.274518421759686,4,analysnum6matchF1procLONGpredAB1singleT0reproduce2,reduced,_Yintonly,level,/cluster/projects/p274/projects/p040-ad_change/Berkeley/results/cortmaps/analysnum6matchF1procLONGpredAB1singleT0reproduce2/thickness/thickness_cortmapAB4_nTime2_analysnum6matchF1procLONGpredAB1singleT0reproduce2_Yintonly.csv,0,0,0,NA,rh_superiortemporal,NA
rh_supramarginal_thickness.aparcnative71,convgroup,0.0108808000310171,0.023924877041982,0.45479021739272,0.650573855924951,convgroup,0.105029301774598,0.95,-0.348264995093286,0.557625461045096,4,analysnum6matchF1procLONGpredAB1singleT0reproduce2,reduced,_Yintonly,level,/cluster/projects/p274/projects/p040-ad_change/Berkeley/results/cortmaps/analysnum6matchF1procLONGpredAB1singleT0reproduce2/thickness/thickness_cortmapAB4_nTime2_analysnum6matchF1procLONGpredAB1singleT0reproduce2_Yintonly.csv,0,0,0,NA,rh_supramarginal,NA
rh_frontalpole_thickness.aparcnative71,convgroup,0.074127678114512,0.0450763879605406,1.64449019693864,0.104260444456038,convgroup,0.37977874315289,0.95,-0.078146507133748,0.835219115583223,4,analysnum6matchF1procLONGpredAB1singleT0reproduce2,reduced,_Yintonly,level,/cluster/projects/p274/projects/p040-ad_change/Berkeley/results/cortmaps/analysnum6matchF1procLONGpredAB1singleT0reproduce2/thickness/thickness_cortmapAB4_nTime2_analysnum6matchF1procLONGpredAB1singleT0reproduce2_Yintonly.csv,0,0,0,NA,rh_frontalpole,NA
rh_temporalpole_thickness.aparcnative71,convgroup,0.0028586172193208,0.0619981489185616,0.0461081059545144,0.963346636945796,convgroup,0.0106482109538651,0.95,-0.442024708720781,0.46325027026657,4,analysnum6matchF1procLONGpredAB1singleT0reproduce2,reduced,_Yintonly,level,/cluster/projects/p274/projects/p040-ad_change/Berkeley/results/cortmaps/analysnum6matchF1procLONGpredAB1singleT0reproduce2/thickness/thickness_cortmapAB4_nTime2_analysnum6matchF1procLONGpredAB1singleT0reproduce2_Yintonly.csv,0,0,0,NA,rh_temporalpole,NA
rh_transversetemporal_thickness.aparcnative71,convgroup,-0.0501131456789976,0.0462493624560753,-1.08354241048386,0.282038866932832,convgroup,-0.250233400948493,0.95,-0.703803183478179,0.204989471130368,4,analysnum6matchF1procLONGpredAB1singleT0reproduce2,reduced,_Yintonly,level,/cluster/projects/p274/projects/p040-ad_change/Berkeley/results/cortmaps/analysnum6matchF1procLONGpredAB1singleT0reproduce2/thickness/thickness_cortmapAB4_nTime2_analysnum6matchF1procLONGpredAB1singleT0reproduce2_Yintonly.csv,0,0,0,NA,rh_transversetemporal,NA
rh_insula_thickness.aparcnative71,convgroup,0.040393926632913,0.0353430381923068,1.14291042023958,0.256711058843532,convgroup,0.263943855513981,0.95,-0.191521540937925,0.717667032208086,4,analysnum6matchF1procLONGpredAB1singleT0reproduce2,reduced,_Yintonly,level,/cluster/projects/p274/projects/p040-ad_change/Berkeley/results/cortmaps/analysnum6matchF1procLONGpredAB1singleT0reproduce2/thickness/thickness_cortmapAB4_nTime2_analysnum6matchF1procLONGpredAB1singleT0reproduce2_Yintonly.csv,0,0,0,NA,rh_insula,NA
rh_MeanThickness_thickness.aparcnative71,convgroup,0.0156454951194022,0.0181054853750845,0.864130112796225,0.390271720791641,convgroup,0.199562301295105,0.95,-0.254854419115299,0.652657094126571,4,analysnum6matchF1procLONGpredAB1singleT0reproduce2,reduced,_Yintonly,level,/cluster/projects/p274/projects/p040-ad_change/Berkeley/results/cortmaps/analysnum6matchF1procLONGpredAB1singleT0reproduce2/thickness/thickness_cortmapAB4_nTime2_analysnum6matchF1procLONGpredAB1singleT0reproduce2_Yintonly.csv,0,0,0,NA,rh_MeanThickness,NA
lh_bankssts_thickness.aparcnative71,convgroup,-0.00857523714671946,0.0312228749332751,-0.274645981993817,0.784531706015093,convgroup,-0.0709132876243222,0.95,-0.576837552575731,0.435600336829726,5,analysnum6matchF1procLONGpredAB1singleT0reproduce2,reduced,_Yintonly,level,/cluster/projects/p274/projects/p040-ad_change/Berkeley/results/cortmaps/analysnum6matchF1procLONGpredAB1singleT0reproduce2/thickness/thickness_cortmapAB5_nTime2_analysnum6matchF1procLONGpredAB1singleT0reproduce2_Yintonly.csv,0,0,0,NA,lh_bankssts,NA
lh_caudalanteriorcingulate_thickness.aparcnative71,convgroup,0.0896807891740204,0.046730595470691,1.91910221281617,0.0597313553303423,convgroup,0.495510060660456,0.95,-0.0202272134089892,1.00724381351649,5,analysnum6matchF1procLONGpredAB1singleT0reproduce2,reduced,_Yintonly,level,/cluster/projects/p274/projects/p040-ad_change/Berkeley/results/cortmaps/analysnum6matchF1procLONGpredAB1singleT0reproduce2/thickness/thickness_cortmapAB5_nTime2_analysnum6matchF1procLONGpredAB1singleT0reproduce2_Yintonly.csv,0,0,0,NA,lh_caudalanteriorcingulate,NA
lh_caudalmiddlefrontal_thickness.aparcnative71,convgroup,0.0547981634541256,0.0273965778171513,2.00018278997678,0.0500127606963503,convgroup,0.516444975663384,0.95,-2.86498540151804e-05,1.02875611347267,5,analysnum6matchF1procLONGpredAB1singleT0reproduce2,reduced,_Yintonly,level,/cluster/projects/p274/projects/p040-ad_change/Berkeley/results/cortmaps/analysnum6matchF1procLONGpredAB1singleT0reproduce2/thickness/thickness_cortmapAB5_nTime2_analysnum6matchF1procLONGpredAB1singleT0reproduce2_Yintonly.csv,0,0,0,NA,lh_caudalmiddlefrontal,NA
lh_cuneus_thickness.aparcnative71,convgroup,0.0150021719934518,0.0289005721487457,0.519096020529924,0.605603315765342,convgroup,0.134030016172996,0.95,-0.373152071206694,0.640099942937224,5,analysnum6matchF1procLONGpredAB1singleT0reproduce2,reduced,_Yintonly,level,/cluster/projects/p274/projects/p040-ad_change/Berkeley/results/cortmaps/analysnum6matchF1procLONGpredAB1singleT0reproduce2/thickness/thickness_cortmapAB5_nTime2_analysnum6matchF1procLONGpredAB1singleT0reproduce2_Yintonly.csv,0,0,0,NA,lh_cuneus,NA
lh_entorhinal_thickness.aparcnative71,convgroup,0.111306816996168,0.0591111281369292,1.88300951960059,0.0645492913109822,convgroup,0.486190967344208,0.95,-0.029226847631864,0.997676338604087,5,analysnum6matchF1procLONGpredAB1singleT0reproduce2,reduced,_Yintonly,level,/cluster/projects/p274/projects/p040-ad_change/Berkeley/results/cortmaps/analysnum6matchF1procLONGpredAB1singleT0reproduce2/thickness/thickness_cortmapAB5_nTime2_analysnum6matchF1procLONGpredAB1singleT0reproduce2_Yintonly.csv,0,0,0,NA,lh_entorhinal,NA
lh_fusiform_thickness.aparcnative71,convgroup,0.00788846436160625,0.0243247306510403,0.32429811761426,0.746840227769256,convgroup,0.0837334139150962,0.95,-0.422895774892741,0.589666864566664,5,analysnum6matchF1procLONGpredAB1singleT0reproduce2,reduced,_Yintonly,level,/cluster/projects/p274/projects/p040-ad_change/Berkeley/results/cortmaps/analysnum6matchF1procLONGpredAB1singleT0reproduce2/thickness/thickness_cortmapAB5_nTime2_analysnum6matchF1procLONGpredAB1singleT0reproduce2_Yintonly.csv,0,0,0,NA,lh_fusiform,NA
lh_inferiorparietal_thickness.aparcnative71,convgroup,-0.01858606333097,0.0238342432228002,-0.779805054317406,0.438570952493551,convgroup,-0.201344799243979,0.95,-0.707847439558409,0.306824087535396,5,analysnum6matchF1procLONGpredAB1singleT0reproduce2,reduced,_Yintonly,level,/cluster/projects/p274/projects/p040-ad_change/Berkeley/results/cortmaps/analysnum6matchF1procLONGpredAB1singleT0reproduce2/thickness/thickness_cortmapAB5_nTime2_analysnum6matchF1procLONGpredAB1singleT0reproduce2_Yintonly.csv,0,0,0,NA,lh_inferiorparietal,NA
lh_inferiortemporal_thickness.aparcnative71,convgroup,0.0035031450028,0.0301768214391902,0.116087276118833,0.90797104795732,convgroup,0.0299736058076549,0.95,-0.476239829870562,0.535937825643459,5,analysnum6matchF1procLONGpredAB1singleT0reproduce2,reduced,_Yintonly,level,/cluster/projects/p274/projects/p040-ad_change/Berkeley/results/cortmaps/analysnum6matchF1procLONGpredAB1singleT0reproduce2/thickness/thickness_cortmapAB5_nTime2_analysnum6matchF1procLONGpredAB1singleT0reproduce2_Yintonly.csv,0,0,0,NA,lh_inferiortemporal,NA
lh_isthmuscingulate_thickness.aparcnative71,convgroup,-0.00178134373982628,0.0395461363362028,-0.0450446972792014,0.964221266270789,convgroup,-0.0116304908264868,0.95,-0.517646922625128,0.494482662380856,5,analysnum6matchF1procLONGpredAB1singleT0reproduce2,reduced,_Yintonly,level,/cluster/projects/p274/projects/p040-ad_change/Berkeley/results/cortmaps/analysnum6matchF1procLONGpredAB1singleT0reproduce2/thickness/thickness_cortmapAB5_nTime2_analysnum6matchF1procLONGpredAB1singleT0reproduce2_Yintonly.csv,0,0,0,NA,lh_isthmuscingulate,NA
lh_lateraloccipital_thickness.aparcnative71,convgroup,0.0464205704818126,0.0208537496086388,2.22600593912294,0.0297815582124721,convgroup,0.574752262052129,0.95,0.0560928173296536,1.08881294699872,5,analysnum6matchF1procLONGpredAB1singleT0reproduce2,reduced,_Yintonly,level,/cluster/projects/p274/projects/p040-ad_change/Berkeley/results/cortmaps/analysnum6matchF1procLONGpredAB1singleT0reproduce2/thickness/thickness_cortmapAB5_nTime2_analysnum6matchF1procLONGpredAB1singleT0reproduce2_Yintonly.csv,1,1,0,#aad6e7,lh_lateraloccipital,positive_sigonly
lh_lateralorbitofrontal_thickness.aparcnative71,convgroup,0.0274017839113653,0.0225197281200978,1.21679017460741,0.228448803806793,convgroup,0.314173872138888,0.95,-0.196277077986925,0.82204262316919,5,analysnum6matchF1procLONGpredAB1singleT0reproduce2,reduced,_Yintonly,level,/cluster/projects/p274/projects/p040-ad_change/Berkeley/results/cortmaps/analysnum6matchF1procLONGpredAB1singleT0reproduce2/thickness/thickness_cortmapAB5_nTime2_analysnum6matchF1procLONGpredAB1singleT0reproduce2_Yintonly.csv,0,0,0,NA,lh_lateralorbitofrontal,NA
lh_lingual_thickness.aparcnative71,convgroup,-0.017964545682449,0.0214285996463015,-0.838344361226124,0.405164776857338,convgroup,-0.216459583294378,0.95,-0.723098682715633,0.29196954248102,5,analysnum6matchF1procLONGpredAB1singleT0reproduce2,reduced,_Yintonly,level,/cluster/projects/p274/projects/p040-ad_change/Berkeley/results/cortmaps/analysnum6matchF1procLONGpredAB1singleT0reproduce2/thickness/thickness_cortmapAB5_nTime2_analysnum6matchF1procLONGpredAB1singleT0reproduce2_Yintonly.csv,0,0,0,NA,lh_lingual,NA
lh_medialorbitofrontal_thickness.aparcnative71,convgroup,0.017344473753905,0.0284389973030694,0.609883448740051,0.544241965974425,convgroup,0.157471229339851,0.95,-0.35002251505602,0.663659364073961,5,analysnum6matchF1procLONGpredAB1singleT0reproduce2,reduced,_Yintonly,level,/cluster/projects/p274/projects/p040-ad_change/Berkeley/results/cortmaps/analysnum6matchF1procLONGpredAB1singleT0reproduce2/thickness/thickness_cortmapAB5_nTime2_analysnum6matchF1procLONGpredAB1singleT0reproduce2_Yintonly.csv,0,0,0,NA,lh_medialorbitofrontal,NA
lh_middletemporal_thickness.aparcnative71,convgroup,0.0157496657210886,0.0264496286942648,0.595458858917882,0.553776255045836,convgroup,0.153746816262708,0.95,-0.353695223880856,0.659913889770254,5,analysnum6matchF1procLONGpredAB1singleT0reproduce2,reduced,_Yintonly,level,/cluster/projects/p274/projects/p040-ad_change/Berkeley/results/cortmaps/analysnum6matchF1procLONGpredAB1singleT0reproduce2/thickness/thickness_cortmapAB5_nTime2_analysnum6matchF1procLONGpredAB1singleT0reproduce2_Yintonly.csv,0,0,0,NA,lh_middletemporal,NA
lh_parahippocampal_thickness.aparcnative71,convgroup,-0.025285677641796,0.0554666249485405,-0.455871934974499,0.650127776119016,convgroup,-0.117705627477306,0.95,-0.62371372682204,0.38927967924319,5,analysnum6matchF1procLONGpredAB1singleT0reproduce2,reduced,_Yintonly,level,/cluster/projects/p274/projects/p040-ad_change/Berkeley/results/cortmaps/analysnum6matchF1procLONGpredAB1singleT0reproduce2/thickness/thickness_cortmapAB5_nTime2_analysnum6matchF1procLONGpredAB1singleT0reproduce2_Yintonly.csv,0,0,0,NA,lh_parahippocampal,NA
lh_paracentral_thickness.aparcnative71,convgroup,0.11727243556718,0.0293524431566064,3.99532110296534,0.000179091482440272,convgroup,1.03158747296905,0.95,0.489243470975332,1.56631371831434,5,analysnum6matchF1procLONGpredAB1singleT0reproduce2,reduced,_Yintonly,level,/cluster/projects/p274/projects/p040-ad_change/Berkeley/results/cortmaps/analysnum6matchF1procLONGpredAB1singleT0reproduce2/thickness/thickness_cortmapAB5_nTime2_analysnum6matchF1procLONGpredAB1singleT0reproduce2_Yintonly.csv,1,2,1,#aad6e7,lh_paracentral,positive_fdrsig
lh_parsopercularis_thickness.aparcnative71,convgroup,0.0199694974992829,0.0258535110852742,0.772409497240679,0.44290393753211,convgroup,0.199435274617706,0.95,-0.308701768554282,0.705921661305327,5,analysnum6matchF1procLONGpredAB1singleT0reproduce2,reduced,_Yintonly,level,/cluster/projects/p274/projects/p040-ad_change/Berkeley/results/cortmaps/analysnum6matchF1procLONGpredAB1singleT0reproduce2/thickness/thickness_cortmapAB5_nTime2_analysnum6matchF1procLONGpredAB1singleT0reproduce2_Yintonly.csv,0,0,0,NA,lh_parsopercularis,NA
lh_parsorbitalis_thickness.aparcnative71,convgroup,0.00961839893204375,0.0423568939125538,0.227079892871772,0.821133566471657,convgroup,0.0586317762233959,0.95,-0.447780709808227,0.56455689201909,5,analysnum6matchF1procLONGpredAB1singleT0reproduce2,reduced,_Yintonly,level,/cluster/projects/p274/projects/p040-ad_change/Berkeley/results/cortmaps/analysnum6matchF1procLONGpredAB1singleT0reproduce2/thickness/thickness_cortmapAB5_nTime2_analysnum6matchF1procLONGpredAB1singleT0reproduce2_Yintonly.csv,0,0,0,NA,lh_parsorbitalis,NA
lh_parstriangularis_thickness.aparcnative71,convgroup,0.0251398864298999,0.0281611421924708,0.892715439525792,0.375576126867922,convgroup,0.230498135345709,0.95,-0.278185329904136,0.737276898838413,5,analysnum6matchF1procLONGpredAB1singleT0reproduce2,reduced,_Yintonly,level,/cluster/projects/p274/projects/p040-ad_change/Berkeley/results/cortmaps/analysnum6matchF1procLONGpredAB1singleT0reproduce2/thickness/thickness_cortmapAB5_nTime2_analysnum6matchF1procLONGpredAB1singleT0reproduce2_Yintonly.csv,0,0,0,NA,lh_parstriangularis,NA
lh_pericalcarine_thickness.aparcnative71,convgroup,0.0238218065629096,0.0275260874062068,0.865426539245023,0.390251951398148,convgroup,0.223452171590793,0.95,-0.285102143151255,0.730159273334774,5,analysnum6matchF1procLONGpredAB1singleT0reproduce2,reduced,_Yintonly,level,/cluster/projects/p274/projects/p040-ad_change/Berkeley/results/cortmaps/analysnum6matchF1procLONGpredAB1singleT0reproduce2/thickness/thickness_cortmapAB5_nTime2_analysnum6matchF1procLONGpredAB1singleT0reproduce2_Yintonly.csv,0,0,0,NA,lh_pericalcarine,NA
lh_postcentral_thickness.aparcnative71,convgroup,0.027202916918512,0.0238367600814605,1.14121704567013,0.258314070230439,convgroup,0.294660974152563,0.95,-0.215339461372205,0.80223617903431,5,analysnum6matchF1procLONGpredAB1singleT0reproduce2,reduced,_Yintonly,level,/cluster/projects/p274/projects/p040-ad_change/Berkeley/results/cortmaps/analysnum6matchF1procLONGpredAB1singleT0reproduce2/thickness/thickness_cortmapAB5_nTime2_analysnum6matchF1procLONGpredAB1singleT0reproduce2_Yintonly.csv,0,0,0,NA,lh_postcentral,NA
lh_posteriorcingulate_thickness.aparcnative71,convgroup,0.0473657296353152,0.0328758913969644,1.44074358512113,0.154855515845634,convgroup,0.371998394088619,0.95,-0.139923650574056,0.880877163044683,5,analysnum6matchF1procLONGpredAB1singleT0reproduce2,reduced,_Yintonly,level,/cluster/projects/p274/projects/p040-ad_change/Berkeley/results/cortmaps/analysnum6matchF1procLONGpredAB1singleT0reproduce2/thickness/thickness_cortmapAB5_nTime2_analysnum6matchF1procLONGpredAB1singleT0reproduce2_Yintonly.csv,0,0,0,NA,lh_posteriorcingulate,NA
lh_precentral_thickness.aparcnative71,convgroup,0.0938724037223338,0.0249070814649259,3.76890419114439,0.000376569184294084,convgroup,0.973126877716903,0.95,0.434433848281989,1.50454459574233,5,analysnum6matchF1procLONGpredAB1singleT0reproduce2,reduced,_Yintonly,level,/cluster/projects/p274/projects/p040-ad_change/Berkeley/results/cortmaps/analysnum6matchF1procLONGpredAB1singleT0reproduce2/thickness/thickness_cortmapAB5_nTime2_analysnum6matchF1procLONGpredAB1singleT0reproduce2_Yintonly.csv,1,2,1,#aad6e7,lh_precentral,positive_fdrsig
lh_precuneus_thickness.aparcnative71,convgroup,0.0297797263152043,0.0250909161393972,1.18687281682971,0.239955867884716,convgroup,0.306449243576516,0.95,-0.203820570776082,0.814198932468283,5,analysnum6matchF1procLONGpredAB1singleT0reproduce2,reduced,_Yintonly,level,/cluster/projects/p274/projects/p040-ad_change/Berkeley/results/cortmaps/analysnum6matchF1procLONGpredAB1singleT0reproduce2/thickness/thickness_cortmapAB5_nTime2_analysnum6matchF1procLONGpredAB1singleT0reproduce2_Yintonly.csv,0,0,0,NA,lh_precuneus,NA
lh_rostralanteriorcingulate_thickness.aparcnative71,convgroup,-0.0216389437710159,0.043610192831509,-0.49619005021646,0.621573218533638,convgroup,-0.128115720069478,0.95,-0.634161304104782,0.378993215373588,5,analysnum6matchF1procLONGpredAB1singleT0reproduce2,reduced,_Yintonly,level,/cluster/projects/p274/projects/p040-ad_change/Berkeley/results/cortmaps/analysnum6matchF1procLONGpredAB1singleT0reproduce2/thickness/thickness_cortmapAB5_nTime2_analysnum6matchF1procLONGpredAB1singleT0reproduce2_Yintonly.csv,0,0,0,NA,lh_rostralanteriorcingulate,NA
lh_rostralmiddlefrontal_thickness.aparcnative71,convgroup,0.0293468372821106,0.0218067814851009,1.3457665590019,0.183441237886134,convgroup,0.347475431393148,0.95,-0.163797960783916,0.855900309209139,5,analysnum6matchF1procLONGpredAB1singleT0reproduce2,reduced,_Yintonly,level,/cluster/projects/p274/projects/p040-ad_change/Berkeley/results/cortmaps/analysnum6matchF1procLONGpredAB1singleT0reproduce2/thickness/thickness_cortmapAB5_nTime2_analysnum6matchF1procLONGpredAB1singleT0reproduce2_Yintonly.csv,0,0,0,NA,lh_rostralmiddlefrontal,NA
lh_superiorfrontal_thickness.aparcnative71,convgroup,0.0845243210265804,0.0214731792693932,3.93627417562043,0.000217844954631351,convgroup,1.01634162188562,0.95,0.474966473934889,1.55018699433496,5,analysnum6matchF1procLONGpredAB1singleT0reproduce2,reduced,_Yintonly,level,/cluster/projects/p274/projects/p040-ad_change/Berkeley/results/cortmaps/analysnum6matchF1procLONGpredAB1singleT0reproduce2/thickness/thickness_cortmapAB5_nTime2_analysnum6matchF1procLONGpredAB1singleT0reproduce2_Yintonly.csv,1,2,1,#aad6e7,lh_superiorfrontal,positive_fdrsig
lh_superiorparietal_thickness.aparcnative71,convgroup,0.0211067232471228,0.0246344837171379,0.856795843155385,0.394966915369945,convgroup,0.221223735442703,0.95,-0.28729034169029,0.727908868771045,5,analysnum6matchF1procLONGpredAB1singleT0reproduce2,reduced,_Yintonly,level,/cluster/projects/p274/projects/p040-ad_change/Berkeley/results/cortmaps/analysnum6matchF1procLONGpredAB1singleT0reproduce2/thickness/thickness_cortmapAB5_nTime2_analysnum6matchF1procLONGpredAB1singleT0reproduce2_Yintonly.csv,0,0,0,NA,lh_superiorparietal,NA
lh_superiortemporal_thickness.aparcnative71,convgroup,0.00266191261449793,0.0286085392009296,0.0930460865478736,0.926176947722395,convgroup,0.0240243962419792,0.95,-0.482154201281284,0.530003207642531,5,analysnum6matchF1procLONGpredAB1singleT0reproduce2,reduced,_Yintonly,level,/cluster/projects/p274/projects/p040-ad_change/Berkeley/results/cortmaps/analysnum6matchF1procLONGpredAB1singleT0reproduce2/thickness/thickness_cortmapAB5_nTime2_analysnum6matchF1procLONGpredAB1singleT0reproduce2_Yintonly.csv,0,0,0,NA,lh_superiortemporal,NA
lh_supramarginal_thickness.aparcnative71,convgroup,0.0111523486014497,0.0243177871975171,0.458608692923689,0.648172123311063,convgroup,0.118412255341293,0.95,-0.388581225926446,0.624422694976587,5,analysnum6matchF1procLONGpredAB1singleT0reproduce2,reduced,_Yintonly,level,/cluster/projects/p274/projects/p040-ad_change/Berkeley/results/cortmaps/analysnum6matchF1procLONGpredAB1singleT0reproduce2/thickness/thickness_cortmapAB5_nTime2_analysnum6matchF1procLONGpredAB1singleT0reproduce2_Yintonly.csv,0,0,0,NA,lh_supramarginal,NA
lh_frontalpole_thickness.aparcnative71,convgroup,-9.10544832251182e-05,0.0497633855732642,-0.00182974856264679,0.998546142794587,convgroup,-0.000472439047391865,0.95,-0.506531005925262,0.505590087398302,5,analysnum6matchF1procLONGpredAB1singleT0reproduce2,reduced,_Yintonly,level,/cluster/projects/p274/projects/p040-ad_change/Berkeley/results/cortmaps/analysnum6matchF1procLONGpredAB1singleT0reproduce2/thickness/thickness_cortmapAB5_nTime2_analysnum6matchF1procLONGpredAB1singleT0reproduce2_Yintonly.csv,0,0,0,NA,lh_frontalpole,NA
lh_temporalpole_thickness.aparcnative71,convgroup,0.04619600730608,0.0627907175642265,0.735713957382757,0.464771237368178,convgroup,0.189960526967718,0.95,-0.318021688428955,0.696369906241679,5,analysnum6matchF1procLONGpredAB1singleT0reproduce2,reduced,_Yintonly,level,/cluster/projects/p274/projects/p040-ad_change/Berkeley/results/cortmaps/analysnum6matchF1procLONGpredAB1singleT0reproduce2/thickness/thickness_cortmapAB5_nTime2_analysnum6matchF1procLONGpredAB1singleT0reproduce2_Yintonly.csv,0,0,0,NA,lh_temporalpole,NA
lh_transversetemporal_thickness.aparcnative71,convgroup,0.0283218442948016,0.0442249752518248,0.640403847227319,0.524348339583863,convgroup,0.165351562343904,0.95,-0.342254650346457,0.671587216122358,5,analysnum6matchF1procLONGpredAB1singleT0reproduce2,reduced,_Yintonly,level,/cluster/projects/p274/projects/p040-ad_change/Berkeley/results/cortmaps/analysnum6matchF1procLONGpredAB1singleT0reproduce2/thickness/thickness_cortmapAB5_nTime2_analysnum6matchF1procLONGpredAB1singleT0reproduce2_Yintonly.csv,0,0,0,NA,lh_transversetemporal,NA
lh_insula_thickness.aparcnative71,convgroup,0.046334099646311,0.0299802303985851,1.54548844456171,0.127486724981731,convgroup,0.399043400502901,0.95,-0.113635975296156,0.908466346444216,5,analysnum6matchF1procLONGpredAB1singleT0reproduce2,reduced,_Yintonly,level,/cluster/projects/p274/projects/p040-ad_change/Berkeley/results/cortmaps/analysnum6matchF1procLONGpredAB1singleT0reproduce2/thickness/thickness_cortmapAB5_nTime2_analysnum6matchF1procLONGpredAB1singleT0reproduce2_Yintonly.csv,0,0,0,NA,lh_insula,NA
lh_MeanThickness_thickness.aparcnative71,convgroup,0.0343024291639173,0.0163451017862104,2.09863661986227,0.0400664665194163,convgroup,0.541865645231173,0.95,0.0244633919530958,1.05491401203738,5,analysnum6matchF1procLONGpredAB1singleT0reproduce2,reduced,_Yintonly,level,/cluster/projects/p274/projects/p040-ad_change/Berkeley/results/cortmaps/analysnum6matchF1procLONGpredAB1singleT0reproduce2/thickness/thickness_cortmapAB5_nTime2_analysnum6matchF1procLONGpredAB1singleT0reproduce2_Yintonly.csv,1,1,0,#aad6e7,lh_MeanThickness,positive_sigonly
rh_bankssts_thickness.aparcnative71,convgroup,-0.047841430550788,0.0365420179618413,-1.30921698415085,0.195452637381524,convgroup,-0.338038371745876,0.95,-0.846298592845891,0.172995119028401,5,analysnum6matchF1procLONGpredAB1singleT0reproduce2,reduced,_Yintonly,level,/cluster/projects/p274/projects/p040-ad_change/Berkeley/results/cortmaps/analysnum6matchF1procLONGpredAB1singleT0reproduce2/thickness/thickness_cortmapAB5_nTime2_analysnum6matchF1procLONGpredAB1singleT0reproduce2_Yintonly.csv,0,0,0,NA,rh_bankssts,NA
rh_caudalanteriorcingulate_thickness.aparcnative71,convgroup,0.0214709333803708,0.0452395424733125,0.474605449271218,0.636791130174045,convgroup,0.122542600069781,0.95,-0.384499294825412,0.628567262712839,5,analysnum6matchF1procLONGpredAB1singleT0reproduce2,reduced,_Yintonly,level,/cluster/projects/p274/projects/p040-ad_change/Berkeley/results/cortmaps/analysnum6matchF1procLONGpredAB1singleT0reproduce2/thickness/thickness_cortmapAB5_nTime2_analysnum6matchF1procLONGpredAB1singleT0reproduce2_Yintonly.csv,0,0,0,NA,rh_caudalanteriorcingulate,NA
rh_caudalmiddlefrontal_thickness.aparcnative71,convgroup,0.0330214064307968,0.0240546449906952,1.37276631783882,0.174934422900865,convgroup,0.354446739148283,0.95,-0.157007353563874,0.862996811313604,5,analysnum6matchF1procLONGpredAB1singleT0reproduce2,reduced,_Yintonly,level,/cluster/projects/p274/projects/p040-ad_change/Berkeley/results/cortmaps/analysnum6matchF1procLONGpredAB1singleT0reproduce2/thickness/thickness_cortmapAB5_nTime2_analysnum6matchF1procLONGpredAB1singleT0reproduce2_Yintonly.csv,0,0,0,NA,rh_caudalmiddlefrontal,NA
rh_cuneus_thickness.aparcnative71,convgroup,-0.00581111461896061,0.0261967398687338,-0.221825870244879,0.825202725846813,convgroup,-0.0572751934144256,0.95,-0.563200976764125,0.449126678513549,5,analysnum6matchF1procLONGpredAB1singleT0reproduce2,reduced,_Yintonly,level,/cluster/projects/p274/projects/p040-ad_change/Berkeley/results/cortmaps/analysnum6matchF1procLONGpredAB1singleT0reproduce2/thickness/thickness_cortmapAB5_nTime2_analysnum6matchF1procLONGpredAB1singleT0reproduce2_Yintonly.csv,0,0,0,NA,rh_cuneus,NA
rh_entorhinal_thickness.aparcnative71,convgroup,-0.00446353704049472,0.0634174074162301,-0.0703834676053374,0.944122517743229,convgroup,-0.0181729331922534,0.95,-0.52416830111914,0.487973538622909,5,analysnum6matchF1procLONGpredAB1singleT0reproduce2,reduced,_Yintonly,level,/cluster/projects/p274/projects/p040-ad_change/Berkeley/results/cortmaps/analysnum6matchF1procLONGpredAB1singleT0reproduce2/thickness/thickness_cortmapAB5_nTime2_analysnum6matchF1procLONGpredAB1singleT0reproduce2_Yintonly.csv,0,0,0,NA,rh_entorhinal,NA
rh_fusiform_thickness.aparcnative71,convgroup,-0.0160285080460497,0.0295966617755567,-0.541564726711419,0.590123827896628,convgroup,-0.139831411163113,0.95,-0.645927365509603,0.367424612921762,5,analysnum6matchF1procLONGpredAB1singleT0reproduce2,reduced,_Yintonly,level,/cluster/projects/p274/projects/p040-ad_change/Berkeley/results/cortmaps/analysnum6matchF1procLONGpredAB1singleT0reproduce2/thickness/thickness_cortmapAB5_nTime2_analysnum6matchF1procLONGpredAB1singleT0reproduce2_Yintonly.csv,0,0,0,NA,rh_fusiform,NA
rh_inferiorparietal_thickness.aparcnative71,convgroup,-0.00489454714975353,0.0248589459847486,-0.196892786715753,0.844576878796541,convgroup,-0.0508374989292319,0.95,-0.55676807517485,0.45551574375551,5,analysnum6matchF1procLONGpredAB1singleT0reproduce2,reduced,_Yintonly,level,/cluster/projects/p274/projects/p040-ad_change/Berkeley/results/cortmaps/analysnum6matchF1procLONGpredAB1singleT0reproduce2/thickness/thickness_cortmapAB5_nTime2_analysnum6matchF1procLONGpredAB1singleT0reproduce2_Yintonly.csv,0,0,0,NA,rh_inferiorparietal,NA
rh_inferiortemporal_thickness.aparcnative71,convgroup,-0.0336445643061083,0.0272153734258491,-1.23623379255758,0.221189407360708,convgroup,-0.31919419270629,0.95,-0.827142401241551,0.191376427346857,5,analysnum6matchF1procLONGpredAB1singleT0reproduce2,reduced,_Yintonly,level,/cluster/projects/p274/projects/p040-ad_change/Berkeley/results/cortmaps/analysnum6matchF1procLONGpredAB1singleT0reproduce2/thickness/thickness_cortmapAB5_nTime2_analysnum6matchF1procLONGpredAB1singleT0reproduce2_Yintonly.csv,0,0,0,NA,rh_inferiortemporal,NA
rh_isthmuscingulate_thickness.aparcnative71,convgroup,0.00219377578915866,0.0385089743742437,0.0569679100730853,0.954760050896609,convgroup,0.0147090511320867,0.95,-0.491419442251878,0.520715222771514,5,analysnum6matchF1procLONGpredAB1singleT0reproduce2,reduced,_Yintonly,level,/cluster/projects/p274/projects/p040-ad_change/Berkeley/results/cortmaps/analysnum6matchF1procLONGpredAB1singleT0reproduce2/thickness/thickness_cortmapAB5_nTime2_analysnum6matchF1procLONGpredAB1singleT0reproduce2_Yintonly.csv,0,0,0,NA,rh_isthmuscingulate,NA
rh_lateraloccipital_thickness.aparcnative71,convgroup,0.034819318631231,0.0235815509273708,1.47654913531648,0.145026040322343,convgroup,0.381243347395846,0.95,-0.130932652925852,0.890303003226478,5,analysnum6matchF1procLONGpredAB1singleT0reproduce2,reduced,_Yintonly,level,/cluster/projects/p274/projects/p040-ad_change/Berkeley/results/cortmaps/analysnum6matchF1procLONGpredAB1singleT0reproduce2/thickness/thickness_cortmapAB5_nTime2_analysnum6matchF1procLONGpredAB1singleT0reproduce2_Yintonly.csv,0,0,0,NA,rh_lateraloccipital,NA
rh_lateralorbitofrontal_thickness.aparcnative71,convgroup,-0.0269631913368475,0.0233353439940055,-1.15546577516809,0.252480437062405,convgroup,-0.298339980289243,0.95,-0.805968710473794,0.211743610539154,5,analysnum6matchF1procLONGpredAB1singleT0reproduce2,reduced,_Yintonly,level,/cluster/projects/p274/projects/p040-ad_change/Berkeley/results/cortmaps/analysnum6matchF1procLONGpredAB1singleT0reproduce2/thickness/thickness_cortmapAB5_nTime2_analysnum6matchF1procLONGpredAB1singleT0reproduce2_Yintonly.csv,0,0,0,NA,rh_lateralorbitofrontal,NA
rh_lingual_thickness.aparcnative71,convgroup,-0.0133572714983388,0.024504427635562,-0.545096245339521,0.587707923567245,convgroup,-0.140743245352011,0.95,-0.646843481948353,0.366524602814215,5,analysnum6matchF1procLONGpredAB1singleT0reproduce2,reduced,_Yintonly,level,/cluster/projects/p274/projects/p040-ad_change/Berkeley/results/cortmaps/analysnum6matchF1procLONGpredAB1singleT0reproduce2/thickness/thickness_cortmapAB5_nTime2_analysnum6matchF1procLONGpredAB1singleT0reproduce2_Yintonly.csv,0,0,0,NA,rh_lingual,NA
rh_medialorbitofrontal_thickness.aparcnative71,convgroup,0.0148446350109309,0.0271544616948742,0.546673882831309,0.58663018278273,convgroup,0.141150589600814,0.95,-0.366122529611156,0.647252737758061,5,analysnum6matchF1procLONGpredAB1singleT0reproduce2,reduced,_Yintonly,level,/cluster/projects/p274/projects/p040-ad_change/Berkeley/results/cortmaps/analysnum6matchF1procLONGpredAB1singleT0reproduce2/thickness/thickness_cortmapAB5_nTime2_analysnum6matchF1procLONGpredAB1singleT0reproduce2_Yintonly.csv,0,0,0,NA,rh_medialorbitofrontal,NA
rh_middletemporal_thickness.aparcnative71,convgroup,-0.0124916424368019,0.0294625397057199,-0.42398389825086,0.673093804299795,convgroup,-0.109472171799045,0.95,-0.615455518031809,0.397420215351714,5,analysnum6matchF1procLONGpredAB1singleT0reproduce2,reduced,_Yintonly,level,/cluster/projects/p274/projects/p040-ad_change/Berkeley/results/cortmaps/analysnum6matchF1procLONGpredAB1singleT0reproduce2/thickness/thickness_cortmapAB5_nTime2_analysnum6matchF1procLONGpredAB1singleT0reproduce2_Yintonly.csv,0,0,0,NA,rh_middletemporal,NA
rh_parahippocampal_thickness.aparcnative71,convgroup,-0.0670330421499225,0.0451358601091233,-1.48513935455886,0.142742256499246,convgroup,-0.383461332466914,0.95,-0.892565145557324,0.128776387818162,5,analysnum6matchF1procLONGpredAB1singleT0reproduce2,reduced,_Yintonly,level,/cluster/projects/p274/projects/p040-ad_change/Berkeley/results/cortmaps/analysnum6matchF1procLONGpredAB1singleT0reproduce2/thickness/thickness_cortmapAB5_nTime2_analysnum6matchF1procLONGpredAB1singleT0reproduce2_Yintonly.csv,0,0,0,NA,rh_parahippocampal,NA
rh_paracentral_thickness.aparcnative71,convgroup,0.0900786982848873,0.0309194005576124,2.91333909003322,0.0050170192701776,convgroup,0.752220918503583,0.95,0.225711529784542,1.27286904999225,5,analysnum6matchF1procLONGpredAB1singleT0reproduce2,reduced,_Yintonly,level,/cluster/projects/p274/projects/p040-ad_change/Berkeley/results/cortmaps/analysnum6matchF1procLONGpredAB1singleT0reproduce2/thickness/thickness_cortmapAB5_nTime2_analysnum6matchF1procLONGpredAB1singleT0reproduce2_Yintonly.csv,1,1,0,#aad6e7,rh_paracentral,positive_sigonly
rh_parsopercularis_thickness.aparcnative71,convgroup,0.0353110200760042,0.024289852995035,1.45373543772463,0.151230606807345,convgroup,0.375352876006603,0.95,-0.136660703061223,0.88429667719834,5,analysnum6matchF1procLONGpredAB1singleT0reproduce2,reduced,_Yintonly,level,/cluster/projects/p274/projects/p040-ad_change/Berkeley/results/cortmaps/analysnum6matchF1procLONGpredAB1singleT0reproduce2/thickness/thickness_cortmapAB5_nTime2_analysnum6matchF1procLONGpredAB1singleT0reproduce2_Yintonly.csv,0,0,0,NA,rh_parsopercularis,NA
rh_parsorbitalis_thickness.aparcnative71,convgroup,-0.0204450170476155,0.0306524158012384,-0.666995292644748,0.50733219563598,convgroup,-0.172217444027457,0.95,-0.678497722781474,0.335489879845733,5,analysnum6matchF1procLONGpredAB1singleT0reproduce2,reduced,_Yintonly,level,/cluster/projects/p274/projects/p040-ad_change/Berkeley/results/cortmaps/analysnum6matchF1procLONGpredAB1singleT0reproduce2/thickness/thickness_cortmapAB5_nTime2_analysnum6matchF1procLONGpredAB1singleT0reproduce2_Yintonly.csv,0,0,0,NA,rh_parsorbitalis,NA
rh_parstriangularis_thickness.aparcnative71,convgroup,0.0391889653942116,0.0279134636269299,1.4039449176921,0.165490290532632,convgroup,0.36249701901427,0.95,-0.149169392295368,0.871195476358506,5,analysnum6matchF1procLONGpredAB1singleT0reproduce2,reduced,_Yintonly,level,/cluster/projects/p274/projects/p040-ad_change/Berkeley/results/cortmaps/analysnum6matchF1procLONGpredAB1singleT0reproduce2/thickness/thickness_cortmapAB5_nTime2_analysnum6matchF1procLONGpredAB1singleT0reproduce2_Yintonly.csv,0,0,0,NA,rh_parstriangularis,NA
rh_pericalcarine_thickness.aparcnative71,convgroup,0.0630396122458892,0.0282063975399381,2.23494021725497,0.0291563214348571,convgroup,0.577059082746511,0.95,0.0583091027993798,1.0911932406769,5,analysnum6matchF1procLONGpredAB1singleT0reproduce2,reduced,_Yintonly,level,/cluster/projects/p274/projects/p040-ad_change/Berkeley/results/cortmaps/analysnum6matchF1procLONGpredAB1singleT0reproduce2/thickness/thickness_cortmapAB5_nTime2_analysnum6matchF1procLONGpredAB1singleT0reproduce2_Yintonly.csv,1,1,0,#aad6e7,rh_pericalcarine,positive_sigonly
rh_postcentral_thickness.aparcnative71,convgroup,0.0154018008793094,0.0223699453801576,0.688504179047793,0.493788959382597,convgroup,0.177771014616421,0.95,-0.330020257519439,0.684089541860693,5,analysnum6matchF1procLONGpredAB1singleT0reproduce2,reduced,_Yintonly,level,/cluster/projects/p274/projects/p040-ad_change/Berkeley/results/cortmaps/analysnum6matchF1procLONGpredAB1singleT0reproduce2/thickness/thickness_cortmapAB5_nTime2_analysnum6matchF1procLONGpredAB1singleT0reproduce2_Yintonly.csv,0,0,0,NA,rh_postcentral,NA
rh_posteriorcingulate_thickness.aparcnative71,convgroup,-0.00074289154374702,0.0355064593415009,-0.0209227154023411,0.983376731512234,convgroup,-0.00540222188738031,0.95,-0.511441199468493,0.500681689930954,5,analysnum6matchF1procLONGpredAB1singleT0reproduce2,reduced,_Yintonly,level,/cluster/projects/p274/projects/p040-ad_change/Berkeley/results/cortmaps/analysnum6matchF1procLONGpredAB1singleT0reproduce2/thickness/thickness_cortmapAB5_nTime2_analysnum6matchF1procLONGpredAB1singleT0reproduce2_Yintonly.csv,0,0,0,NA,rh_posteriorcingulate,NA
rh_precentral_thickness.aparcnative71,convgroup,0.0883308696913832,0.0267112354889633,3.3068807217053,0.0015968640671084,convgroup,0.853832930870599,0.95,0.322042247457539,1.37908892135294,5,analysnum6matchF1procLONGpredAB1singleT0reproduce2,reduced,_Yintonly,level,/cluster/projects/p274/projects/p040-ad_change/Berkeley/results/cortmaps/analysnum6matchF1procLONGpredAB1singleT0reproduce2/thickness/thickness_cortmapAB5_nTime2_analysnum6matchF1procLONGpredAB1singleT0reproduce2_Yintonly.csv,1,2,1,#aad6e7,rh_precentral,positive_fdrsig
rh_precuneus_thickness.aparcnative71,convgroup,0.0165559726475284,0.0211244805754131,0.783733952104743,0.436279243859694,convgroup,0.202359236290599,0.95,-0.305826684428535,0.708870550868227,5,analysnum6matchF1procLONGpredAB1singleT0reproduce2,reduced,_Yintonly,level,/cluster/projects/p274/projects/p040-ad_change/Berkeley/results/cortmaps/analysnum6matchF1procLONGpredAB1singleT0reproduce2/thickness/thickness_cortmapAB5_nTime2_analysnum6matchF1procLONGpredAB1singleT0reproduce2_Yintonly.csv,0,0,0,NA,rh_precuneus,NA
rh_rostralanteriorcingulate_thickness.aparcnative71,convgroup,0.000410896936738882,0.0436667641803429,0.00940983249965318,0.992523368746494,convgroup,0.0024296083041172,0.95,-0.503641270929337,0.508480209997234,5,analysnum6matchF1procLONGpredAB1singleT0reproduce2,reduced,_Yintonly,level,/cluster/projects/p274/projects/p040-ad_change/Berkeley/results/cortmaps/analysnum6matchF1procLONGpredAB1singleT0reproduce2/thickness/thickness_cortmapAB5_nTime2_analysnum6matchF1procLONGpredAB1singleT0reproduce2_Yintonly.csv,0,0,0,NA,rh_rostralanteriorcingulate,NA
rh_rostralmiddlefrontal_thickness.aparcnative71,convgroup,-0.00263898638528558,0.0199112165490281,-0.132537676881144,0.895002511208133,convgroup,-0.0342210810203794,0.95,-0.540176249190224,0.472018595562013,5,analysnum6matchF1procLONGpredAB1singleT0reproduce2,reduced,_Yintonly,level,/cluster/projects/p274/projects/p040-ad_change/Berkeley/results/cortmaps/analysnum6matchF1procLONGpredAB1singleT0reproduce2/thickness/thickness_cortmapAB5_nTime2_analysnum6matchF1procLONGpredAB1singleT0reproduce2_Yintonly.csv,0,0,0,NA,rh_rostralmiddlefrontal,NA
rh_superiorfrontal_thickness.aparcnative71,convgroup,0.0650842847353689,0.0235340019518783,2.76554259103281,0.00754059780141778,convgroup,0.714060026553159,0.95,0.189388124312862,1.23313334044274,5,analysnum6matchF1procLONGpredAB1singleT0reproduce2,reduced,_Yintonly,level,/cluster/projects/p274/projects/p040-ad_change/Berkeley/results/cortmaps/analysnum6matchF1procLONGpredAB1singleT0reproduce2/thickness/thickness_cortmapAB5_nTime2_analysnum6matchF1procLONGpredAB1singleT0reproduce2_Yintonly.csv,1,1,0,#aad6e7,rh_superiorfrontal,positive_sigonly
rh_superiorparietal_thickness.aparcnative71,convgroup,0.0338475356735937,0.0244059959447347,1.38685328598098,0.170617536979882,convgroup,0.35808397868249,0.95,-0.153465541229288,0.866700587910987,5,analysnum6matchF1procLONGpredAB1singleT0reproduce2,reduced,_Yintonly,level,/cluster/projects/p274/projects/p040-ad_change/Berkeley/results/cortmaps/analysnum6matchF1procLONGpredAB1singleT0reproduce2/thickness/thickness_cortmapAB5_nTime2_analysnum6matchF1procLONGpredAB1singleT0reproduce2_Yintonly.csv,0,0,0,NA,rh_superiorparietal,NA
rh_superiortemporal_thickness.aparcnative71,convgroup,-0.0299906118688471,0.0293688680581954,-1.02117016595327,0.311273683673527,convgroup,-0.263665003092059,0.95,-0.770823137873585,0.245667640264229,5,analysnum6matchF1procLONGpredAB1singleT0reproduce2,reduced,_Yintonly,level,/cluster/projects/p274/projects/p040-ad_change/Berkeley/results/cortmaps/analysnum6matchF1procLONGpredAB1singleT0reproduce2/thickness/thickness_cortmapAB5_nTime2_analysnum6matchF1procLONGpredAB1singleT0reproduce2_Yintonly.csv,0,0,0,NA,rh_superiortemporal,NA
rh_supramarginal_thickness.aparcnative71,convgroup,0.0271696851216543,0.0241993029686818,1.12274659963622,0.26601781829427,convgroup,0.289891925493473,0.95,-0.220001911722141,0.797399032250374,5,analysnum6matchF1procLONGpredAB1singleT0reproduce2,reduced,_Yintonly,level,/cluster/projects/p274/projects/p040-ad_change/Berkeley/results/cortmaps/analysnum6matchF1procLONGpredAB1singleT0reproduce2/thickness/thickness_cortmapAB5_nTime2_analysnum6matchF1procLONGpredAB1singleT0reproduce2_Yintonly.csv,0,0,0,NA,rh_supramarginal,NA
rh_frontalpole_thickness.aparcnative71,convgroup,-0.00709310590484438,0.04462122654458,-0.158962593683027,0.874232213287913,convgroup,-0.0410439652002867,0.95,-0.546986906401267,0.465240236372703,5,analysnum6matchF1procLONGpredAB1singleT0reproduce2,reduced,_Yintonly,level,/cluster/projects/p274/projects/p040-ad_change/Berkeley/results/cortmaps/analysnum6matchF1procLONGpredAB1singleT0reproduce2/thickness/thickness_cortmapAB5_nTime2_analysnum6matchF1procLONGpredAB1singleT0reproduce2_Yintonly.csv,0,0,0,NA,rh_frontalpole,NA
rh_temporalpole_thickness.aparcnative71,convgroup,0.0903621371917444,0.0541513805660658,1.66869498519065,0.100388548405479,convgroup,0.430855192502882,0.95,-0.0827714290601833,0.940976407632086,5,analysnum6matchF1procLONGpredAB1singleT0reproduce2,reduced,_Yintonly,level,/cluster/projects/p274/projects/p040-ad_change/Berkeley/results/cortmaps/analysnum6matchF1procLONGpredAB1singleT0reproduce2/thickness/thickness_cortmapAB5_nTime2_analysnum6matchF1procLONGpredAB1singleT0reproduce2_Yintonly.csv,0,0,0,NA,rh_temporalpole,NA
rh_transversetemporal_thickness.aparcnative71,convgroup,-0.0184836929721542,0.0452520843299607,-0.408460587967138,0.684389699058675,convgroup,-0.105464070318588,0.95,-0.611436871317828,0.401384557199134,5,analysnum6matchF1procLONGpredAB1singleT0reproduce2,reduced,_Yintonly,level,/cluster/projects/p274/projects/p040-ad_change/Berkeley/results/cortmaps/analysnum6matchF1procLONGpredAB1singleT0reproduce2/thickness/thickness_cortmapAB5_nTime2_analysnum6matchF1procLONGpredAB1singleT0reproduce2_Yintonly.csv,0,0,0,NA,rh_transversetemporal,NA
rh_insula_thickness.aparcnative71,convgroup,0.0098022696575252,0.0327175396210782,0.299602897132586,0.765515518607951,convgroup,0.0773571354046666,0.95,-0.429213236508729,0.583284704270556,5,analysnum6matchF1procLONGpredAB1singleT0reproduce2,reduced,_Yintonly,level,/cluster/projects/p274/projects/p040-ad_change/Berkeley/results/cortmaps/analysnum6matchF1procLONGpredAB1singleT0reproduce2/thickness/thickness_cortmapAB5_nTime2_analysnum6matchF1procLONGpredAB1singleT0reproduce2_Yintonly.csv,0,0,0,NA,rh_insula,NA
rh_MeanThickness_thickness.aparcnative71,convgroup,0.0198854549898204,0.0166619248627743,1.19346685053466,0.237384288735182,convgroup,0.308151815758089,0.95,-0.2021576111084,0.81592743671441,5,analysnum6matchF1procLONGpredAB1singleT0reproduce2,reduced,_Yintonly,level,/cluster/projects/p274/projects/p040-ad_change/Berkeley/results/cortmaps/analysnum6matchF1procLONGpredAB1singleT0reproduce2/thickness/thickness_cortmapAB5_nTime2_analysnum6matchF1procLONGpredAB1singleT0reproduce2_Yintonly.csv,0,0,0,NA,rh_MeanThickness,NA
lh_bankssts_thickness.aparcnative71,convgroup,-0.0486407959838493,0.0347745515285094,-1.39874689523952,0.168317311410656,convgroup,-0.403783448247345,0.95,-0.973225213026281,0.169773246538272,6,analysnum6matchF1procLONGpredAB1singleT0reproduce2,reduced,_Yintonly,level,/cluster/projects/p274/projects/p040-ad_change/Berkeley/results/cortmaps/analysnum6matchF1procLONGpredAB1singleT0reproduce2/thickness/thickness_cortmapAB6_nTime2_analysnum6matchF1procLONGpredAB1singleT0reproduce2_Yintonly.csv,0,0,0,NA,lh_bankssts,NA
lh_caudalanteriorcingulate_thickness.aparcnative71,convgroup,0.0207549630252344,0.0462053125386368,0.449189971561802,0.655316292399847,convgroup,0.129669975499243,0.95,-0.437386246221303,0.695381783429025,6,analysnum6matchF1procLONGpredAB1singleT0reproduce2,reduced,_Yintonly,level,/cluster/projects/p274/projects/p040-ad_change/Berkeley/results/cortmaps/analysnum6matchF1procLONGpredAB1singleT0reproduce2/thickness/thickness_cortmapAB6_nTime2_analysnum6matchF1procLONGpredAB1singleT0reproduce2_Yintonly.csv,0,0,0,NA,lh_caudalanteriorcingulate,NA
lh_caudalmiddlefrontal_thickness.aparcnative71,convgroup,0.014282269788059,0.0296755857574404,0.481280130569219,0.632504254657128,convgroup,0.138933606469878,0.95,-0.4282578748878,0.704685039199126,6,analysnum6matchF1procLONGpredAB1singleT0reproduce2,reduced,_Yintonly,level,/cluster/projects/p274/projects/p040-ad_change/Berkeley/results/cortmaps/analysnum6matchF1procLONGpredAB1singleT0reproduce2/thickness/thickness_cortmapAB6_nTime2_analysnum6matchF1procLONGpredAB1singleT0reproduce2_Yintonly.csv,0,0,0,NA,lh_caudalmiddlefrontal,NA
lh_cuneus_thickness.aparcnative71,convgroup,-0.00763729455177786,0.0299265626680069,-0.255201194888397,0.799658053709334,convgroup,-0.0736702392831652,0.95,-0.639271560388102,0.492695927797328,6,analysnum6matchF1procLONGpredAB1singleT0reproduce2,reduced,_Yintonly,level,/cluster/projects/p274/projects/p040-ad_change/Berkeley/results/cortmaps/analysnum6matchF1procLONGpredAB1singleT0reproduce2/thickness/thickness_cortmapAB6_nTime2_analysnum6matchF1procLONGpredAB1singleT0reproduce2_Yintonly.csv,0,0,0,NA,lh_cuneus,NA
lh_entorhinal_thickness.aparcnative71,convgroup,0.0779126252905238,0.0712326211685308,1.09377731736403,0.279511409262426,convgroup,0.315746314306815,0.95,-0.255163466067895,0.883414443951865,6,analysnum6matchF1procLONGpredAB1singleT0reproduce2,reduced,_Yintonly,level,/cluster/projects/p274/projects/p040-ad_change/Berkeley/results/cortmaps/analysnum6matchF1procLONGpredAB1singleT0reproduce2/thickness/thickness_cortmapAB6_nTime2_analysnum6matchF1procLONGpredAB1singleT0reproduce2_Yintonly.csv,0,0,0,NA,lh_entorhinal,NA
lh_fusiform_thickness.aparcnative71,convgroup,-0.0247740261328983,0.0281042071004572,-0.881505962589325,0.382436954878649,convgroup,-0.254468852396604,0.95,-0.821223256745394,0.314908944519243,6,analysnum6matchF1procLONGpredAB1singleT0reproduce2,reduced,_Yintonly,level,/cluster/projects/p274/projects/p040-ad_change/Berkeley/results/cortmaps/analysnum6matchF1procLONGpredAB1singleT0reproduce2/thickness/thickness_cortmapAB6_nTime2_analysnum6matchF1procLONGpredAB1singleT0reproduce2_Yintonly.csv,0,0,0,NA,lh_fusiform,NA
lh_inferiorparietal_thickness.aparcnative71,convgroup,-0.0408029798362916,0.027917830037095,-1.46153837107239,0.150383915491377,convgroup,-0.421909785984806,0.95,-0.991783944661912,0.152256453483083,6,analysnum6matchF1procLONGpredAB1singleT0reproduce2,reduced,_Yintonly,level,/cluster/projects/p274/projects/p040-ad_change/Berkeley/results/cortmaps/analysnum6matchF1procLONGpredAB1singleT0reproduce2/thickness/thickness_cortmapAB6_nTime2_analysnum6matchF1procLONGpredAB1singleT0reproduce2_Yintonly.csv,0,0,0,NA,lh_inferiorparietal,NA
lh_inferiortemporal_thickness.aparcnative71,convgroup,-0.00617350567997606,0.0334267121078736,-0.184687792806338,0.854252043767121,convgroup,-0.0533147734463885,0.95,-0.618930782901187,0.512854871715061,6,analysnum6matchF1procLONGpredAB1singleT0reproduce2,reduced,_Yintonly,level,/cluster/projects/p274/projects/p040-ad_change/Berkeley/results/cortmaps/analysnum6matchF1procLONGpredAB1singleT0reproduce2/thickness/thickness_cortmapAB6_nTime2_analysnum6matchF1procLONGpredAB1singleT0reproduce2_Yintonly.csv,0,0,0,NA,lh_inferiortemporal,NA
lh_isthmuscingulate_thickness.aparcnative71,convgroup,-0.0153579903616638,0.041640013470975,-0.368827699164146,0.713878058282257,convgroup,-0.106471385698505,0.95,-0.672110551967919,0.460272412424866,6,analysnum6matchF1procLONGpredAB1singleT0reproduce2,reduced,_Yintonly,level,/cluster/projects/p274/projects/p040-ad_change/Berkeley/results/cortmaps/analysnum6matchF1procLONGpredAB1singleT0reproduce2/thickness/thickness_cortmapAB6_nTime2_analysnum6matchF1procLONGpredAB1singleT0reproduce2_Yintonly.csv,0,0,0,NA,lh_isthmuscingulate,NA
lh_lateraloccipital_thickness.aparcnative71,convgroup,0.0187983661289761,0.0231266889077714,0.812842954040828,0.420321584714279,convgroup,0.234647549162181,0.95,-0.334289673108932,0.801162989893772,6,analysnum6matchF1procLONGpredAB1singleT0reproduce2,reduced,_Yintonly,level,/cluster/projects/p274/projects/p040-ad_change/Berkeley/results/cortmaps/analysnum6matchF1procLONGpredAB1singleT0reproduce2/thickness/thickness_cortmapAB6_nTime2_analysnum6matchF1procLONGpredAB1singleT0reproduce2_Yintonly.csv,0,0,0,NA,lh_lateraloccipital,NA
lh_lateralorbitofrontal_thickness.aparcnative71,convgroup,-0.0129709565947835,0.0269975664701626,-0.480449103037446,0.633090608197745,convgroup,-0.138693709485292,0.95,-0.704444025132259,0.428494176622702,6,analysnum6matchF1procLONGpredAB1singleT0reproduce2,reduced,_Yintonly,level,/cluster/projects/p274/projects/p040-ad_change/Berkeley/results/cortmaps/analysnum6matchF1procLONGpredAB1singleT0reproduce2/thickness/thickness_cortmapAB6_nTime2_analysnum6matchF1procLONGpredAB1singleT0reproduce2_Yintonly.csv,0,0,0,NA,lh_lateralorbitofrontal,NA
lh_lingual_thickness.aparcnative71,convgroup,-0.0485411706132187,0.0232076170222804,-2.09160512113833,0.0417891568458918,convgroup,-0.603794389863806,0.95,-1.17926329056908,-0.0223137965976523,6,analysnum6matchF1procLONGpredAB1singleT0reproduce2,reduced,_Yintonly,level,/cluster/projects/p274/projects/p040-ad_change/Berkeley/results/cortmaps/analysnum6matchF1procLONGpredAB1singleT0reproduce2/thickness/thickness_cortmapAB6_nTime2_analysnum6matchF1procLONGpredAB1singleT0reproduce2_Yintonly.csv,1,1,0,#aad6e7,lh_lingual,negative_sigonly
lh_medialorbitofrontal_thickness.aparcnative71,convgroup,0.0276835794641272,0.0271885835612394,1.01820602025011,0.313684907665985,convgroup,0.293930759940951,0.95,-0.276404262014788,0.86124330655124,6,analysnum6matchF1procLONGpredAB1singleT0reproduce2,reduced,_Yintonly,level,/cluster/projects/p274/projects/p040-ad_change/Berkeley/results/cortmaps/analysnum6matchF1procLONGpredAB1singleT0reproduce2/thickness/thickness_cortmapAB6_nTime2_analysnum6matchF1procLONGpredAB1singleT0reproduce2_Yintonly.csv,0,0,0,NA,lh_medialorbitofrontal,NA
lh_middletemporal_thickness.aparcnative71,convgroup,-0.0240850557794161,0.026606203944221,-0.905242094284088,0.369858661091606,convgroup,-0.261320883408349,0.95,-0.828164356190082,0.308215473099729,6,analysnum6matchF1procLONGpredAB1singleT0reproduce2,reduced,_Yintonly,level,/cluster/projects/p274/projects/p040-ad_change/Berkeley/results/cortmaps/analysnum6matchF1procLONGpredAB1singleT0reproduce2/thickness/thickness_cortmapAB6_nTime2_analysnum6matchF1procLONGpredAB1singleT0reproduce2_Yintonly.csv,0,0,0,NA,lh_middletemporal,NA
lh_parahippocampal_thickness.aparcnative71,convgroup,-0.0680194721211392,0.0666045027434294,-1.02124435014792,0.31225840673978,convgroup,-0.294807850233144,0.95,-0.862134061138823,0.275549632947314,6,analysnum6matchF1procLONGpredAB1singleT0reproduce2,reduced,_Yintonly,level,/cluster/projects/p274/projects/p040-ad_change/Berkeley/results/cortmaps/analysnum6matchF1procLONGpredAB1singleT0reproduce2/thickness/thickness_cortmapAB6_nTime2_analysnum6matchF1procLONGpredAB1singleT0reproduce2_Yintonly.csv,0,0,0,NA,lh_parahippocampal,NA
lh_paracentral_thickness.aparcnative71,convgroup,0.0710952665785151,0.0353196992579158,2.01290690669121,0.0497518092344155,convgroup,0.581076172215914,0.95,0.000626650520651195,1.15572241140158,6,analysnum6matchF1procLONGpredAB1singleT0reproduce2,reduced,_Yintonly,level,/cluster/projects/p274/projects/p040-ad_change/Berkeley/results/cortmaps/analysnum6matchF1procLONGpredAB1singleT0reproduce2/thickness/thickness_cortmapAB6_nTime2_analysnum6matchF1procLONGpredAB1singleT0reproduce2_Yintonly.csv,1,1,0,#aad6e7,lh_paracentral,positive_sigonly
lh_parsopercularis_thickness.aparcnative71,convgroup,0.00708907533109187,0.0302185469330981,0.234593521216841,0.815522084413565,convgroup,0.0677213163123427,0.95,-0.498584419396897,0.633323905876061,6,analysnum6matchF1procLONGpredAB1singleT0reproduce2,reduced,_Yintonly,level,/cluster/projects/p274/projects/p040-ad_change/Berkeley/results/cortmaps/analysnum6matchF1procLONGpredAB1singleT0reproduce2/thickness/thickness_cortmapAB6_nTime2_analysnum6matchF1procLONGpredAB1singleT0reproduce2_Yintonly.csv,0,0,0,NA,lh_parsopercularis,NA
lh_parsorbitalis_thickness.aparcnative71,convgroup,0.0220729397617244,0.0493120903431021,0.447617199111738,0.656443144042178,convgroup,0.129215955200534,0.95,-0.437833836437361,0.694925983182611,6,analysnum6matchF1procLONGpredAB1singleT0reproduce2,reduced,_Yintonly,level,/cluster/projects/p274/projects/p040-ad_change/Berkeley/results/cortmaps/analysnum6matchF1procLONGpredAB1singleT0reproduce2/thickness/thickness_cortmapAB6_nTime2_analysnum6matchF1procLONGpredAB1singleT0reproduce2_Yintonly.csv,0,0,0,NA,lh_parsorbitalis,NA
lh_parstriangularis_thickness.aparcnative71,convgroup,-0.0192759572836401,0.0286646109286922,-0.672465338238572,0.504511938584066,convgroup,-0.194124022026366,0.95,-0.760237056636623,0.373996725488256,6,analysnum6matchF1procLONGpredAB1singleT0reproduce2,reduced,_Yintonly,level,/cluster/projects/p274/projects/p040-ad_change/Berkeley/results/cortmaps/analysnum6matchF1procLONGpredAB1singleT0reproduce2/thickness/thickness_cortmapAB6_nTime2_analysnum6matchF1procLONGpredAB1singleT0reproduce2_Yintonly.csv,0,0,0,NA,lh_parstriangularis,NA
lh_pericalcarine_thickness.aparcnative71,convgroup,-0.0116824125622339,0.0333532328097614,-0.350263275193366,0.727673534860316,convgroup,-0.101112298110065,0.95,-0.666740092099871,0.465564665891794,6,analysnum6matchF1procLONGpredAB1singleT0reproduce2,reduced,_Yintonly,level,/cluster/projects/p274/projects/p040-ad_change/Berkeley/results/cortmaps/analysnum6matchF1procLONGpredAB1singleT0reproduce2/thickness/thickness_cortmapAB6_nTime2_analysnum6matchF1procLONGpredAB1singleT0reproduce2_Yintonly.csv,0,0,0,NA,lh_pericalcarine,NA
lh_postcentral_thickness.aparcnative71,convgroup,0.00618298971254827,0.0268039307207167,0.230674738603523,0.81854787869301,convgroup,0.0665900612139952,0.95,-0.499704494278047,0.63219317423367,6,analysnum6matchF1procLONGpredAB1singleT0reproduce2,reduced,_Yintonly,level,/cluster/projects/p274/projects/p040-ad_change/Berkeley/results/cortmaps/analysnum6matchF1procLONGpredAB1singleT0reproduce2/thickness/thickness_cortmapAB6_nTime2_analysnum6matchF1procLONGpredAB1singleT0reproduce2_Yintonly.csv,0,0,0,NA,lh_postcentral,NA
lh_posteriorcingulate_thickness.aparcnative71,convgroup,0.0346804947697451,0.0343171342512364,1.01058831182839,0.317280854748812,convgroup,0.291731716937005,0.95,-0.278547162969078,0.859010276598101,6,analysnum6matchF1procLONGpredAB1singleT0reproduce2,reduced,_Yintonly,level,/cluster/projects/p274/projects/p040-ad_change/Berkeley/results/cortmaps/analysnum6matchF1procLONGpredAB1singleT0reproduce2/thickness/thickness_cortmapAB6_nTime2_analysnum6matchF1procLONGpredAB1singleT0reproduce2_Yintonly.csv,0,0,0,NA,lh_posteriorcingulate,NA
lh_precentral_thickness.aparcnative71,convgroup,0.05758482078141,0.0314352210130826,1.83185671757945,0.0731816154582223,convgroup,0.528811484505659,0.95,-0.0493922555438637,1.10169863910563,6,analysnum6matchF1procLONGpredAB1singleT0reproduce2,reduced,_Yintonly,level,/cluster/projects/p274/projects/p040-ad_change/Berkeley/results/cortmaps/analysnum6matchF1procLONGpredAB1singleT0reproduce2/thickness/thickness_cortmapAB6_nTime2_analysnum6matchF1procLONGpredAB1singleT0reproduce2_Yintonly.csv,0,0,0,NA,lh_precentral,NA
lh_precuneus_thickness.aparcnative71,convgroup,-0.00265841634507168,0.0292501581724413,-0.0908855374182683,0.927961762167129,convgroup,-0.0262363947469405,0.95,-0.59191722722842,0.539716940316603,6,analysnum6matchF1procLONGpredAB1singleT0reproduce2,reduced,_Yintonly,level,/cluster/projects/p274/projects/p040-ad_change/Berkeley/results/cortmaps/analysnum6matchF1procLONGpredAB1singleT0reproduce2/thickness/thickness_cortmapAB6_nTime2_analysnum6matchF1procLONGpredAB1singleT0reproduce2_Yintonly.csv,0,0,0,NA,lh_precuneus,NA
lh_rostralanteriorcingulate_thickness.aparcnative71,convgroup,-0.0879229318217817,0.0406332553590416,-2.16381707655174,0.0354855150019412,convgroup,-0.624640185812127,0.95,-1.20089470651515,-0.0421845325231904,6,analysnum6matchF1procLONGpredAB1singleT0reproduce2,reduced,_Yintonly,level,/cluster/projects/p274/projects/p040-ad_change/Berkeley/results/cortmaps/analysnum6matchF1procLONGpredAB1singleT0reproduce2/thickness/thickness_cortmapAB6_nTime2_analysnum6matchF1procLONGpredAB1singleT0reproduce2_Yintonly.csv,1,1,0,#aad6e7,lh_rostralanteriorcingulate,negative_sigonly
lh_rostralmiddlefrontal_thickness.aparcnative71,convgroup,0.025916862324558,0.0245220311995965,1.05688073363941,0.295856320011195,convgroup,0.305095188034021,0.95,-0.265529944447419,0.872585547087593,6,analysnum6matchF1procLONGpredAB1singleT0reproduce2,reduced,_Yintonly,level,/cluster/projects/p274/projects/p040-ad_change/Berkeley/results/cortmaps/analysnum6matchF1procLONGpredAB1singleT0reproduce2/thickness/thickness_cortmapAB6_nTime2_analysnum6matchF1procLONGpredAB1singleT0reproduce2_Yintonly.csv,0,0,0,NA,lh_rostralmiddlefrontal,NA
lh_superiorfrontal_thickness.aparcnative71,convgroup,0.0517910078476746,0.0299007791591861,1.73209559429702,0.0896789679574424,convgroup,0.500012928814776,0.95,-0.0770292197639533,1.07201081295455,6,analysnum6matchF1procLONGpredAB1singleT0reproduce2,reduced,_Yintonly,level,/cluster/projects/p274/projects/p040-ad_change/Berkeley/results/cortmaps/analysnum6matchF1procLONGpredAB1singleT0reproduce2/thickness/thickness_cortmapAB6_nTime2_analysnum6matchF1procLONGpredAB1singleT0reproduce2_Yintonly.csv,0,0,0,NA,lh_superiorfrontal,NA
lh_superiorparietal_thickness.aparcnative71,convgroup,-0.00370024019559271,0.0316291320425866,-0.11698835714526,0.907357415878382,convgroup,-0.033771629744934,0.95,-0.599429224633575,0.532236736189072,6,analysnum6matchF1procLONGpredAB1singleT0reproduce2,reduced,_Yintonly,level,/cluster/projects/p274/projects/p040-ad_change/Berkeley/results/cortmaps/analysnum6matchF1procLONGpredAB1singleT0reproduce2/thickness/thickness_cortmapAB6_nTime2_analysnum6matchF1procLONGpredAB1singleT0reproduce2_Yintonly.csv,0,0,0,NA,lh_superiorparietal,NA
lh_superiortemporal_thickness.aparcnative71,convgroup,-0.0283209372274608,0.0300565631011909,-0.942254679356157,0.350780689394833,convgroup,-0.272005496385731,0.95,-0.838994385507064,0.297784527779984,6,analysnum6matchF1procLONGpredAB1singleT0reproduce2,reduced,_Yintonly,level,/cluster/projects/p274/projects/p040-ad_change/Berkeley/results/cortmaps/analysnum6matchF1procLONGpredAB1singleT0reproduce2/thickness/thickness_cortmapAB6_nTime2_analysnum6matchF1procLONGpredAB1singleT0reproduce2_Yintonly.csv,0,0,0,NA,lh_superiortemporal,NA
lh_supramarginal_thickness.aparcnative71,convgroup,-0.00459494648811036,0.0264540575716459,-0.173695338632488,0.862835365425771,convgroup,-0.0501415252582251,0.95,-0.6157624214061,0.516000141778634,6,analysnum6matchF1procLONGpredAB1singleT0reproduce2,reduced,_Yintonly,level,/cluster/projects/p274/projects/p040-ad_change/Berkeley/results/cortmaps/analysnum6matchF1procLONGpredAB1singleT0reproduce2/thickness/thickness_cortmapAB6_nTime2_analysnum6matchF1procLONGpredAB1singleT0reproduce2_Yintonly.csv,0,0,0,NA,lh_supramarginal,NA
lh_frontalpole_thickness.aparcnative71,convgroup,-0.0202181292396813,0.0440702502957955,-0.458770465426883,0.648469665449159,convgroup,-0.132435625855231,0.95,-0.698158624815952,0.434660342109892,6,analysnum6matchF1procLONGpredAB1singleT0reproduce2,reduced,_Yintonly,level,/cluster/projects/p274/projects/p040-ad_change/Berkeley/results/cortmaps/analysnum6matchF1procLONGpredAB1singleT0reproduce2/thickness/thickness_cortmapAB6_nTime2_analysnum6matchF1procLONGpredAB1singleT0reproduce2_Yintonly.csv,0,0,0,NA,lh_frontalpole,NA
lh_temporalpole_thickness.aparcnative71,convgroup,-0.00813977277504203,0.062173119222756,-0.130921093823177,0.896384910672143,convgroup,-0.0377936643807059,0.95,-0.603440496214059,0.528245742618486,6,analysnum6matchF1procLONGpredAB1singleT0reproduce2,reduced,_Yintonly,level,/cluster/projects/p274/projects/p040-ad_change/Berkeley/results/cortmaps/analysnum6matchF1procLONGpredAB1singleT0reproduce2/thickness/thickness_cortmapAB6_nTime2_analysnum6matchF1procLONGpredAB1singleT0reproduce2_Yintonly.csv,0,0,0,NA,lh_temporalpole,NA
lh_transversetemporal_thickness.aparcnative71,convgroup,-0.0334249708093855,0.0474435854940957,-0.704520336338096,0.484513182829143,convgroup,-0.203377502917183,0.95,-0.769572137266156,0.364919754428439,6,analysnum6matchF1procLONGpredAB1singleT0reproduce2,reduced,_Yintonly,level,/cluster/projects/p274/projects/p040-ad_change/Berkeley/results/cortmaps/analysnum6matchF1procLONGpredAB1singleT0reproduce2/thickness/thickness_cortmapAB6_nTime2_analysnum6matchF1procLONGpredAB1singleT0reproduce2_Yintonly.csv,0,0,0,NA,lh_transversetemporal,NA
lh_insula_thickness.aparcnative71,convgroup,0.0571462971665703,0.0355690521482372,1.60662974454332,0.114694971353122,convgroup,0.463794057750072,0.95,-0.111864327331754,1.03475462181071,6,analysnum6matchF1procLONGpredAB1singleT0reproduce2,reduced,_Yintonly,level,/cluster/projects/p274/projects/p040-ad_change/Berkeley/results/cortmaps/analysnum6matchF1procLONGpredAB1singleT0reproduce2/thickness/thickness_cortmapAB6_nTime2_analysnum6matchF1procLONGpredAB1singleT0reproduce2_Yintonly.csv,0,0,0,NA,lh_insula,NA
lh_MeanThickness_thickness.aparcnative71,convgroup,0.00980538735819492,0.0192808204307176,0.508556541638306,0.613392683741713,convgroup,0.14680762810651,0.95,-0.420503480502751,0.712597602155431,6,analysnum6matchF1procLONGpredAB1singleT0reproduce2,reduced,_Yintonly,level,/cluster/projects/p274/projects/p040-ad_change/Berkeley/results/cortmaps/analysnum6matchF1procLONGpredAB1singleT0reproduce2/thickness/thickness_cortmapAB6_nTime2_analysnum6matchF1procLONGpredAB1singleT0reproduce2_Yintonly.csv,0,0,0,NA,lh_MeanThickness,NA
rh_bankssts_thickness.aparcnative71,convgroup,-0.0994806463109395,0.0418706191090191,-2.37590578854161,0.0215452680155525,convgroup,-0.685864923291845,0.95,-1.2645960035744,-0.100386393228558,6,analysnum6matchF1procLONGpredAB1singleT0reproduce2,reduced,_Yintonly,level,/cluster/projects/p274/projects/p040-ad_change/Berkeley/results/cortmaps/analysnum6matchF1procLONGpredAB1singleT0reproduce2/thickness/thickness_cortmapAB6_nTime2_analysnum6matchF1procLONGpredAB1singleT0reproduce2_Yintonly.csv,1,1,0,#aad6e7,rh_bankssts,negative_sigonly
rh_caudalanteriorcingulate_thickness.aparcnative71,convgroup,-0.0349445201526211,0.0523802177579834,-0.667132013732324,0.507882401051496,convgroup,-0.192584423856687,0.95,-0.758684446661934,0.375507533018479,6,analysnum6matchF1procLONGpredAB1singleT0reproduce2,reduced,_Yintonly,level,/cluster/projects/p274/projects/p040-ad_change/Berkeley/results/cortmaps/analysnum6matchF1procLONGpredAB1singleT0reproduce2/thickness/thickness_cortmapAB6_nTime2_analysnum6matchF1procLONGpredAB1singleT0reproduce2_Yintonly.csv,0,0,0,NA,rh_caudalanteriorcingulate,NA
rh_caudalmiddlefrontal_thickness.aparcnative71,convgroup,0.0290803811777913,0.03007999378975,0.966768190879771,0.338505922360917,convgroup,0.279081937624202,0.95,-0.290880395803392,0.846171641271661,6,analysnum6matchF1procLONGpredAB1singleT0reproduce2,reduced,_Yintonly,level,/cluster/projects/p274/projects/p040-ad_change/Berkeley/results/cortmaps/analysnum6matchF1procLONGpredAB1singleT0reproduce2/thickness/thickness_cortmapAB6_nTime2_analysnum6matchF1procLONGpredAB1singleT0reproduce2_Yintonly.csv,0,0,0,NA,rh_caudalmiddlefrontal,NA
rh_cuneus_thickness.aparcnative71,convgroup,-0.0136620699969622,0.0253181363802482,-0.539615941385821,0.591956538925506,convgroup,-0.155773704509059,0.95,-0.721612685787911,0.41167889804378,6,analysnum6matchF1procLONGpredAB1singleT0reproduce2,reduced,_Yintonly,level,/cluster/projects/p274/projects/p040-ad_change/Berkeley/results/cortmaps/analysnum6matchF1procLONGpredAB1singleT0reproduce2/thickness/thickness_cortmapAB6_nTime2_analysnum6matchF1procLONGpredAB1singleT0reproduce2_Yintonly.csv,0,0,0,NA,rh_cuneus,NA
rh_entorhinal_thickness.aparcnative71,convgroup,0.030783167690771,0.0701606351226332,0.43875269425605,0.662809360159905,convgroup,0.126656993068202,0.95,-0.440356548321961,0.692357219145087,6,analysnum6matchF1procLONGpredAB1singleT0reproduce2,reduced,_Yintonly,level,/cluster/projects/p274/projects/p040-ad_change/Berkeley/results/cortmaps/analysnum6matchF1procLONGpredAB1singleT0reproduce2/thickness/thickness_cortmapAB6_nTime2_analysnum6matchF1procLONGpredAB1singleT0reproduce2_Yintonly.csv,0,0,0,NA,rh_entorhinal,NA
rh_fusiform_thickness.aparcnative71,convgroup,-0.00351246829855745,0.0335777969232056,-0.104606871814452,0.917123654158126,convgroup,-0.0301974028005791,0.95,-0.595865496299889,0.53578439286874,6,analysnum6matchF1procLONGpredAB1singleT0reproduce2,reduced,_Yintonly,level,/cluster/projects/p274/projects/p040-ad_change/Berkeley/results/cortmaps/analysnum6matchF1procLONGpredAB1singleT0reproduce2/thickness/thickness_cortmapAB6_nTime2_analysnum6matchF1procLONGpredAB1singleT0reproduce2_Yintonly.csv,0,0,0,NA,rh_fusiform,NA
rh_inferiorparietal_thickness.aparcnative71,convgroup,-0.0272643428345349,0.0277752093507075,-0.981607104748621,0.331215411880726,convgroup,-0.283365563082533,0.95,-0.850517962559472,0.286702715618411,6,analysnum6matchF1procLONGpredAB1singleT0reproduce2,reduced,_Yintonly,level,/cluster/projects/p274/projects/p040-ad_change/Berkeley/results/cortmaps/analysnum6matchF1procLONGpredAB1singleT0reproduce2/thickness/thickness_cortmapAB6_nTime2_analysnum6matchF1procLONGpredAB1singleT0reproduce2_Yintonly.csv,0,0,0,NA,rh_inferiorparietal,NA
rh_inferiortemporal_thickness.aparcnative71,convgroup,-0.0336240732122329,0.0342102821325579,-0.982864540021811,0.330602469885918,convgroup,-0.283728553379265,0.95,-0.850886333162708,0.286348787052554,6,analysnum6matchF1procLONGpredAB1singleT0reproduce2,reduced,_Yintonly,level,/cluster/projects/p274/projects/p040-ad_change/Berkeley/results/cortmaps/analysnum6matchF1procLONGpredAB1singleT0reproduce2/thickness/thickness_cortmapAB6_nTime2_analysnum6matchF1procLONGpredAB1singleT0reproduce2_Yintonly.csv,0,0,0,NA,rh_inferiortemporal,NA
rh_isthmuscingulate_thickness.aparcnative71,convgroup,-0.0522455089046592,0.0398395213648885,-1.31139901069957,0.195961563708121,convgroup,-0.378568285921203,0.95,-0.947446628627392,0.194176965979828,6,analysnum6matchF1procLONGpredAB1singleT0reproduce2,reduced,_Yintonly,level,/cluster/projects/p274/projects/p040-ad_change/Berkeley/results/cortmaps/analysnum6matchF1procLONGpredAB1singleT0reproduce2/thickness/thickness_cortmapAB6_nTime2_analysnum6matchF1procLONGpredAB1singleT0reproduce2_Yintonly.csv,0,0,0,NA,rh_isthmuscingulate,NA
rh_lateraloccipital_thickness.aparcnative71,convgroup,-0.00813644585243664,0.0246100365304741,-0.330614944124989,0.742374209031249,convgroup,-0.0954403134943377,0.95,-0.661058286200055,0.471168019912599,6,analysnum6matchF1procLONGpredAB1singleT0reproduce2,reduced,_Yintonly,level,/cluster/projects/p274/projects/p040-ad_change/Berkeley/results/cortmaps/analysnum6matchF1procLONGpredAB1singleT0reproduce2/thickness/thickness_cortmapAB6_nTime2_analysnum6matchF1procLONGpredAB1singleT0reproduce2_Yintonly.csv,0,0,0,NA,rh_lateraloccipital,NA
rh_lateralorbitofrontal_thickness.aparcnative71,convgroup,-0.0310976147958954,0.0241310305691957,-1.28869816424637,0.203679832971897,convgroup,-0.372015116015909,0.95,-0.940754371463133,0.200526206728273,6,analysnum6matchF1procLONGpredAB1singleT0reproduce2,reduced,_Yintonly,level,/cluster/projects/p274/projects/p040-ad_change/Berkeley/results/cortmaps/analysnum6matchF1procLONGpredAB1singleT0reproduce2/thickness/thickness_cortmapAB6_nTime2_analysnum6matchF1procLONGpredAB1singleT0reproduce2_Yintonly.csv,0,0,0,NA,rh_lateralorbitofrontal,NA
rh_lingual_thickness.aparcnative71,convgroup,-0.0395424818991051,0.0290436189755408,-1.36148604388475,0.179717043039422,convgroup,-0.39302716696739,0.95,-0.962223186811966,0.180178129397008,6,analysnum6matchF1procLONGpredAB1singleT0reproduce2,reduced,_Yintonly,level,/cluster/projects/p274/projects/p040-ad_change/Berkeley/results/cortmaps/analysnum6matchF1procLONGpredAB1singleT0reproduce2/thickness/thickness_cortmapAB6_nTime2_analysnum6matchF1procLONGpredAB1singleT0reproduce2_Yintonly.csv,0,0,0,NA,rh_lingual,NA
rh_medialorbitofrontal_thickness.aparcnative71,convgroup,0.0122809413358926,0.0287005658123914,0.427898927713485,0.670638512544664,convgroup,0.123523780550666,0.95,-0.443446026751857,0.689212632199567,6,analysnum6matchF1procLONGpredAB1singleT0reproduce2,reduced,_Yintonly,level,/cluster/projects/p274/projects/p040-ad_change/Berkeley/results/cortmaps/analysnum6matchF1procLONGpredAB1singleT0reproduce2/thickness/thickness_cortmapAB6_nTime2_analysnum6matchF1procLONGpredAB1singleT0reproduce2_Yintonly.csv,0,0,0,NA,rh_medialorbitofrontal,NA
rh_middletemporal_thickness.aparcnative71,convgroup,-0.0460802358752311,0.0324922734647571,-1.4181905715281,0.162595150167532,convgroup,-0.409396354116968,0.95,-0.978969585114702,0.164346699017471,6,analysnum6matchF1procLONGpredAB1singleT0reproduce2,reduced,_Yintonly,level,/cluster/projects/p274/projects/p040-ad_change/Berkeley/results/cortmaps/analysnum6matchF1procLONGpredAB1singleT0reproduce2/thickness/thickness_cortmapAB6_nTime2_analysnum6matchF1procLONGpredAB1singleT0reproduce2_Yintonly.csv,0,0,0,NA,rh_middletemporal,NA
rh_parahippocampal_thickness.aparcnative71,convgroup,-0.0949869893569576,0.050650042870375,-1.87535851845281,0.0668333227306427,convgroup,-0.541369372727893,0.95,-1.11466215728449,0.0373578687801798,6,analysnum6matchF1procLONGpredAB1singleT0reproduce2,reduced,_Yintonly,level,/cluster/projects/p274/projects/p040-ad_change/Berkeley/results/cortmaps/analysnum6matchF1procLONGpredAB1singleT0reproduce2/thickness/thickness_cortmapAB6_nTime2_analysnum6matchF1procLONGpredAB1singleT0reproduce2_Yintonly.csv,0,0,0,NA,rh_parahippocampal,NA
rh_paracentral_thickness.aparcnative71,convgroup,0.0683360208634578,0.0343827591100457,1.98750835105295,0.052587624286935,convgroup,0.573744240748526,0.95,-0.0063796238938593,1.14813248310621,6,analysnum6matchF1procLONGpredAB1singleT0reproduce2,reduced,_Yintonly,level,/cluster/projects/p274/projects/p040-ad_change/Berkeley/results/cortmaps/analysnum6matchF1procLONGpredAB1singleT0reproduce2/thickness/thickness_cortmapAB6_nTime2_analysnum6matchF1procLONGpredAB1singleT0reproduce2_Yintonly.csv,0,0,0,NA,rh_paracentral,NA
rh_parsopercularis_thickness.aparcnative71,convgroup,0.0217834798405895,0.030065919056195,0.724523996751101,0.472261109677833,convgroup,0.209152062279296,0.95,-0.359258295921137,0.775400889241333,6,analysnum6matchF1procLONGpredAB1singleT0reproduce2,reduced,_Yintonly,level,/cluster/projects/p274/projects/p040-ad_change/Berkeley/results/cortmaps/analysnum6matchF1procLONGpredAB1singleT0reproduce2/thickness/thickness_cortmapAB6_nTime2_analysnum6matchF1procLONGpredAB1singleT0reproduce2_Yintonly.csv,0,0,0,NA,rh_parsopercularis,NA
rh_parsorbitalis_thickness.aparcnative71,convgroup,-0.0467800823366994,0.0477140112941368,-0.98042652604326,0.331791579372519,convgroup,-0.283024759365863,0.95,-0.850172126391086,0.287035049992755,6,analysnum6matchF1procLONGpredAB1singleT0reproduce2,reduced,_Yintonly,level,/cluster/projects/p274/projects/p040-ad_change/Berkeley/results/cortmaps/analysnum6matchF1procLONGpredAB1singleT0reproduce2/thickness/thickness_cortmapAB6_nTime2_analysnum6matchF1procLONGpredAB1singleT0reproduce2_Yintonly.csv,0,0,0,NA,rh_parsorbitalis,NA
rh_parstriangularis_thickness.aparcnative71,convgroup,0.00614685402291515,0.0293081619560505,0.209731815735588,0.834764657640936,convgroup,0.0605443601362852,0.95,-0.505691823101877,0.626151797845704,6,analysnum6matchF1procLONGpredAB1singleT0reproduce2,reduced,_Yintonly,level,/cluster/projects/p274/projects/p040-ad_change/Berkeley/results/cortmaps/analysnum6matchF1procLONGpredAB1singleT0reproduce2/thickness/thickness_cortmapAB6_nTime2_analysnum6matchF1procLONGpredAB1singleT0reproduce2_Yintonly.csv,0,0,0,NA,rh_parstriangularis,NA
rh_pericalcarine_thickness.aparcnative71,convgroup,0.0326862878069525,0.0296164096989705,1.10365463400814,0.275245309398977,convgroup,0.31859765001849,0.95,-0.252389691084341,0.88631470192272,6,analysnum6matchF1procLONGpredAB1singleT0reproduce2,reduced,_Yintonly,level,/cluster/projects/p274/projects/p040-ad_change/Berkeley/results/cortmaps/analysnum6matchF1procLONGpredAB1singleT0reproduce2/thickness/thickness_cortmapAB6_nTime2_analysnum6matchF1procLONGpredAB1singleT0reproduce2_Yintonly.csv,0,0,0,NA,rh_pericalcarine,NA
rh_postcentral_thickness.aparcnative71,convgroup,-0.00744855974358875,0.026978833273316,-0.276089023870276,0.783664945323536,convgroup,-0.0797000361259025,0.95,-0.645302630298953,0.486729910140065,6,analysnum6matchF1procLONGpredAB1singleT0reproduce2,reduced,_Yintonly,level,/cluster/projects/p274/projects/p040-ad_change/Berkeley/results/cortmaps/analysnum6matchF1procLONGpredAB1singleT0reproduce2/thickness/thickness_cortmapAB6_nTime2_analysnum6matchF1procLONGpredAB1singleT0reproduce2_Yintonly.csv,0,0,0,NA,rh_postcentral,NA
rh_posteriorcingulate_thickness.aparcnative71,convgroup,-0.0189243807465865,0.0368615285341773,-0.513391101756405,0.610032873801969,convgroup,-0.14820324539931,0.95,-0.714000378245591,0.419129520243395,6,analysnum6matchF1procLONGpredAB1singleT0reproduce2,reduced,_Yintonly,level,/cluster/projects/p274/projects/p040-ad_change/Berkeley/results/cortmaps/analysnum6matchF1procLONGpredAB1singleT0reproduce2/thickness/thickness_cortmapAB6_nTime2_analysnum6matchF1procLONGpredAB1singleT0reproduce2_Yintonly.csv,0,0,0,NA,rh_posteriorcingulate,NA
rh_precentral_thickness.aparcnative71,convgroup,0.0603563781203026,0.0358054597921971,1.68567527049201,0.0983494414741458,convgroup,0.486612535592428,0.95,-0.0899075711026598,1.05821603988143,6,analysnum6matchF1procLONGpredAB1singleT0reproduce2,reduced,_Yintonly,level,/cluster/projects/p274/projects/p040-ad_change/Berkeley/results/cortmaps/analysnum6matchF1procLONGpredAB1singleT0reproduce2/thickness/thickness_cortmapAB6_nTime2_analysnum6matchF1procLONGpredAB1singleT0reproduce2_Yintonly.csv,0,0,0,NA,rh_precentral,NA
rh_precuneus_thickness.aparcnative71,convgroup,-0.00397088804992157,0.0262368564575913,-0.151347706473145,0.880335741568367,convgroup,-0.0436903195367513,0.95,-0.609323445625671,0.522396591473167,6,analysnum6matchF1procLONGpredAB1singleT0reproduce2,reduced,_Yintonly,level,/cluster/projects/p274/projects/p040-ad_change/Berkeley/results/cortmaps/analysnum6matchF1procLONGpredAB1singleT0reproduce2/thickness/thickness_cortmapAB6_nTime2_analysnum6matchF1procLONGpredAB1singleT0reproduce2_Yintonly.csv,0,0,0,NA,rh_precuneus,NA
rh_rostralanteriorcingulate_thickness.aparcnative71,convgroup,-0.0467127298895065,0.0501697016127739,-0.931094433250781,0.356464278842113,convgroup,-0.26878381083915,0.95,-0.835728002726174,0.300928888883967,6,analysnum6matchF1procLONGpredAB1singleT0reproduce2,reduced,_Yintonly,level,/cluster/projects/p274/projects/p040-ad_change/Berkeley/results/cortmaps/analysnum6matchF1procLONGpredAB1singleT0reproduce2/thickness/thickness_cortmapAB6_nTime2_analysnum6matchF1procLONGpredAB1singleT0reproduce2_Yintonly.csv,0,0,0,NA,rh_rostralanteriorcingulate,NA
rh_rostralmiddlefrontal_thickness.aparcnative71,convgroup,-0.0155817352380513,0.0277162208583678,-0.56218830545749,0.576603827589127,convgroup,-0.162289784745571,0.95,-0.728167977110265,0.405269144982008,6,analysnum6matchF1procLONGpredAB1singleT0reproduce2,reduced,_Yintonly,level,/cluster/projects/p274/projects/p040-ad_change/Berkeley/results/cortmaps/analysnum6matchF1procLONGpredAB1singleT0reproduce2/thickness/thickness_cortmapAB6_nTime2_analysnum6matchF1procLONGpredAB1singleT0reproduce2_Yintonly.csv,0,0,0,NA,rh_rostralmiddlefrontal,NA
rh_superiorfrontal_thickness.aparcnative71,convgroup,0.0450302084253904,0.0310074406212702,1.45223880214419,0.152941006950687,convgroup,0.419225231672783,0.95,-0.154849338348092,0.989033920389177,6,analysnum6matchF1procLONGpredAB1singleT0reproduce2,reduced,_Yintonly,level,/cluster/projects/p274/projects/p040-ad_change/Berkeley/results/cortmaps/analysnum6matchF1procLONGpredAB1singleT0reproduce2/thickness/thickness_cortmapAB6_nTime2_analysnum6matchF1procLONGpredAB1singleT0reproduce2_Yintonly.csv,0,0,0,NA,rh_superiorfrontal,NA
rh_superiorparietal_thickness.aparcnative71,convgroup,0.00511153404739843,0.0305116274065018,0.167527414362343,0.867658908101508,convgroup,0.0483609988893703,0.95,-0.517765249408671,0.613984993291211,6,analysnum6matchF1procLONGpredAB1singleT0reproduce2,reduced,_Yintonly,level,/cluster/projects/p274/projects/p040-ad_change/Berkeley/results/cortmaps/analysnum6matchF1procLONGpredAB1singleT0reproduce2/thickness/thickness_cortmapAB6_nTime2_analysnum6matchF1procLONGpredAB1singleT0reproduce2_Yintonly.csv,0,0,0,NA,rh_superiorparietal,NA
rh_superiortemporal_thickness.aparcnative71,convgroup,-0.0608461262864801,0.0332267392533106,-1.831239768146,0.0732751884487294,convgroup,-0.52863338654492,0.95,-1.10151489955497,0.0495630263291804,6,analysnum6matchF1procLONGpredAB1singleT0reproduce2,reduced,_Yintonly,level,/cluster/projects/p274/projects/p040-ad_change/Berkeley/results/cortmaps/analysnum6matchF1procLONGpredAB1singleT0reproduce2/thickness/thickness_cortmapAB6_nTime2_analysnum6matchF1procLONGpredAB1singleT0reproduce2_Yintonly.csv,0,0,0,NA,rh_superiortemporal,NA
rh_supramarginal_thickness.aparcnative71,convgroup,0.000560285959211365,0.0266505378128714,0.0210234391195199,0.983314109900613,convgroup,0.00606894411747327,0.95,-0.559756738449043,0.571831602423632,6,analysnum6matchF1procLONGpredAB1singleT0reproduce2,reduced,_Yintonly,level,/cluster/projects/p274/projects/p040-ad_change/Berkeley/results/cortmaps/analysnum6matchF1procLONGpredAB1singleT0reproduce2/thickness/thickness_cortmapAB6_nTime2_analysnum6matchF1procLONGpredAB1singleT0reproduce2_Yintonly.csv,0,0,0,NA,rh_supramarginal,NA
rh_frontalpole_thickness.aparcnative71,convgroup,0.0624871753721491,0.0560328505117512,1.11518822978753,0.270322118736772,convgroup,0.321927112332466,0.95,-0.249151320465802,0.889701995804814,6,analysnum6matchF1procLONGpredAB1singleT0reproduce2,reduced,_Yintonly,level,/cluster/projects/p274/projects/p040-ad_change/Berkeley/results/cortmaps/analysnum6matchF1procLONGpredAB1singleT0reproduce2/thickness/thickness_cortmapAB6_nTime2_analysnum6matchF1procLONGpredAB1singleT0reproduce2_Yintonly.csv,0,0,0,NA,rh_frontalpole,NA
rh_temporalpole_thickness.aparcnative71,convgroup,-0.0151890395307102,0.0640966181867533,-0.236970997228826,0.81368775205771,convgroup,-0.0684076345200984,0.95,-0.634009926291755,0.497904954463899,6,analysnum6matchF1procLONGpredAB1singleT0reproduce2,reduced,_Yintonly,level,/cluster/projects/p274/projects/p040-ad_change/Berkeley/results/cortmaps/analysnum6matchF1procLONGpredAB1singleT0reproduce2/thickness/thickness_cortmapAB6_nTime2_analysnum6matchF1procLONGpredAB1singleT0reproduce2_Yintonly.csv,0,0,0,NA,rh_temporalpole,NA
rh_transversetemporal_thickness.aparcnative71,convgroup,-0.0263240515617015,0.0546808730671418,-0.48141242239089,0.632410934619839,convgroup,-0.138971795829305,0.95,-0.704723401734336,0.428220220995066,6,analysnum6matchF1procLONGpredAB1singleT0reproduce2,reduced,_Yintonly,level,/cluster/projects/p274/projects/p040-ad_change/Berkeley/results/cortmaps/analysnum6matchF1procLONGpredAB1singleT0reproduce2/thickness/thickness_cortmapAB6_nTime2_analysnum6matchF1procLONGpredAB1singleT0reproduce2_Yintonly.csv,0,0,0,NA,rh_transversetemporal,NA
rh_insula_thickness.aparcnative71,convgroup,-0.0247254358098595,0.0429804445343405,-0.575271756207743,0.567794583837035,convgroup,-0.166066651651865,0.95,-0.7319689732714,0.401555282475344,6,analysnum6matchF1procLONGpredAB1singleT0reproduce2,reduced,_Yintonly,level,/cluster/projects/p274/projects/p040-ad_change/Berkeley/results/cortmaps/analysnum6matchF1procLONGpredAB1singleT0reproduce2/thickness/thickness_cortmapAB6_nTime2_analysnum6matchF1procLONGpredAB1singleT0reproduce2_Yintonly.csv,0,0,0,NA,rh_insula,NA
rh_MeanThickness_thickness.aparcnative71,convgroup,-0.0018488421468053,0.0197748881888685,-0.0934944425044101,0.925899933306169,convgroup,-0.0269895207738276,0.95,-0.592667840494312,0.538969147298013,6,analysnum6matchF1procLONGpredAB1singleT0reproduce2,reduced,_Yintonly,level,/cluster/projects/p274/projects/p040-ad_change/Berkeley/results/cortmaps/analysnum6matchF1procLONGpredAB1singleT0reproduce2/thickness/thickness_cortmapAB6_nTime2_analysnum6matchF1procLONGpredAB1singleT0reproduce2_Yintonly.csv,0,0,0,NA,rh_MeanThickness,NA
lh_bankssts_thickness.aparcnative71,convgroup,-0.0237700650651498,0.0391283391101214,-0.607489753098188,0.547047091537387,convgroup,-0.194552425238242,0.95,-0.822479371870925,0.435849355964044,7,analysnum6matchF1procLONGpredAB1singleT0reproduce2,reduced,_Yintonly,level,/cluster/projects/p274/projects/p040-ad_change/Berkeley/results/cortmaps/analysnum6matchF1procLONGpredAB1singleT0reproduce2/thickness/thickness_cortmapAB7_nTime2_analysnum6matchF1procLONGpredAB1singleT0reproduce2_Yintonly.csv,0,0,0,NA,lh_bankssts,NA
lh_caudalanteriorcingulate_thickness.aparcnative71,convgroup,0.0946114937822007,0.0617686851767699,1.5317064546775,0.133667242465884,convgroup,0.490538653517686,0.95,-0.149508424528475,1.1244925956257,7,analysnum6matchF1procLONGpredAB1singleT0reproduce2,reduced,_Yintonly,level,/cluster/projects/p274/projects/p040-ad_change/Berkeley/results/cortmaps/analysnum6matchF1procLONGpredAB1singleT0reproduce2/thickness/thickness_cortmapAB7_nTime2_analysnum6matchF1procLONGpredAB1singleT0reproduce2_Yintonly.csv,0,0,0,NA,lh_caudalanteriorcingulate,NA
lh_caudalmiddlefrontal_thickness.aparcnative71,convgroup,0.0273312295830263,0.0325625716487414,0.839344934971765,0.406391528768134,convgroup,0.268805509685359,0.95,-0.363398004362768,0.897603599273188,7,analysnum6matchF1procLONGpredAB1singleT0reproduce2,reduced,_Yintonly,level,/cluster/projects/p274/projects/p040-ad_change/Berkeley/results/cortmaps/analysnum6matchF1procLONGpredAB1singleT0reproduce2/thickness/thickness_cortmapAB7_nTime2_analysnum6matchF1procLONGpredAB1singleT0reproduce2_Yintonly.csv,0,0,0,NA,lh_caudalmiddlefrontal,NA
lh_cuneus_thickness.aparcnative71,convgroup,-0.00968886779212692,0.0298349078883041,-0.324749378426107,0.747106368057793,convgroup,-0.104003036833444,0.95,-0.731451699222985,0.524772883095277,7,analysnum6matchF1procLONGpredAB1singleT0reproduce2,reduced,_Yintonly,level,/cluster/projects/p274/projects/p040-ad_change/Berkeley/results/cortmaps/analysnum6matchF1procLONGpredAB1singleT0reproduce2/thickness/thickness_cortmapAB7_nTime2_analysnum6matchF1procLONGpredAB1singleT0reproduce2_Yintonly.csv,0,0,0,NA,lh_cuneus,NA
lh_entorhinal_thickness.aparcnative71,convgroup,0.1308031810963,0.080005369870645,1.63493002166962,0.110110921844407,convgroup,0.523596651940936,0.95,-0.117929430592262,1.158644178658,7,analysnum6matchF1procLONGpredAB1singleT0reproduce2,reduced,_Yintonly,level,/cluster/projects/p274/projects/p040-ad_change/Berkeley/results/cortmaps/analysnum6matchF1procLONGpredAB1singleT0reproduce2/thickness/thickness_cortmapAB7_nTime2_analysnum6matchF1procLONGpredAB1singleT0reproduce2_Yintonly.csv,0,0,0,NA,lh_entorhinal,NA
lh_fusiform_thickness.aparcnative71,convgroup,-0.0121721891065846,0.0366559503535485,-0.332065844404065,0.741617663079394,convgroup,-0.106346181212301,0.95,-0.733799130059225,0.522463809731728,7,analysnum6matchF1procLONGpredAB1singleT0reproduce2,reduced,_Yintonly,level,/cluster/projects/p274/projects/p040-ad_change/Berkeley/results/cortmaps/analysnum6matchF1procLONGpredAB1singleT0reproduce2/thickness/thickness_cortmapAB7_nTime2_analysnum6matchF1procLONGpredAB1singleT0reproduce2_Yintonly.csv,0,0,0,NA,lh_fusiform,NA
lh_inferiorparietal_thickness.aparcnative71,convgroup,-0.0279525286846578,0.0360843964117033,-0.774643099630509,0.443221903278195,convgroup,-0.248084338803367,0.95,-0.876595938016794,0.383574189955397,7,analysnum6matchF1procLONGpredAB1singleT0reproduce2,reduced,_Yintonly,level,/cluster/projects/p274/projects/p040-ad_change/Berkeley/results/cortmaps/analysnum6matchF1procLONGpredAB1singleT0reproduce2/thickness/thickness_cortmapAB7_nTime2_analysnum6matchF1procLONGpredAB1singleT0reproduce2_Yintonly.csv,0,0,0,NA,lh_inferiorparietal,NA
lh_inferiortemporal_thickness.aparcnative71,convgroup,0.00213689763617342,0.0357198436589603,0.0598238238827616,0.952601458528477,convgroup,0.0191589569438146,0.95,-0.608668593639231,0.646741691418824,7,analysnum6matchF1procLONGpredAB1singleT0reproduce2,reduced,_Yintonly,level,/cluster/projects/p274/projects/p040-ad_change/Berkeley/results/cortmaps/analysnum6matchF1procLONGpredAB1singleT0reproduce2/thickness/thickness_cortmapAB7_nTime2_analysnum6matchF1procLONGpredAB1singleT0reproduce2_Yintonly.csv,0,0,0,NA,lh_inferiortemporal,NA
lh_isthmuscingulate_thickness.aparcnative71,convgroup,-0.0386691719355991,0.0487642929466666,-0.792981290180737,0.432586604720525,convgroup,-0.253957259997235,0.95,-0.882546677740837,0.377852427426542,7,analysnum6matchF1procLONGpredAB1singleT0reproduce2,reduced,_Yintonly,level,/cluster/projects/p274/projects/p040-ad_change/Berkeley/results/cortmaps/analysnum6matchF1procLONGpredAB1singleT0reproduce2/thickness/thickness_cortmapAB7_nTime2_analysnum6matchF1procLONGpredAB1singleT0reproduce2_Yintonly.csv,0,0,0,NA,lh_isthmuscingulate,NA
lh_lateraloccipital_thickness.aparcnative71,convgroup,0.0440651474902905,0.0277959265388596,1.58530953910409,0.120972210158761,convgroup,0.507705379412662,0.95,-0.133099868281104,1.14221677981829,7,analysnum6matchF1procLONGpredAB1singleT0reproduce2,reduced,_Yintonly,level,/cluster/projects/p274/projects/p040-ad_change/Berkeley/results/cortmaps/analysnum6matchF1procLONGpredAB1singleT0reproduce2/thickness/thickness_cortmapAB7_nTime2_analysnum6matchF1procLONGpredAB1singleT0reproduce2_Yintonly.csv,0,0,0,NA,lh_lateraloccipital,NA
lh_lateralorbitofrontal_thickness.aparcnative71,convgroup,0.0100822414392249,0.0291521419357087,0.345849078995977,0.731314895820843,convgroup,0.110760349029631,0.95,-0.518115074997607,0.738222511658646,7,analysnum6matchF1procLONGpredAB1singleT0reproduce2,reduced,_Yintonly,level,/cluster/projects/p274/projects/p040-ad_change/Berkeley/results/cortmaps/analysnum6matchF1procLONGpredAB1singleT0reproduce2/thickness/thickness_cortmapAB7_nTime2_analysnum6matchF1procLONGpredAB1singleT0reproduce2_Yintonly.csv,0,0,0,NA,lh_lateralorbitofrontal,NA
lh_lingual_thickness.aparcnative71,convgroup,-0.0598972689147151,0.033381353727787,-1.79433312990108,0.080514733505093,convgroup,-0.574646502804727,0.95,-1.21154636246133,0.0693178439774094,7,analysnum6matchF1procLONGpredAB1singleT0reproduce2,reduced,_Yintonly,level,/cluster/projects/p274/projects/p040-ad_change/Berkeley/results/cortmaps/analysnum6matchF1procLONGpredAB1singleT0reproduce2/thickness/thickness_cortmapAB7_nTime2_analysnum6matchF1procLONGpredAB1singleT0reproduce2_Yintonly.csv,0,0,0,NA,lh_lingual,NA
lh_medialorbitofrontal_thickness.aparcnative71,convgroup,0.0239489185530246,0.031844971032476,0.752047113768801,0.456537754500216,convgroup,0.240847831804485,0.95,-0.390628022689165,0.869267305331767,7,analysnum6matchF1procLONGpredAB1singleT0reproduce2,reduced,_Yintonly,level,/cluster/projects/p274/projects/p040-ad_change/Berkeley/results/cortmaps/analysnum6matchF1procLONGpredAB1singleT0reproduce2/thickness/thickness_cortmapAB7_nTime2_analysnum6matchF1procLONGpredAB1singleT0reproduce2_Yintonly.csv,0,0,0,NA,lh_medialorbitofrontal,NA
lh_middletemporal_thickness.aparcnative71,convgroup,-0.0472074007477056,0.0353045972852598,-1.33714599167558,0.18892223234886,convgroup,-0.428229438029765,0.95,-1.06035010989701,0.209245955515201,7,analysnum6matchF1procLONGpredAB1singleT0reproduce2,reduced,_Yintonly,level,/cluster/projects/p274/projects/p040-ad_change/Berkeley/results/cortmaps/analysnum6matchF1procLONGpredAB1singleT0reproduce2/thickness/thickness_cortmapAB7_nTime2_analysnum6matchF1procLONGpredAB1singleT0reproduce2_Yintonly.csv,0,0,0,NA,lh_middletemporal,NA
lh_parahippocampal_thickness.aparcnative71,convgroup,-0.0192149652611125,0.072950591697912,-0.263396976143546,0.79363131743893,convgroup,-0.0843545430154172,0.95,-0.711784151594274,0.54415206877923,7,analysnum6matchF1procLONGpredAB1singleT0reproduce2,reduced,_Yintonly,level,/cluster/projects/p274/projects/p040-ad_change/Berkeley/results/cortmaps/analysnum6matchF1procLONGpredAB1singleT0reproduce2/thickness/thickness_cortmapAB7_nTime2_analysnum6matchF1procLONGpredAB1singleT0reproduce2_Yintonly.csv,0,0,0,NA,lh_parahippocampal,NA
lh_paracentral_thickness.aparcnative71,convgroup,0.0817665396335574,0.0411478552872387,1.98713976859241,0.0539629609445835,convgroup,0.636394044994742,0.95,-0.010766814400752,1.27579783145494,7,analysnum6matchF1procLONGpredAB1singleT0reproduce2,reduced,_Yintonly,level,/cluster/projects/p274/projects/p040-ad_change/Berkeley/results/cortmaps/analysnum6matchF1procLONGpredAB1singleT0reproduce2/thickness/thickness_cortmapAB7_nTime2_analysnum6matchF1procLONGpredAB1singleT0reproduce2_Yintonly.csv,0,0,0,NA,lh_paracentral,NA
lh_parsopercularis_thickness.aparcnative71,convgroup,-0.00276709181926438,0.0299975551733957,-0.0922439113210953,0.926976464511016,convgroup,-0.0295416944392143,0.95,-0.657077876639147,0.598371884375323,7,analysnum6matchF1procLONGpredAB1singleT0reproduce2,reduced,_Yintonly,level,/cluster/projects/p274/projects/p040-ad_change/Berkeley/results/cortmaps/analysnum6matchF1procLONGpredAB1singleT0reproduce2/thickness/thickness_cortmapAB7_nTime2_analysnum6matchF1procLONGpredAB1singleT0reproduce2_Yintonly.csv,0,0,0,NA,lh_parsopercularis,NA
lh_parsorbitalis_thickness.aparcnative71,convgroup,0.0735037617947782,0.0472524403126435,1.55555483078639,0.127892601619546,convgroup,0.498176246392819,0.95,-0.142205535333895,1.13237543370047,7,analysnum6matchF1procLONGpredAB1singleT0reproduce2,reduced,_Yintonly,level,/cluster/projects/p274/projects/p040-ad_change/Berkeley/results/cortmaps/analysnum6matchF1procLONGpredAB1singleT0reproduce2/thickness/thickness_cortmapAB7_nTime2_analysnum6matchF1procLONGpredAB1singleT0reproduce2_Yintonly.csv,0,0,0,NA,lh_parsorbitalis,NA
lh_parstriangularis_thickness.aparcnative71,convgroup,-0.00809397501021663,0.0314641508537091,-0.257244349222998,0.798342573990745,convgroup,-0.0823841254357394,0.95,-0.709813504146291,0.546097120660263,7,analysnum6matchF1procLONGpredAB1singleT0reproduce2,reduced,_Yintonly,level,/cluster/projects/p274/projects/p040-ad_change/Berkeley/results/cortmaps/analysnum6matchF1procLONGpredAB1singleT0reproduce2/thickness/thickness_cortmapAB7_nTime2_analysnum6matchF1procLONGpredAB1singleT0reproduce2_Yintonly.csv,0,0,0,NA,lh_parstriangularis,NA
lh_pericalcarine_thickness.aparcnative71,convgroup,-0.0262526009218606,0.0340071532153196,-0.77197290686579,0.444783342029349,convgroup,-0.247229192727931,0.95,-0.87572967912218,0.384407549459134,7,analysnum6matchF1procLONGpredAB1singleT0reproduce2,reduced,_Yintonly,level,/cluster/projects/p274/projects/p040-ad_change/Berkeley/results/cortmaps/analysnum6matchF1procLONGpredAB1singleT0reproduce2/thickness/thickness_cortmapAB7_nTime2_analysnum6matchF1procLONGpredAB1singleT0reproduce2_Yintonly.csv,0,0,0,NA,lh_pericalcarine,NA
lh_postcentral_thickness.aparcnative71,convgroup,0.0209071532237023,0.0308103881438358,0.67857480814909,0.501414304296971,convgroup,0.21731786249511,0.95,-0.413591658158064,0.845466042216078,7,analysnum6matchF1procLONGpredAB1singleT0reproduce2,reduced,_Yintonly,level,/cluster/projects/p274/projects/p040-ad_change/Berkeley/results/cortmaps/analysnum6matchF1procLONGpredAB1singleT0reproduce2/thickness/thickness_cortmapAB7_nTime2_analysnum6matchF1procLONGpredAB1singleT0reproduce2_Yintonly.csv,0,0,0,NA,lh_postcentral,NA
lh_posteriorcingulate_thickness.aparcnative71,convgroup,0.039363417832409,0.0495145164753097,0.794987422568035,0.431432522976636,convgroup,0.254599736548168,0.95,-0.377226657081486,0.883197806882232,7,analysnum6matchF1procLONGpredAB1singleT0reproduce2,reduced,_Yintonly,level,/cluster/projects/p274/projects/p040-ad_change/Berkeley/results/cortmaps/analysnum6matchF1procLONGpredAB1singleT0reproduce2/thickness/thickness_cortmapAB7_nTime2_analysnum6matchF1procLONGpredAB1singleT0reproduce2_Yintonly.csv,0,0,0,NA,lh_posteriorcingulate,NA
lh_precentral_thickness.aparcnative71,convgroup,0.0740862069919385,0.039971708490605,1.85346610864411,0.0713915547738485,convgroup,0.593584212234961,0.95,-0.0513318709390751,1.23122148085412,7,analysnum6matchF1procLONGpredAB1singleT0reproduce2,reduced,_Yintonly,level,/cluster/projects/p274/projects/p040-ad_change/Berkeley/results/cortmaps/analysnum6matchF1procLONGpredAB1singleT0reproduce2/thickness/thickness_cortmapAB7_nTime2_analysnum6matchF1procLONGpredAB1singleT0reproduce2_Yintonly.csv,0,0,0,NA,lh_precentral,NA
lh_precuneus_thickness.aparcnative71,convgroup,0.0163530811077445,0.0326529815208424,0.500814331374499,0.619316668117915,convgroup,0.160388948564255,0.95,-0.46932529033144,0.788059924907547,7,analysnum6matchF1procLONGpredAB1singleT0reproduce2,reduced,_Yintonly,level,/cluster/projects/p274/projects/p040-ad_change/Berkeley/results/cortmaps/analysnum6matchF1procLONGpredAB1singleT0reproduce2/thickness/thickness_cortmapAB7_nTime2_analysnum6matchF1procLONGpredAB1singleT0reproduce2_Yintonly.csv,0,0,0,NA,lh_precuneus,NA
lh_rostralanteriorcingulate_thickness.aparcnative71,convgroup,-0.0651243093009238,0.0525980269140187,-1.2381511840241,0.223061695268419,convgroup,-0.396525726458724,0.95,-1.02782851153273,0.239750508734992,7,analysnum6matchF1procLONGpredAB1singleT0reproduce2,reduced,_Yintonly,level,/cluster/projects/p274/projects/p040-ad_change/Berkeley/results/cortmaps/analysnum6matchF1procLONGpredAB1singleT0reproduce2/thickness/thickness_cortmapAB7_nTime2_analysnum6matchF1procLONGpredAB1singleT0reproduce2_Yintonly.csv,0,0,0,NA,lh_rostralanteriorcingulate,NA
lh_rostralmiddlefrontal_thickness.aparcnative71,convgroup,0.0142855480942715,0.0307887114263231,0.463986553268282,0.645236912646159,convgroup,0.148594620330472,0.95,-0.480903123284784,0.77619858448284,7,analysnum6matchF1procLONGpredAB1singleT0reproduce2,reduced,_Yintonly,level,/cluster/projects/p274/projects/p040-ad_change/Berkeley/results/cortmaps/analysnum6matchF1procLONGpredAB1singleT0reproduce2/thickness/thickness_cortmapAB7_nTime2_analysnum6matchF1procLONGpredAB1singleT0reproduce2_Yintonly.csv,0,0,0,NA,lh_rostralmiddlefrontal,NA
lh_superiorfrontal_thickness.aparcnative71,convgroup,0.0663758377687473,0.0328541107894697,2.02032062879699,0.0502561115271899,convgroup,0.647020424767188,0.95,-0.000717558144007646,1.28688402059209,7,analysnum6matchF1procLONGpredAB1singleT0reproduce2,reduced,_Yintonly,level,/cluster/projects/p274/projects/p040-ad_change/Berkeley/results/cortmaps/analysnum6matchF1procLONGpredAB1singleT0reproduce2/thickness/thickness_cortmapAB7_nTime2_analysnum6matchF1procLONGpredAB1singleT0reproduce2_Yintonly.csv,0,0,0,NA,lh_superiorfrontal,NA
lh_superiorparietal_thickness.aparcnative71,convgroup,0.0323687591043934,0.0334165010955988,0.968645969600231,0.338690932568032,convgroup,0.310214981605647,0.95,-0.323174967575913,0.93968598580182,7,analysnum6matchF1procLONGpredAB1singleT0reproduce2,reduced,_Yintonly,level,/cluster/projects/p274/projects/p040-ad_change/Berkeley/results/cortmaps/analysnum6matchF1procLONGpredAB1singleT0reproduce2/thickness/thickness_cortmapAB7_nTime2_analysnum6matchF1procLONGpredAB1singleT0reproduce2_Yintonly.csv,0,0,0,NA,lh_superiorparietal,NA
lh_superiortemporal_thickness.aparcnative71,convgroup,-0.0422724947003606,0.0394728988374159,-1.070924506317,0.29078634833951,convgroup,-0.342970328122332,0.95,-0.97306827788884,0.291449441621211,7,analysnum6matchF1procLONGpredAB1singleT0reproduce2,reduced,_Yintonly,level,/cluster/projects/p274/projects/p040-ad_change/Berkeley/results/cortmaps/analysnum6matchF1procLONGpredAB1singleT0reproduce2/thickness/thickness_cortmapAB7_nTime2_analysnum6matchF1procLONGpredAB1singleT0reproduce2_Yintonly.csv,0,0,0,NA,lh_superiortemporal,NA
lh_supramarginal_thickness.aparcnative71,convgroup,-0.00781181783450334,0.0359297836457298,-0.217419005678643,0.829015320909774,convgroup,-0.0696298079629177,0.95,-0.697064964331111,0.558694586096345,7,analysnum6matchF1procLONGpredAB1singleT0reproduce2,reduced,_Yintonly,level,/cluster/projects/p274/projects/p040-ad_change/Berkeley/results/cortmaps/analysnum6matchF1procLONGpredAB1singleT0reproduce2/thickness/thickness_cortmapAB7_nTime2_analysnum6matchF1procLONGpredAB1singleT0reproduce2_Yintonly.csv,0,0,0,NA,lh_supramarginal,NA
lh_frontalpole_thickness.aparcnative71,convgroup,0.00341121139557752,0.0523388194240786,0.0651755510176483,0.94836717503417,convgroup,0.0208728813153706,0.95,-0.606968268610105,0.648447362601263,7,analysnum6matchF1procLONGpredAB1singleT0reproduce2,reduced,_Yintonly,level,/cluster/projects/p274/projects/p040-ad_change/Berkeley/results/cortmaps/analysnum6matchF1procLONGpredAB1singleT0reproduce2/thickness/thickness_cortmapAB7_nTime2_analysnum6matchF1procLONGpredAB1singleT0reproduce2_Yintonly.csv,0,0,0,NA,lh_frontalpole,NA
lh_temporalpole_thickness.aparcnative71,convgroup,0.0318000745572039,0.0863880890722665,0.368107164988939,0.714783814611258,convgroup,0.117888641464207,0.95,-0.511095568873246,0.745368914632869,7,analysnum6matchF1procLONGpredAB1singleT0reproduce2,reduced,_Yintonly,level,/cluster/projects/p274/projects/p040-ad_change/Berkeley/results/cortmaps/analysnum6matchF1procLONGpredAB1singleT0reproduce2/thickness/thickness_cortmapAB7_nTime2_analysnum6matchF1procLONGpredAB1singleT0reproduce2_Yintonly.csv,0,0,0,NA,lh_temporalpole,NA
lh_transversetemporal_thickness.aparcnative71,convgroup,-0.0690060068005305,0.0539193671256609,-1.27980001396733,0.208176450320103,convgroup,-0.409864026952627,0.95,-1.04150145934063,0.226907669603749,7,analysnum6matchF1procLONGpredAB1singleT0reproduce2,reduced,_Yintonly,level,/cluster/projects/p274/projects/p040-ad_change/Berkeley/results/cortmaps/analysnum6matchF1procLONGpredAB1singleT0reproduce2/thickness/thickness_cortmapAB7_nTime2_analysnum6matchF1procLONGpredAB1singleT0reproduce2_Yintonly.csv,0,0,0,NA,lh_transversetemporal,NA
lh_insula_thickness.aparcnative71,convgroup,0.0257623943356098,0.0386294006883933,0.666911571924812,0.508755341330676,convgroup,0.213582637527137,0.95,-0.417240854606038,0.841691743290311,7,analysnum6matchF1procLONGpredAB1singleT0reproduce2,reduced,_Yintonly,level,/cluster/projects/p274/projects/p040-ad_change/Berkeley/results/cortmaps/analysnum6matchF1procLONGpredAB1singleT0reproduce2/thickness/thickness_cortmapAB7_nTime2_analysnum6matchF1procLONGpredAB1singleT0reproduce2_Yintonly.csv,0,0,0,NA,lh_insula,NA
lh_MeanThickness_thickness.aparcnative71,convgroup,0.0180178827270391,0.0249193991168703,0.723046436334056,0.473965599899236,convgroup,0.23156018193104,0.95,-0.399687096248015,0.85986740337451,7,analysnum6matchF1procLONGpredAB1singleT0reproduce2,reduced,_Yintonly,level,/cluster/projects/p274/projects/p040-ad_change/Berkeley/results/cortmaps/analysnum6matchF1procLONGpredAB1singleT0reproduce2/thickness/thickness_cortmapAB7_nTime2_analysnum6matchF1procLONGpredAB1singleT0reproduce2_Yintonly.csv,0,0,0,NA,lh_MeanThickness,NA
rh_bankssts_thickness.aparcnative71,convgroup,-0.0744640538705469,0.0498458713739908,-1.49388608961908,0.143252734628987,convgroup,-0.478426443051609,0.95,-1.11200068979653,0.161098556468841,7,analysnum6matchF1procLONGpredAB1singleT0reproduce2,reduced,_Yintonly,level,/cluster/projects/p274/projects/p040-ad_change/Berkeley/results/cortmaps/analysnum6matchF1procLONGpredAB1singleT0reproduce2/thickness/thickness_cortmapAB7_nTime2_analysnum6matchF1procLONGpredAB1singleT0reproduce2_Yintonly.csv,0,0,0,NA,rh_bankssts,NA
rh_caudalanteriorcingulate_thickness.aparcnative71,convgroup,0.0371120965315536,0.0585029230210993,0.63436311580823,0.529547635251998,convgroup,0.203158789152829,0.95,-0.427430267301619,0.831164661085222,7,analysnum6matchF1procLONGpredAB1singleT0reproduce2,reduced,_Yintonly,level,/cluster/projects/p274/projects/p040-ad_change/Berkeley/results/cortmaps/analysnum6matchF1procLONGpredAB1singleT0reproduce2/thickness/thickness_cortmapAB7_nTime2_analysnum6matchF1procLONGpredAB1singleT0reproduce2_Yintonly.csv,0,0,0,NA,rh_caudalanteriorcingulate,NA
rh_caudalmiddlefrontal_thickness.aparcnative71,convgroup,0.0353030051185302,0.0312458596616162,1.12984585800653,0.265442459120894,convgroup,0.361840262653819,0.95,-0.273209274377311,0.992337373112388,7,analysnum6matchF1procLONGpredAB1singleT0reproduce2,reduced,_Yintonly,level,/cluster/projects/p274/projects/p040-ad_change/Berkeley/results/cortmaps/analysnum6matchF1procLONGpredAB1singleT0reproduce2/thickness/thickness_cortmapAB7_nTime2_analysnum6matchF1procLONGpredAB1singleT0reproduce2_Yintonly.csv,0,0,0,NA,rh_caudalmiddlefrontal,NA
rh_cuneus_thickness.aparcnative71,convgroup,-0.0162152476202557,0.0330772282015268,-0.490223894259291,0.626722177298978,convgroup,-0.156997294277761,0.95,-0.78464794871795,0.472653607505135,7,analysnum6matchF1procLONGpredAB1singleT0reproduce2,reduced,_Yintonly,level,/cluster/projects/p274/projects/p040-ad_change/Berkeley/results/cortmaps/analysnum6matchF1procLONGpredAB1singleT0reproduce2/thickness/thickness_cortmapAB7_nTime2_analysnum6matchF1procLONGpredAB1singleT0reproduce2_Yintonly.csv,0,0,0,NA,rh_cuneus,NA
rh_entorhinal_thickness.aparcnative71,convgroup,0.044101095655974,0.0756004582827114,0.583344289938771,0.563020026816828,convgroup,0.18681968836127,0.95,-0.443418634144686,0.814680712661131,7,analysnum6matchF1procLONGpredAB1singleT0reproduce2,reduced,_Yintonly,level,/cluster/projects/p274/projects/p040-ad_change/Berkeley/results/cortmaps/analysnum6matchF1procLONGpredAB1singleT0reproduce2/thickness/thickness_cortmapAB7_nTime2_analysnum6matchF1procLONGpredAB1singleT0reproduce2_Yintonly.csv,0,0,0,NA,rh_entorhinal,NA
rh_fusiform_thickness.aparcnative71,convgroup,0.00428726021526458,0.0349400070663067,0.122703473045341,0.902972058358406,convgroup,0.0392965612084454,0.95,-0.588705460153174,0.66679656434461,7,analysnum6matchF1procLONGpredAB1singleT0reproduce2,reduced,_Yintonly,level,/cluster/projects/p274/projects/p040-ad_change/Berkeley/results/cortmaps/analysnum6matchF1procLONGpredAB1singleT0reproduce2/thickness/thickness_cortmapAB7_nTime2_analysnum6matchF1procLONGpredAB1singleT0reproduce2_Yintonly.csv,0,0,0,NA,rh_fusiform,NA
rh_inferiorparietal_thickness.aparcnative71,convgroup,-0.0104418698501833,0.0349133233979236,-0.29907980203352,0.766467158087561,convgroup,-0.0957821930800371,0.95,-0.723219184534752,0.532877398666844,7,analysnum6matchF1procLONGpredAB1singleT0reproduce2,reduced,_Yintonly,level,/cluster/projects/p274/projects/p040-ad_change/Berkeley/results/cortmaps/analysnum6matchF1procLONGpredAB1singleT0reproduce2/thickness/thickness_cortmapAB7_nTime2_analysnum6matchF1procLONGpredAB1singleT0reproduce2_Yintonly.csv,0,0,0,NA,rh_inferiorparietal,NA
rh_inferiortemporal_thickness.aparcnative71,convgroup,-0.0414650076477028,0.0371777069999212,-1.11531912518948,0.271539245733736,convgroup,-0.357187984840192,0.95,-0.987584119640204,0.27770382837765,7,analysnum6matchF1procLONGpredAB1singleT0reproduce2,reduced,_Yintonly,level,/cluster/projects/p274/projects/p040-ad_change/Berkeley/results/cortmaps/analysnum6matchF1procLONGpredAB1singleT0reproduce2/thickness/thickness_cortmapAB7_nTime2_analysnum6matchF1procLONGpredAB1singleT0reproduce2_Yintonly.csv,0,0,0,NA,rh_inferiortemporal,NA
rh_isthmuscingulate_thickness.aparcnative71,convgroup,-0.0322905432021999,0.0492584412101555,-0.655533192056078,0.515973109960549,convgroup,-0.209938639603791,0.95,-0.838010688629781,0.42080197894647,7,analysnum6matchF1procLONGpredAB1singleT0reproduce2,reduced,_Yintonly,level,/cluster/projects/p274/projects/p040-ad_change/Berkeley/results/cortmaps/analysnum6matchF1procLONGpredAB1singleT0reproduce2/thickness/thickness_cortmapAB7_nTime2_analysnum6matchF1procLONGpredAB1singleT0reproduce2_Yintonly.csv,0,0,0,NA,rh_isthmuscingulate,NA
rh_lateraloccipital_thickness.aparcnative71,convgroup,0.0145676446391345,0.0308712498212229,0.47188386357846,0.639639276224013,convgroup,0.151123783770461,0.95,-0.47841945534605,0.778741251551364,7,analysnum6matchF1procLONGpredAB1singleT0reproduce2,reduced,_Yintonly,level,/cluster/projects/p274/projects/p040-ad_change/Berkeley/results/cortmaps/analysnum6matchF1procLONGpredAB1singleT0reproduce2/thickness/thickness_cortmapAB7_nTime2_analysnum6matchF1procLONGpredAB1singleT0reproduce2_Yintonly.csv,0,0,0,NA,rh_lateraloccipital,NA
rh_lateralorbitofrontal_thickness.aparcnative71,convgroup,-0.0344332631327938,0.0302398091680606,-1.13867329457761,0.261785810537815,convgroup,-0.364667304895738,0.95,-0.995226579641925,0.270478891787528,7,analysnum6matchF1procLONGpredAB1singleT0reproduce2,reduced,_Yintonly,level,/cluster/projects/p274/projects/p040-ad_change/Berkeley/results/cortmaps/analysnum6matchF1procLONGpredAB1singleT0reproduce2/thickness/thickness_cortmapAB7_nTime2_analysnum6matchF1procLONGpredAB1singleT0reproduce2_Yintonly.csv,0,0,0,NA,rh_lateralorbitofrontal,NA
rh_lingual_thickness.aparcnative71,convgroup,-0.0501150858841021,0.032398232820881,-1.54684627896749,0.129977495954045,convgroup,-0.495387277742666,0.95,-1.12949647446433,0.144871751612196,7,analysnum6matchF1procLONGpredAB1singleT0reproduce2,reduced,_Yintonly,level,/cluster/projects/p274/projects/p040-ad_change/Berkeley/results/cortmaps/analysnum6matchF1procLONGpredAB1singleT0reproduce2/thickness/thickness_cortmapAB7_nTime2_analysnum6matchF1procLONGpredAB1singleT0reproduce2_Yintonly.csv,0,0,0,NA,rh_lingual,NA
rh_medialorbitofrontal_thickness.aparcnative71,convgroup,0.0173188817908302,0.0368244883905881,0.47030882295317,0.640753983143751,convgroup,0.15061936707547,0.95,-0.478914757609464,0.778234068121258,7,analysnum6matchF1procLONGpredAB1singleT0reproduce2,reduced,_Yintonly,level,/cluster/projects/p274/projects/p040-ad_change/Berkeley/results/cortmaps/analysnum6matchF1procLONGpredAB1singleT0reproduce2/thickness/thickness_cortmapAB7_nTime2_analysnum6matchF1procLONGpredAB1singleT0reproduce2_Yintonly.csv,0,0,0,NA,rh_medialorbitofrontal,NA
rh_middletemporal_thickness.aparcnative71,convgroup,-0.022606082021022,0.0396979415850359,-0.569452246600699,0.572314823789605,convgroup,-0.182370673856658,0.95,-0.810195913842155,0.447775678551191,7,analysnum6matchF1procLONGpredAB1singleT0reproduce2,reduced,_Yintonly,level,/cluster/projects/p274/projects/p040-ad_change/Berkeley/results/cortmaps/analysnum6matchF1procLONGpredAB1singleT0reproduce2/thickness/thickness_cortmapAB7_nTime2_analysnum6matchF1procLONGpredAB1singleT0reproduce2_Yintonly.csv,0,0,0,NA,rh_middletemporal,NA
rh_parahippocampal_thickness.aparcnative71,convgroup,-0.0111180497777724,0.0625139395822225,-0.177849130163188,0.859762025434115,convgroup,-0.056957305737744,0.95,-0.684410777094629,0.571223714866471,7,analysnum6matchF1procLONGpredAB1singleT0reproduce2,reduced,_Yintonly,level,/cluster/projects/p274/projects/p040-ad_change/Berkeley/results/cortmaps/analysnum6matchF1procLONGpredAB1singleT0reproduce2/thickness/thickness_cortmapAB7_nTime2_analysnum6matchF1procLONGpredAB1singleT0reproduce2_Yintonly.csv,0,0,0,NA,rh_parahippocampal,NA
rh_paracentral_thickness.aparcnative71,convgroup,0.0752605962172112,0.0378874080295906,1.98642768485064,0.0540450453028719,convgroup,0.636165995684893,0.95,-0.010982574783055,1.27556002206838,7,analysnum6matchF1procLONGpredAB1singleT0reproduce2,reduced,_Yintonly,level,/cluster/projects/p274/projects/p040-ad_change/Berkeley/results/cortmaps/analysnum6matchF1procLONGpredAB1singleT0reproduce2/thickness/thickness_cortmapAB7_nTime2_analysnum6matchF1procLONGpredAB1singleT0reproduce2_Yintonly.csv,0,0,0,NA,rh_paracentral,NA
rh_parsopercularis_thickness.aparcnative71,convgroup,0.0448480820973876,0.0306138177452806,1.46496207923304,0.150946951259169,convgroup,0.469163346284097,0.95,-0.169969572181498,1.10245475375127,7,analysnum6matchF1procLONGpredAB1singleT0reproduce2,reduced,_Yintonly,level,/cluster/projects/p274/projects/p040-ad_change/Berkeley/results/cortmaps/analysnum6matchF1procLONGpredAB1singleT0reproduce2/thickness/thickness_cortmapAB7_nTime2_analysnum6matchF1procLONGpredAB1singleT0reproduce2_Yintonly.csv,0,0,0,NA,rh_parsopercularis,NA
rh_parsorbitalis_thickness.aparcnative71,convgroup,-0.0239389101319275,0.0453536446825099,-0.527827703804349,0.600609393416868,convgroup,-0.169040151474738,0.95,-0.79676738300133,0.460839752084658,7,analysnum6matchF1procLONGpredAB1singleT0reproduce2,reduced,_Yintonly,level,/cluster/projects/p274/projects/p040-ad_change/Berkeley/results/cortmaps/analysnum6matchF1procLONGpredAB1singleT0reproduce2/thickness/thickness_cortmapAB7_nTime2_analysnum6matchF1procLONGpredAB1singleT0reproduce2_Yintonly.csv,0,0,0,NA,rh_parsorbitalis,NA
rh_parstriangularis_thickness.aparcnative71,convgroup,0.00616477076105339,0.0358931385573359,0.171753460656714,0.864519480199094,convgroup,0.0550051291291887,0.95,-0.57315492615658,0.682462545376749,7,analysnum6matchF1procLONGpredAB1singleT0reproduce2,reduced,_Yintonly,level,/cluster/projects/p274/projects/p040-ad_change/Berkeley/results/cortmaps/analysnum6matchF1procLONGpredAB1singleT0reproduce2/thickness/thickness_cortmapAB7_nTime2_analysnum6matchF1procLONGpredAB1singleT0reproduce2_Yintonly.csv,0,0,0,NA,rh_parstriangularis,NA
rh_pericalcarine_thickness.aparcnative71,convgroup,0.00610608159793188,0.0363092687887767,0.168168674325364,0.86731967557183,convgroup,0.0538570786951389,0.95,-0.574290759248172,0.681316994338642,7,analysnum6matchF1procLONGpredAB1singleT0reproduce2,reduced,_Yintonly,level,/cluster/projects/p274/projects/p040-ad_change/Berkeley/results/cortmaps/analysnum6matchF1procLONGpredAB1singleT0reproduce2/thickness/thickness_cortmapAB7_nTime2_analysnum6matchF1procLONGpredAB1singleT0reproduce2_Yintonly.csv,0,0,0,NA,rh_pericalcarine,NA
rh_postcentral_thickness.aparcnative71,convgroup,0.0293054334910158,0.0329166062246926,0.890293285127072,0.378767795965125,convgroup,0.285122040184928,0.95,-0.347533473948202,0.914169345009867,7,analysnum6matchF1procLONGpredAB1singleT0reproduce2,reduced,_Yintonly,level,/cluster/projects/p274/projects/p040-ad_change/Berkeley/results/cortmaps/analysnum6matchF1procLONGpredAB1singleT0reproduce2/thickness/thickness_cortmapAB7_nTime2_analysnum6matchF1procLONGpredAB1singleT0reproduce2_Yintonly.csv,0,0,0,NA,rh_postcentral,NA
rh_posteriorcingulate_thickness.aparcnative71,convgroup,0.0277680362075171,0.0356457555626648,0.778999793080588,0.440681254143229,convgroup,0.249479597361079,0.95,-0.382214570723772,0.878009468436865,7,analysnum6matchF1procLONGpredAB1singleT0reproduce2,reduced,_Yintonly,level,/cluster/projects/p274/projects/p040-ad_change/Berkeley/results/cortmaps/analysnum6matchF1procLONGpredAB1singleT0reproduce2/thickness/thickness_cortmapAB7_nTime2_analysnum6matchF1procLONGpredAB1singleT0reproduce2_Yintonly.csv,0,0,0,NA,rh_posteriorcingulate,NA
rh_precentral_thickness.aparcnative71,convgroup,0.0860406035889511,0.0386794228049417,2.22445417613519,0.0319756023410338,convgroup,0.712395480897087,0.95,0.0609346282187417,1.35527284278928,7,analysnum6matchF1procLONGpredAB1singleT0reproduce2,reduced,_Yintonly,level,/cluster/projects/p274/projects/p040-ad_change/Berkeley/results/cortmaps/analysnum6matchF1procLONGpredAB1singleT0reproduce2/thickness/thickness_cortmapAB7_nTime2_analysnum6matchF1procLONGpredAB1singleT0reproduce2_Yintonly.csv,1,1,0,#aad6e7,rh_precentral,positive_sigonly
rh_precuneus_thickness.aparcnative71,convgroup,-0.0149187060764091,0.0302953734295718,-0.492441729133688,0.625168051784624,convgroup,-0.157707569885524,0.95,-0.785379070319849,0.471956467826228,7,analysnum6matchF1procLONGpredAB1singleT0reproduce2,reduced,_Yintonly,level,/cluster/projects/p274/projects/p040-ad_change/Berkeley/results/cortmaps/analysnum6matchF1procLONGpredAB1singleT0reproduce2/thickness/thickness_cortmapAB7_nTime2_analysnum6matchF1procLONGpredAB1singleT0reproduce2_Yintonly.csv,0,0,0,NA,rh_precuneus,NA
rh_rostralanteriorcingulate_thickness.aparcnative71,convgroup,0.0477478807694116,0.0518372121625488,0.921112050155897,0.362654977886221,convgroup,0.294991944078165,0.95,-0.337946841031958,0.924200041980202,7,analysnum6matchF1procLONGpredAB1singleT0reproduce2,reduced,_Yintonly,level,/cluster/projects/p274/projects/p040-ad_change/Berkeley/results/cortmaps/analysnum6matchF1procLONGpredAB1singleT0reproduce2/thickness/thickness_cortmapAB7_nTime2_analysnum6matchF1procLONGpredAB1singleT0reproduce2_Yintonly.csv,0,0,0,NA,rh_rostralanteriorcingulate,NA
rh_rostralmiddlefrontal_thickness.aparcnative71,convgroup,-0.00242676346208244,0.0308236158006871,-0.0787306550203089,0.937649442480632,convgroup,-0.0252139888725346,0.95,-0.652768495821917,0.602662715772231,7,analysnum6matchF1procLONGpredAB1singleT0reproduce2,reduced,_Yintonly,level,/cluster/projects/p274/projects/p040-ad_change/Berkeley/results/cortmaps/analysnum6matchF1procLONGpredAB1singleT0reproduce2/thickness/thickness_cortmapAB7_nTime2_analysnum6matchF1procLONGpredAB1singleT0reproduce2_Yintonly.csv,0,0,0,NA,rh_rostralmiddlefrontal,NA
rh_superiorfrontal_thickness.aparcnative71,convgroup,0.0580616895596674,0.03190644206987,1.81974816974333,0.0764795307179171,convgroup,0.582785829622371,0.95,-0.0615844017166728,1.21999931150695,7,analysnum6matchF1procLONGpredAB1singleT0reproduce2,reduced,_Yintonly,level,/cluster/projects/p274/projects/p040-ad_change/Berkeley/results/cortmaps/analysnum6matchF1procLONGpredAB1singleT0reproduce2/thickness/thickness_cortmapAB7_nTime2_analysnum6matchF1procLONGpredAB1singleT0reproduce2_Yintonly.csv,0,0,0,NA,rh_superiorfrontal,NA
rh_superiorparietal_thickness.aparcnative71,convgroup,0.0230922563234253,0.0310547018483395,0.743599356908979,0.461575436428382,convgroup,0.23814238438497,0.95,-0.393266212781008,0.866528478830803,7,analysnum6matchF1procLONGpredAB1singleT0reproduce2,reduced,_Yintonly,level,/cluster/projects/p274/projects/p040-ad_change/Berkeley/results/cortmaps/analysnum6matchF1procLONGpredAB1singleT0reproduce2/thickness/thickness_cortmapAB7_nTime2_analysnum6matchF1procLONGpredAB1singleT0reproduce2_Yintonly.csv,0,0,0,NA,rh_superiorparietal,NA
rh_superiortemporal_thickness.aparcnative71,convgroup,-0.0682763812517295,0.0388192575517056,-1.75882759119718,0.0864515575882416,convgroup,-0.563275630079707,0.95,-1.19974577415296,0.0801294973447415,7,analysnum6matchF1procLONGpredAB1singleT0reproduce2,reduced,_Yintonly,level,/cluster/projects/p274/projects/p040-ad_change/Berkeley/results/cortmaps/analysnum6matchF1procLONGpredAB1singleT0reproduce2/thickness/thickness_cortmapAB7_nTime2_analysnum6matchF1procLONGpredAB1singleT0reproduce2_Yintonly.csv,0,0,0,NA,rh_superiortemporal,NA
rh_supramarginal_thickness.aparcnative71,convgroup,0.0402503743815764,0.0354168165044318,1.13647635090353,0.262692468318587,convgroup,0.363963719826648,0.95,-0.271158320588504,0.994507477062884,7,analysnum6matchF1procLONGpredAB1singleT0reproduce2,reduced,_Yintonly,level,/cluster/projects/p274/projects/p040-ad_change/Berkeley/results/cortmaps/analysnum6matchF1procLONGpredAB1singleT0reproduce2/thickness/thickness_cortmapAB7_nTime2_analysnum6matchF1procLONGpredAB1singleT0reproduce2_Yintonly.csv,0,0,0,NA,rh_supramarginal,NA
rh_frontalpole_thickness.aparcnative71,convgroup,0.0251560150026311,0.0713018544071559,0.3528101086822,0.726130556957829,convgroup,0.112989662694105,0.95,-0.515919373274413,0.740457087865184,7,analysnum6matchF1procLONGpredAB1singleT0reproduce2,reduced,_Yintonly,level,/cluster/projects/p274/projects/p040-ad_change/Berkeley/results/cortmaps/analysnum6matchF1procLONGpredAB1singleT0reproduce2/thickness/thickness_cortmapAB7_nTime2_analysnum6matchF1procLONGpredAB1singleT0reproduce2_Yintonly.csv,0,0,0,NA,rh_frontalpole,NA
rh_temporalpole_thickness.aparcnative71,convgroup,-0.00906404787124578,0.0793438246778679,-0.114237597041047,0.909635547847403,convgroup,-0.0365853110186248,0.95,-0.664094600928021,0.591391383966216,7,analysnum6matchF1procLONGpredAB1singleT0reproduce2,reduced,_Yintonly,level,/cluster/projects/p274/projects/p040-ad_change/Berkeley/results/cortmaps/analysnum6matchF1procLONGpredAB1singleT0reproduce2/thickness/thickness_cortmapAB7_nTime2_analysnum6matchF1procLONGpredAB1singleT0reproduce2_Yintonly.csv,0,0,0,NA,rh_temporalpole,NA
rh_transversetemporal_thickness.aparcnative71,convgroup,-0.0781533769890426,0.0550724276410954,-1.41910172361322,0.163812669377112,convgroup,-0.454476278127602,0.95,-1.08733278576681,0.184047812410731,7,analysnum6matchF1procLONGpredAB1singleT0reproduce2,reduced,_Yintonly,level,/cluster/projects/p274/projects/p040-ad_change/Berkeley/results/cortmaps/analysnum6matchF1procLONGpredAB1singleT0reproduce2/thickness/thickness_cortmapAB7_nTime2_analysnum6matchF1procLONGpredAB1singleT0reproduce2_Yintonly.csv,0,0,0,NA,rh_transversetemporal,NA
rh_insula_thickness.aparcnative71,convgroup,0.00267457344850069,0.0441967745960424,0.0605151274713197,0.95205441868774,convgroup,0.0193803512785239,0.95,-0.608448940001004,0.646962014187702,7,analysnum6matchF1procLONGpredAB1singleT0reproduce2,reduced,_Yintonly,level,/cluster/projects/p274/projects/p040-ad_change/Berkeley/results/cortmaps/analysnum6matchF1procLONGpredAB1singleT0reproduce2/thickness/thickness_cortmapAB7_nTime2_analysnum6matchF1procLONGpredAB1singleT0reproduce2_Yintonly.csv,0,0,0,NA,rh_insula,NA
rh_MeanThickness_thickness.aparcnative71,convgroup,0.0114372957690348,0.0239589054632303,0.477371380198801,0.635762195385991,convgroup,0.152881195581241,0.95,-0.476693980284018,0.780508292946918,7,analysnum6matchF1procLONGpredAB1singleT0reproduce2,reduced,_Yintonly,level,/cluster/projects/p274/projects/p040-ad_change/Berkeley/results/cortmaps/analysnum6matchF1procLONGpredAB1singleT0reproduce2/thickness/thickness_cortmapAB7_nTime2_analysnum6matchF1procLONGpredAB1singleT0reproduce2_Yintonly.csv,0,0,0,NA,rh_MeanThickness,NA
lh_bankssts_thickness.aparcnative71,convgroup,0.0285365788901274,0.0390814684241762,0.730181849371718,0.469063458276394,convgroup,0.217698166817556,0.95,-0.369567961448383,0.802566039893719,1,analysnum7matchF1procLONGpredAB1singleT1reproduce2,reduced,_Yintonly,level,/cluster/projects/p274/projects/p040-ad_change/Berkeley/results/cortmaps/analysnum7matchF1procLONGpredAB1singleT1reproduce2/thickness/thickness_cortmapAB1_nTime2_analysnum7matchF1procLONGpredAB1singleT1reproduce2_Yintonly.csv,0,0,0,NA,lh_bankssts,NA
lh_caudalanteriorcingulate_thickness.aparcnative71,convgroup,-0.000340093839896247,0.0577229948559615,-0.00589182596545617,0.995325072776967,convgroup,-0.00175660311604778,0.95,-0.586095351885896,0.582601600562054,1,analysnum7matchF1procLONGpredAB1singleT1reproduce2,reduced,_Yintonly,level,/cluster/projects/p274/projects/p040-ad_change/Berkeley/results/cortmaps/analysnum7matchF1procLONGpredAB1singleT1reproduce2/thickness/thickness_cortmapAB1_nTime2_analysnum7matchF1procLONGpredAB1singleT1reproduce2_Yintonly.csv,0,0,0,NA,lh_caudalanteriorcingulate,NA
lh_caudalmiddlefrontal_thickness.aparcnative71,convgroup,0.0694623330170588,0.0377438239659329,1.84036289168142,0.0723152285176987,convgroup,0.548690203875698,0.95,-0.0494255180083854,1.14093738755568,1,analysnum7matchF1procLONGpredAB1singleT1reproduce2,reduced,_Yintonly,level,/cluster/projects/p274/projects/p040-ad_change/Berkeley/results/cortmaps/analysnum7matchF1procLONGpredAB1singleT1reproduce2/thickness/thickness_cortmapAB1_nTime2_analysnum7matchF1procLONGpredAB1singleT1reproduce2_Yintonly.csv,0,0,0,NA,lh_caudalmiddlefrontal,NA
lh_cuneus_thickness.aparcnative71,convgroup,-0.0148383870459958,0.0283036324795401,-0.524257338937751,0.602672516735308,convgroup,-0.156303339675728,0.95,-0.740674903914555,0.429794956189928,1,analysnum7matchF1procLONGpredAB1singleT1reproduce2,reduced,_Yintonly,level,/cluster/projects/p274/projects/p040-ad_change/Berkeley/results/cortmaps/analysnum7matchF1procLONGpredAB1singleT1reproduce2/thickness/thickness_cortmapAB1_nTime2_analysnum7matchF1procLONGpredAB1singleT1reproduce2_Yintonly.csv,0,0,0,NA,lh_cuneus,NA
lh_entorhinal_thickness.aparcnative71,convgroup,0.108521328387796,0.0870735738649891,1.2463176090149,0.219096983948223,convgroup,0.371580119374977,0.95,-0.219786320632666,0.958896379052677,1,analysnum7matchF1procLONGpredAB1singleT1reproduce2,reduced,_Yintonly,level,/cluster/projects/p274/projects/p040-ad_change/Berkeley/results/cortmaps/analysnum7matchF1procLONGpredAB1singleT1reproduce2/thickness/thickness_cortmapAB1_nTime2_analysnum7matchF1procLONGpredAB1singleT1reproduce2_Yintonly.csv,0,0,0,NA,lh_entorhinal,NA
lh_fusiform_thickness.aparcnative71,convgroup,0.0479907196049558,0.0264722227417857,1.81287079944381,0.0765255727809468,convgroup,0.540493645597433,0.95,-0.057262816048232,1.13246328241306,1,analysnum7matchF1procLONGpredAB1singleT1reproduce2,reduced,_Yintonly,level,/cluster/projects/p274/projects/p040-ad_change/Berkeley/results/cortmaps/analysnum7matchF1procLONGpredAB1singleT1reproduce2/thickness/thickness_cortmapAB1_nTime2_analysnum7matchF1procLONGpredAB1singleT1reproduce2_Yintonly.csv,0,0,0,NA,lh_fusiform,NA
lh_inferiorparietal_thickness.aparcnative71,convgroup,0.0352345347225726,0.0322532993635729,1.09243195015164,0.280457426876042,convgroup,0.325700280177564,0.95,-0.264269678363107,0.912106793679164,1,analysnum7matchF1procLONGpredAB1singleT1reproduce2,reduced,_Yintonly,level,/cluster/projects/p274/projects/p040-ad_change/Berkeley/results/cortmaps/analysnum7matchF1procLONGpredAB1singleT1reproduce2/thickness/thickness_cortmapAB1_nTime2_analysnum7matchF1procLONGpredAB1singleT1reproduce2_Yintonly.csv,0,0,0,NA,lh_inferiorparietal,NA
lh_inferiortemporal_thickness.aparcnative71,convgroup,0.030731752274007,0.029878919825126,1.02854294779973,0.309191460434714,convgroup,0.306652259874429,0.95,-0.282781205280216,0.892725815351142,1,analysnum7matchF1procLONGpredAB1singleT1reproduce2,reduced,_Yintonly,level,/cluster/projects/p274/projects/p040-ad_change/Berkeley/results/cortmaps/analysnum7matchF1procLONGpredAB1singleT1reproduce2/thickness/thickness_cortmapAB1_nTime2_analysnum7matchF1procLONGpredAB1singleT1reproduce2_Yintonly.csv,0,0,0,NA,lh_inferiortemporal,NA
lh_isthmuscingulate_thickness.aparcnative71,convgroup,0.00634969323857176,0.0385202132452257,0.164840552624894,0.869807746202116,convgroup,0.0491459574823859,0.95,-0.535562276126559,0.633309834003478,1,analysnum7matchF1procLONGpredAB1singleT1reproduce2,reduced,_Yintonly,level,/cluster/projects/p274/projects/p040-ad_change/Berkeley/results/cortmaps/analysnum7matchF1procLONGpredAB1singleT1reproduce2/thickness/thickness_cortmapAB1_nTime2_analysnum7matchF1procLONGpredAB1singleT1reproduce2_Yintonly.csv,0,0,0,NA,lh_isthmuscingulate,NA
lh_lateraloccipital_thickness.aparcnative71,convgroup,0.0527027390689992,0.0294844634994806,1.7874749211539,0.0805966241280384,convgroup,0.532922057570161,0.95,-0.064506529612429,1.12463954632861,1,analysnum7matchF1procLONGpredAB1singleT1reproduce2,reduced,_Yintonly,level,/cluster/projects/p274/projects/p040-ad_change/Berkeley/results/cortmaps/analysnum7matchF1procLONGpredAB1singleT1reproduce2/thickness/thickness_cortmapAB1_nTime2_analysnum7matchF1procLONGpredAB1singleT1reproduce2_Yintonly.csv,0,0,0,NA,lh_lateraloccipital,NA
lh_lateralorbitofrontal_thickness.aparcnative71,convgroup,0.0251178734190339,0.0258166366732915,0.972933606220656,0.335787362388222,convgroup,0.290072757480453,0.95,-0.298914379586831,0.87587799932753,1,analysnum7matchF1procLONGpredAB1singleT1reproduce2,reduced,_Yintonly,level,/cluster/projects/p274/projects/p040-ad_change/Berkeley/results/cortmaps/analysnum7matchF1procLONGpredAB1singleT1reproduce2/thickness/thickness_cortmapAB1_nTime2_analysnum7matchF1procLONGpredAB1singleT1reproduce2_Yintonly.csv,0,0,0,NA,lh_lateralorbitofrontal,NA
lh_lingual_thickness.aparcnative71,convgroup,0.00955575816879476,0.0238400355295705,0.400828184880097,0.690443493851914,convgroup,0.1195038758253,0.95,-0.466023768442182,0.703709755958066,1,analysnum7matchF1procLONGpredAB1singleT1reproduce2,reduced,_Yintonly,level,/cluster/projects/p274/projects/p040-ad_change/Berkeley/results/cortmaps/analysnum7matchF1procLONGpredAB1singleT1reproduce2/thickness/thickness_cortmapAB1_nTime2_analysnum7matchF1procLONGpredAB1singleT1reproduce2_Yintonly.csv,0,0,0,NA,lh_lingual,NA
lh_medialorbitofrontal_thickness.aparcnative71,convgroup,0.0456122014690286,0.0350864023544397,1.29999653450525,0.200221750818476,convgroup,0.387584082889053,0.95,-0.204303891920245,0.975253452800844,1,analysnum7matchF1procLONGpredAB1singleT1reproduce2,reduced,_Yintonly,level,/cluster/projects/p274/projects/p040-ad_change/Berkeley/results/cortmaps/analysnum7matchF1procLONGpredAB1singleT1reproduce2/thickness/thickness_cortmapAB1_nTime2_analysnum7matchF1procLONGpredAB1singleT1reproduce2_Yintonly.csv,0,0,0,NA,lh_medialorbitofrontal,NA
lh_middletemporal_thickness.aparcnative71,convgroup,0.0262156057512282,0.0308562971998026,0.849603099862416,0.400043362220906,convgroup,0.253302704691587,0.95,-0.334763702892608,0.838584025744341,1,analysnum7matchF1procLONGpredAB1singleT1reproduce2,reduced,_Yintonly,level,/cluster/projects/p274/projects/p040-ad_change/Berkeley/results/cortmaps/analysnum7matchF1procLONGpredAB1singleT1reproduce2/thickness/thickness_cortmapAB1_nTime2_analysnum7matchF1procLONGpredAB1singleT1reproduce2_Yintonly.csv,0,0,0,NA,lh_middletemporal,NA
lh_parahippocampal_thickness.aparcnative71,convgroup,-0.117735021726279,0.0696049739917493,-1.69147425786316,0.0976614768341274,convgroup,-0.504300189703071,0.95,-1.09510123205695,0.0919237720080585,1,analysnum7matchF1procLONGpredAB1singleT1reproduce2,reduced,_Yintonly,level,/cluster/projects/p274/projects/p040-ad_change/Berkeley/results/cortmaps/analysnum7matchF1procLONGpredAB1singleT1reproduce2/thickness/thickness_cortmapAB1_nTime2_analysnum7matchF1procLONGpredAB1singleT1reproduce2_Yintonly.csv,0,0,0,NA,lh_parahippocampal,NA
lh_paracentral_thickness.aparcnative71,convgroup,0.0539115387274825,0.045230735350327,1.19192266740569,0.239539648937347,convgroup,0.355362681098932,0.95,-0.235493377776657,0.942339978235168,1,analysnum7matchF1procLONGpredAB1singleT1reproduce2,reduced,_Yintonly,level,/cluster/projects/p274/projects/p040-ad_change/Berkeley/results/cortmaps/analysnum7matchF1procLONGpredAB1singleT1reproduce2/thickness/thickness_cortmapAB1_nTime2_analysnum7matchF1procLONGpredAB1singleT1reproduce2_Yintonly.csv,0,0,0,NA,lh_paracentral,NA
lh_parsopercularis_thickness.aparcnative71,convgroup,0.0447649984223693,0.0338707626128167,1.32164129087044,0.192967639732269,convgroup,0.39403730243425,0.95,-0.198065990215036,0.98185427482792,1,analysnum7matchF1procLONGpredAB1singleT1reproduce2,reduced,_Yintonly,level,/cluster/projects/p274/projects/p040-ad_change/Berkeley/results/cortmaps/analysnum7matchF1procLONGpredAB1singleT1reproduce2/thickness/thickness_cortmapAB1_nTime2_analysnum7matchF1procLONGpredAB1singleT1reproduce2_Yintonly.csv,0,0,0,NA,lh_parsopercularis,NA
lh_parsorbitalis_thickness.aparcnative71,convgroup,0.0614787127883956,0.0422123530124029,1.45641520552839,0.152220289059639,convgroup,0.43421912040344,0.95,-0.159289499101415,1.0230226598034,1,analysnum7matchF1procLONGpredAB1singleT1reproduce2,reduced,_Yintonly,level,/cluster/projects/p274/projects/p040-ad_change/Berkeley/results/cortmaps/analysnum7matchF1procLONGpredAB1singleT1reproduce2/thickness/thickness_cortmapAB1_nTime2_analysnum7matchF1procLONGpredAB1singleT1reproduce2_Yintonly.csv,0,0,0,NA,lh_parsorbitalis,NA
lh_parstriangularis_thickness.aparcnative71,convgroup,0.0163210044612401,0.0304754249908292,0.535546410465202,0.59490917515137,convgroup,0.159669090520826,0.95,-0.426486239384752,0.744060766456026,1,analysnum7matchF1procLONGpredAB1singleT1reproduce2,reduced,_Yintonly,level,/cluster/projects/p274/projects/p040-ad_change/Berkeley/results/cortmaps/analysnum7matchF1procLONGpredAB1singleT1reproduce2/thickness/thickness_cortmapAB1_nTime2_analysnum7matchF1procLONGpredAB1singleT1reproduce2_Yintonly.csv,0,0,0,NA,lh_parstriangularis,NA
lh_pericalcarine_thickness.aparcnative71,convgroup,0.0246713759143424,0.025079257903238,0.983736281573031,0.330505002888358,convgroup,0.293293493004023,0.95,-0.295778798720475,0.879149307366637,1,analysnum7matchF1procLONGpredAB1singleT1reproduce2,reduced,_Yintonly,level,/cluster/projects/p274/projects/p040-ad_change/Berkeley/results/cortmaps/analysnum7matchF1procLONGpredAB1singleT1reproduce2/thickness/thickness_cortmapAB1_nTime2_analysnum7matchF1procLONGpredAB1singleT1reproduce2_Yintonly.csv,0,0,0,NA,lh_pericalcarine,NA
lh_postcentral_thickness.aparcnative71,convgroup,-0.00606142212981235,0.0314980497881438,-0.192438013482788,0.848264955718025,convgroup,-0.0573739306136714,0.95,-0.641524061176864,0.527411668431596,1,analysnum7matchF1procLONGpredAB1singleT1reproduce2,reduced,_Yintonly,level,/cluster/projects/p274/projects/p040-ad_change/Berkeley/results/cortmaps/analysnum7matchF1procLONGpredAB1singleT1reproduce2/thickness/thickness_cortmapAB1_nTime2_analysnum7matchF1procLONGpredAB1singleT1reproduce2_Yintonly.csv,0,0,0,NA,lh_postcentral,NA
lh_posteriorcingulate_thickness.aparcnative71,convgroup,0.0266928560372835,0.03677985158597,0.725746703324539,0.471751846971761,convgroup,0.216375861744005,0.95,-0.370862305505994,0.801230048848298,1,analysnum7matchF1procLONGpredAB1singleT1reproduce2,reduced,_Yintonly,level,/cluster/projects/p274/projects/p040-ad_change/Berkeley/results/cortmaps/analysnum7matchF1procLONGpredAB1singleT1reproduce2/thickness/thickness_cortmapAB1_nTime2_analysnum7matchF1procLONGpredAB1singleT1reproduce2_Yintonly.csv,0,0,0,NA,lh_posteriorcingulate,NA
lh_precentral_thickness.aparcnative71,convgroup,0.062510979810161,0.0454092377751966,1.37661372163146,0.17544282522395,convgroup,0.410426914710254,0.95,-0.18223611392458,0.998632264411264,1,analysnum7matchF1procLONGpredAB1singleT1reproduce2,reduced,_Yintonly,level,/cluster/projects/p274/projects/p040-ad_change/Berkeley/results/cortmaps/analysnum7matchF1procLONGpredAB1singleT1reproduce2/thickness/thickness_cortmapAB1_nTime2_analysnum7matchF1procLONGpredAB1singleT1reproduce2_Yintonly.csv,0,0,0,NA,lh_precentral,NA
lh_precuneus_thickness.aparcnative71,convgroup,0.0620827774969639,0.0288702903476085,2.15040364157981,0.0369324711960681,convgroup,0.641126496218074,0.95,0.0386505501909786,1.23683072660776,1,analysnum7matchF1procLONGpredAB1singleT1reproduce2,reduced,_Yintonly,level,/cluster/projects/p274/projects/p040-ad_change/Berkeley/results/cortmaps/analysnum7matchF1procLONGpredAB1singleT1reproduce2/thickness/thickness_cortmapAB1_nTime2_analysnum7matchF1procLONGpredAB1singleT1reproduce2_Yintonly.csv,1,1,0,#aad6e7,lh_precuneus,positive_sigonly
lh_rostralanteriorcingulate_thickness.aparcnative71,convgroup,-0.00153070186889012,0.0604691872420488,-0.0253137496749039,0.979916630257693,convgroup,-0.00754710200513311,0.95,-0.591855717221484,0.576845138950147,1,analysnum7matchF1procLONGpredAB1singleT1reproduce2,reduced,_Yintonly,level,/cluster/projects/p274/projects/p040-ad_change/Berkeley/results/cortmaps/analysnum7matchF1procLONGpredAB1singleT1reproduce2/thickness/thickness_cortmapAB1_nTime2_analysnum7matchF1procLONGpredAB1singleT1reproduce2_Yintonly.csv,0,0,0,NA,lh_rostralanteriorcingulate,NA
lh_rostralmiddlefrontal_thickness.aparcnative71,convgroup,0.054200600124125,0.0286379538236572,1.89261427188108,0.0648523032805231,convgroup,0.564268555614983,0.95,-0.0345423606054174,1.15705628535921,1,analysnum7matchF1procLONGpredAB1singleT1reproduce2,reduced,_Yintonly,level,/cluster/projects/p274/projects/p040-ad_change/Berkeley/results/cortmaps/analysnum7matchF1procLONGpredAB1singleT1reproduce2/thickness/thickness_cortmapAB1_nTime2_analysnum7matchF1procLONGpredAB1singleT1reproduce2_Yintonly.csv,0,0,0,NA,lh_rostralmiddlefrontal,NA
lh_superiorfrontal_thickness.aparcnative71,convgroup,0.0759137963882004,0.0325403631958937,2.3329117727174,0.0241827333279949,convgroup,0.695539907907419,0.95,0.0902358165095344,1.29355769415172,1,analysnum7matchF1procLONGpredAB1singleT1reproduce2,reduced,_Yintonly,level,/cluster/projects/p274/projects/p040-ad_change/Berkeley/results/cortmaps/analysnum7matchF1procLONGpredAB1singleT1reproduce2/thickness/thickness_cortmapAB1_nTime2_analysnum7matchF1procLONGpredAB1singleT1reproduce2_Yintonly.csv,1,1,0,#aad6e7,lh_superiorfrontal,positive_sigonly
lh_superiorparietal_thickness.aparcnative71,convgroup,0.0377479003779918,0.0255635986439571,1.47662701577092,0.146739978796362,convgroup,0.440245117956856,0.95,-0.153483771667715,1.02920654265846,1,analysnum7matchF1procLONGpredAB1singleT1reproduce2,reduced,_Yintonly,level,/cluster/projects/p274/projects/p040-ad_change/Berkeley/results/cortmaps/analysnum7matchF1procLONGpredAB1singleT1reproduce2/thickness/thickness_cortmapAB1_nTime2_analysnum7matchF1procLONGpredAB1singleT1reproduce2_Yintonly.csv,0,0,0,NA,lh_superiorparietal,NA
lh_superiortemporal_thickness.aparcnative71,convgroup,0.0162311064253854,0.0347587510167906,0.466964604612657,0.642778342566843,convgroup,0.139221946533362,0.95,-0.446599382053246,0.723504344954998,1,analysnum7matchF1procLONGpredAB1singleT1reproduce2,reduced,_Yintonly,level,/cluster/projects/p274/projects/p040-ad_change/Berkeley/results/cortmaps/analysnum7matchF1procLONGpredAB1singleT1reproduce2/thickness/thickness_cortmapAB1_nTime2_analysnum7matchF1procLONGpredAB1singleT1reproduce2_Yintonly.csv,0,0,0,NA,lh_superiortemporal,NA
lh_supramarginal_thickness.aparcnative71,convgroup,0.0346784706060088,0.0354256923726789,0.978907348971212,0.3328593779938,convgroup,0.291853783463165,0.95,-0.297180339402467,0.877686881323727,1,analysnum7matchF1procLONGpredAB1singleT1reproduce2,reduced,_Yintonly,level,/cluster/projects/p274/projects/p040-ad_change/Berkeley/results/cortmaps/analysnum7matchF1procLONGpredAB1singleT1reproduce2/thickness/thickness_cortmapAB1_nTime2_analysnum7matchF1procLONGpredAB1singleT1reproduce2_Yintonly.csv,0,0,0,NA,lh_supramarginal,NA
lh_frontalpole_thickness.aparcnative71,convgroup,-0.0165878587491334,0.0552104215497874,-0.300447964052853,0.765219184795423,convgroup,-0.0895762761764791,0.95,-0.673720225736593,0.495559147951776,1,analysnum7matchF1procLONGpredAB1singleT1reproduce2,reduced,_Yintonly,level,/cluster/projects/p274/projects/p040-ad_change/Berkeley/results/cortmaps/analysnum7matchF1procLONGpredAB1singleT1reproduce2/thickness/thickness_cortmapAB1_nTime2_analysnum7matchF1procLONGpredAB1singleT1reproduce2_Yintonly.csv,0,0,0,NA,lh_frontalpole,NA
lh_temporalpole_thickness.aparcnative71,convgroup,0.0509326994038951,0.0855026698783901,0.595685485334393,0.554369734692993,convgroup,0.177599098455687,0.95,-0.408873762899043,0.762111657215596,1,analysnum7matchF1procLONGpredAB1singleT1reproduce2,reduced,_Yintonly,level,/cluster/projects/p274/projects/p040-ad_change/Berkeley/results/cortmaps/analysnum7matchF1procLONGpredAB1singleT1reproduce2/thickness/thickness_cortmapAB1_nTime2_analysnum7matchF1procLONGpredAB1singleT1reproduce2_Yintonly.csv,0,0,0,NA,lh_temporalpole,NA
lh_transversetemporal_thickness.aparcnative71,convgroup,0.0265392618728029,0.0537451432049377,0.493798328373692,0.623850308584518,convgroup,0.147222217255912,0.95,-0.4387262084471,0.73154372011721,1,analysnum7matchF1procLONGpredAB1singleT1reproduce2,reduced,_Yintonly,level,/cluster/projects/p274/projects/p040-ad_change/Berkeley/results/cortmaps/analysnum7matchF1procLONGpredAB1singleT1reproduce2/thickness/thickness_cortmapAB1_nTime2_analysnum7matchF1procLONGpredAB1singleT1reproduce2_Yintonly.csv,0,0,0,NA,lh_transversetemporal,NA
lh_insula_thickness.aparcnative71,convgroup,0.0576896361088838,0.0392114852697418,1.47124332863262,0.148184268846372,convgroup,0.438640012568746,0.95,-0.155030011428049,1.027559154313,1,analysnum7matchF1procLONGpredAB1singleT1reproduce2,reduced,_Yintonly,level,/cluster/projects/p274/projects/p040-ad_change/Berkeley/results/cortmaps/analysnum7matchF1procLONGpredAB1singleT1reproduce2/thickness/thickness_cortmapAB1_nTime2_analysnum7matchF1procLONGpredAB1singleT1reproduce2_Yintonly.csv,0,0,0,NA,lh_insula,NA
lh_MeanThickness_thickness.aparcnative71,convgroup,0.0413316988943094,0.0215027693988501,1.92215700813494,0.0609309244215628,convgroup,0.573076497815647,0.95,-0.0261346293588313,1.16617744330863,1,analysnum7matchF1procLONGpredAB1singleT1reproduce2,reduced,_Yintonly,level,/cluster/projects/p274/projects/p040-ad_change/Berkeley/results/cortmaps/analysnum7matchF1procLONGpredAB1singleT1reproduce2/thickness/thickness_cortmapAB1_nTime2_analysnum7matchF1procLONGpredAB1singleT1reproduce2_Yintonly.csv,0,0,0,NA,lh_MeanThickness,NA
rh_bankssts_thickness.aparcnative71,convgroup,0.00223508984833757,0.0444805493787146,0.050248701501136,0.960146582436106,convgroup,0.0149812683116848,0.95,-0.569458225608844,0.599254793887727,1,analysnum7matchF1procLONGpredAB1singleT1reproduce2,reduced,_Yintonly,level,/cluster/projects/p274/projects/p040-ad_change/Berkeley/results/cortmaps/analysnum7matchF1procLONGpredAB1singleT1reproduce2/thickness/thickness_cortmapAB1_nTime2_analysnum7matchF1procLONGpredAB1singleT1reproduce2_Yintonly.csv,0,0,0,NA,rh_bankssts,NA
rh_caudalanteriorcingulate_thickness.aparcnative71,convgroup,-0.0611871625551278,0.0598515046495713,-1.02231619594823,0.312095942772073,convgroup,-0.3047958011519,0.95,-0.890838349686715,0.284586690460422,1,analysnum7matchF1procLONGpredAB1singleT1reproduce2,reduced,_Yintonly,level,/cluster/projects/p274/projects/p040-ad_change/Berkeley/results/cortmaps/analysnum7matchF1procLONGpredAB1singleT1reproduce2/thickness/thickness_cortmapAB1_nTime2_analysnum7matchF1procLONGpredAB1singleT1reproduce2_Yintonly.csv,0,0,0,NA,rh_caudalanteriorcingulate,NA
rh_caudalmiddlefrontal_thickness.aparcnative71,convgroup,0.0457127999737055,0.033244108745063,1.37506468662644,0.175919263181388,convgroup,0.409965081700824,0.95,-0.182681964355946,0.998159226331215,1,analysnum7matchF1procLONGpredAB1singleT1reproduce2,reduced,_Yintonly,level,/cluster/projects/p274/projects/p040-ad_change/Berkeley/results/cortmaps/analysnum7matchF1procLONGpredAB1singleT1reproduce2/thickness/thickness_cortmapAB1_nTime2_analysnum7matchF1procLONGpredAB1singleT1reproduce2_Yintonly.csv,0,0,0,NA,rh_caudalmiddlefrontal,NA
rh_cuneus_thickness.aparcnative71,convgroup,0.00326980834199592,0.0195021777583552,0.167663754402764,0.867599050455452,convgroup,0.0499876736276548,0.95,-0.534728299467905,0.634149936834391,1,analysnum7matchF1procLONGpredAB1singleT1reproduce2,reduced,_Yintonly,level,/cluster/projects/p274/projects/p040-ad_change/Berkeley/results/cortmaps/analysnum7matchF1procLONGpredAB1singleT1reproduce2/thickness/thickness_cortmapAB1_nTime2_analysnum7matchF1procLONGpredAB1singleT1reproduce2_Yintonly.csv,0,0,0,NA,rh_cuneus,NA
rh_entorhinal_thickness.aparcnative71,convgroup,0.0387423773969606,0.0869737754123024,0.445448955312115,0.658131009966244,convgroup,0.132807219277887,0.95,-0.452915520164947,0.717061620935506,1,analysnum7matchF1procLONGpredAB1singleT1reproduce2,reduced,_Yintonly,level,/cluster/projects/p274/projects/p040-ad_change/Berkeley/results/cortmaps/analysnum7matchF1procLONGpredAB1singleT1reproduce2/thickness/thickness_cortmapAB1_nTime2_analysnum7matchF1procLONGpredAB1singleT1reproduce2_Yintonly.csv,0,0,0,NA,rh_entorhinal,NA
rh_fusiform_thickness.aparcnative71,convgroup,0.0571773927379711,0.0297834233807175,1.91977235145471,0.0612397441461957,convgroup,0.572365530556979,0.95,-0.0268130858667915,1.16544099494542,1,analysnum7matchF1procLONGpredAB1singleT1reproduce2,reduced,_Yintonly,level,/cluster/projects/p274/projects/p040-ad_change/Berkeley/results/cortmaps/analysnum7matchF1procLONGpredAB1singleT1reproduce2/thickness/thickness_cortmapAB1_nTime2_analysnum7matchF1procLONGpredAB1singleT1reproduce2_Yintonly.csv,0,0,0,NA,rh_fusiform,NA
rh_inferiorparietal_thickness.aparcnative71,convgroup,0.035222992789485,0.0266632142931707,1.32103325586318,0.193168658196209,convgroup,0.393856021419726,0.95,-0.198241170283446,0.981668791963837,1,analysnum7matchF1procLONGpredAB1singleT1reproduce2,reduced,_Yintonly,level,/cluster/projects/p274/projects/p040-ad_change/Berkeley/results/cortmaps/analysnum7matchF1procLONGpredAB1singleT1reproduce2/thickness/thickness_cortmapAB1_nTime2_analysnum7matchF1procLONGpredAB1singleT1reproduce2_Yintonly.csv,0,0,0,NA,rh_inferiorparietal,NA
rh_inferiortemporal_thickness.aparcnative71,convgroup,0.02716448137116,0.0344076189149915,0.789490299758126,0.433965818184617,convgroup,0.235380530378114,0.95,-0.352271841861827,0.820442167038019,1,analysnum7matchF1procLONGpredAB1singleT1reproduce2,reduced,_Yintonly,level,/cluster/projects/p274/projects/p040-ad_change/Berkeley/results/cortmaps/analysnum7matchF1procLONGpredAB1singleT1reproduce2/thickness/thickness_cortmapAB1_nTime2_analysnum7matchF1procLONGpredAB1singleT1reproduce2_Yintonly.csv,0,0,0,NA,rh_inferiortemporal,NA
rh_isthmuscingulate_thickness.aparcnative71,convgroup,-0.0178519887935141,0.0422846357590984,-0.422186178810182,0.674899480152561,convgroup,-0.125871599330726,0.95,-0.710099086718994,0.459747796253719,1,analysnum7matchF1procLONGpredAB1singleT1reproduce2,reduced,_Yintonly,level,/cluster/projects/p274/projects/p040-ad_change/Berkeley/results/cortmaps/analysnum7matchF1procLONGpredAB1singleT1reproduce2/thickness/thickness_cortmapAB1_nTime2_analysnum7matchF1procLONGpredAB1singleT1reproduce2_Yintonly.csv,0,0,0,NA,rh_isthmuscingulate,NA
rh_lateraloccipital_thickness.aparcnative71,convgroup,0.0372418036846752,0.0301394115628425,1.23565132010039,0.22300012319282,convgroup,0.368400046430909,0.95,-0.222864847027149,0.955648325917366,1,analysnum7matchF1procLONGpredAB1singleT1reproduce2,reduced,_Yintonly,level,/cluster/projects/p274/projects/p040-ad_change/Berkeley/results/cortmaps/analysnum7matchF1procLONGpredAB1singleT1reproduce2/thickness/thickness_cortmapAB1_nTime2_analysnum7matchF1procLONGpredAB1singleT1reproduce2_Yintonly.csv,0,0,0,NA,rh_lateraloccipital,NA
rh_lateralorbitofrontal_thickness.aparcnative71,convgroup,0.00431916550093821,0.033015188701346,0.130823589712275,0.89649797323838,convgroup,0.0390040586209584,0.95,-0.545615575872883,0.623191618177311,1,analysnum7matchF1procLONGpredAB1singleT1reproduce2,reduced,_Yintonly,level,/cluster/projects/p274/projects/p040-ad_change/Berkeley/results/cortmaps/analysnum7matchF1procLONGpredAB1singleT1reproduce2/thickness/thickness_cortmapAB1_nTime2_analysnum7matchF1procLONGpredAB1singleT1reproduce2_Yintonly.csv,0,0,0,NA,rh_lateralorbitofrontal,NA
rh_lingual_thickness.aparcnative71,convgroup,0.0271269943209223,0.0221221423291164,1.22623722048921,0.226487568235017,convgroup,0.365593304207235,0.95,-0.225582571188509,0.952782190376189,1,analysnum7matchF1procLONGpredAB1singleT1reproduce2,reduced,_Yintonly,level,/cluster/projects/p274/projects/p040-ad_change/Berkeley/results/cortmaps/analysnum7matchF1procLONGpredAB1singleT1reproduce2/thickness/thickness_cortmapAB1_nTime2_analysnum7matchF1procLONGpredAB1singleT1reproduce2_Yintonly.csv,0,0,0,NA,rh_lingual,NA
rh_medialorbitofrontal_thickness.aparcnative71,convgroup,-0.00361849945478618,0.0287688121252284,-0.125778549320533,0.900467497279378,convgroup,-0.0374999181856028,0.95,-0.621691647048589,0.54710722234062,1,analysnum7matchF1procLONGpredAB1singleT1reproduce2,reduced,_Yintonly,level,/cluster/projects/p274/projects/p040-ad_change/Berkeley/results/cortmaps/analysnum7matchF1procLONGpredAB1singleT1reproduce2/thickness/thickness_cortmapAB1_nTime2_analysnum7matchF1procLONGpredAB1singleT1reproduce2_Yintonly.csv,0,0,0,NA,rh_medialorbitofrontal,NA
rh_middletemporal_thickness.aparcnative71,convgroup,0.00537327030883127,0.0350798868034965,0.153172395878304,0.878947126406249,convgroup,0.0456671852613863,0.95,-0.539009838326051,0.629838352560495,1,analysnum7matchF1procLONGpredAB1singleT1reproduce2,reduced,_Yintonly,level,/cluster/projects/p274/projects/p040-ad_change/Berkeley/results/cortmaps/analysnum7matchF1procLONGpredAB1singleT1reproduce2/thickness/thickness_cortmapAB1_nTime2_analysnum7matchF1procLONGpredAB1singleT1reproduce2_Yintonly.csv,0,0,0,NA,rh_middletemporal,NA
rh_parahippocampal_thickness.aparcnative71,convgroup,-0.124257376011059,0.0558018880731108,-2.22675934993918,0.0310119127206792,convgroup,-0.663891370132966,0.95,-1.26053861967203,-0.0602555667208107,1,analysnum7matchF1procLONGpredAB1singleT1reproduce2,reduced,_Yintonly,level,/cluster/projects/p274/projects/p040-ad_change/Berkeley/results/cortmaps/analysnum7matchF1procLONGpredAB1singleT1reproduce2/thickness/thickness_cortmapAB1_nTime2_analysnum7matchF1procLONGpredAB1singleT1reproduce2_Yintonly.csv,1,1,0,#aad6e7,rh_parahippocampal,negative_sigonly
rh_paracentral_thickness.aparcnative71,convgroup,0.0530863296650923,0.0434529289448663,1.22169738505888,0.228183649842877,convgroup,0.364239786790051,0.95,-0.226893386466584,0.951400125221249,1,analysnum7matchF1procLONGpredAB1singleT1reproduce2,reduced,_Yintonly,level,/cluster/projects/p274/projects/p040-ad_change/Berkeley/results/cortmaps/analysnum7matchF1procLONGpredAB1singleT1reproduce2/thickness/thickness_cortmapAB1_nTime2_analysnum7matchF1procLONGpredAB1singleT1reproduce2_Yintonly.csv,0,0,0,NA,rh_paracentral,NA
rh_parsopercularis_thickness.aparcnative71,convgroup,0.0267985031758548,0.0326922547066908,0.819720249223749,0.416696283313611,convgroup,0.244393359972983,0.95,-0.343464387713661,0.829562549746069,1,analysnum7matchF1procLONGpredAB1singleT1reproduce2,reduced,_Yintonly,level,/cluster/projects/p274/projects/p040-ad_change/Berkeley/results/cortmaps/analysnum7matchF1procLONGpredAB1singleT1reproduce2/thickness/thickness_cortmapAB1_nTime2_analysnum7matchF1procLONGpredAB1singleT1reproduce2_Yintonly.csv,0,0,0,NA,rh_parsopercularis,NA
rh_parsorbitalis_thickness.aparcnative71,convgroup,0.0205732935987001,0.0439149638718583,0.468480257862262,0.6417026571399,convgroup,0.13967382702622,0.95,-0.446154538899767,0.723958284796866,1,analysnum7matchF1procLONGpredAB1singleT1reproduce2,reduced,_Yintonly,level,/cluster/projects/p274/projects/p040-ad_change/Berkeley/results/cortmaps/analysnum7matchF1procLONGpredAB1singleT1reproduce2/thickness/thickness_cortmapAB1_nTime2_analysnum7matchF1procLONGpredAB1singleT1reproduce2_Yintonly.csv,0,0,0,NA,rh_parsorbitalis,NA
rh_parstriangularis_thickness.aparcnative71,convgroup,0.0684940990832747,0.0346844471514035,1.97477845860672,0.0544481279506534,convgroup,0.588765183192916,0.95,-0.0111715380929257,1.18243755970119,1,analysnum7matchF1procLONGpredAB1singleT1reproduce2,reduced,_Yintonly,level,/cluster/projects/p274/projects/p040-ad_change/Berkeley/results/cortmaps/analysnum7matchF1procLONGpredAB1singleT1reproduce2/thickness/thickness_cortmapAB1_nTime2_analysnum7matchF1procLONGpredAB1singleT1reproduce2_Yintonly.csv,0,0,0,NA,rh_parstriangularis,NA
rh_pericalcarine_thickness.aparcnative71,convgroup,0.00750656782545416,0.025365077042002,0.295941061524238,0.768636515477604,convgroup,0.0882325774535525,0.95,-0.496886757980383,0.672375275776513,1,analysnum7matchF1procLONGpredAB1singleT1reproduce2,reduced,_Yintonly,level,/cluster/projects/p274/projects/p040-ad_change/Berkeley/results/cortmaps/analysnum7matchF1procLONGpredAB1singleT1reproduce2/thickness/thickness_cortmapAB1_nTime2_analysnum7matchF1procLONGpredAB1singleT1reproduce2_Yintonly.csv,0,0,0,NA,rh_pericalcarine,NA
rh_postcentral_thickness.aparcnative71,convgroup,0.00966519037423354,0.0280129876466162,0.345025332397954,0.731682849500132,convgroup,0.102866679626838,0.95,-0.482434965958257,0.687030060627213,1,analysnum7matchF1procLONGpredAB1singleT1reproduce2,reduced,_Yintonly,level,/cluster/projects/p274/projects/p040-ad_change/Berkeley/results/cortmaps/analysnum7matchF1procLONGpredAB1singleT1reproduce2/thickness/thickness_cortmapAB1_nTime2_analysnum7matchF1procLONGpredAB1singleT1reproduce2_Yintonly.csv,0,0,0,NA,rh_postcentral,NA
rh_posteriorcingulate_thickness.aparcnative71,convgroup,-0.0190622437101034,0.0339856039587923,-0.560891715598653,0.577653729555534,convgroup,-0.167225600546009,0.95,-0.751665337974599,0.419060765577022,1,analysnum7matchF1procLONGpredAB1singleT1reproduce2,reduced,_Yintonly,level,/cluster/projects/p274/projects/p040-ad_change/Berkeley/results/cortmaps/analysnum7matchF1procLONGpredAB1singleT1reproduce2/thickness/thickness_cortmapAB1_nTime2_analysnum7matchF1procLONGpredAB1singleT1reproduce2_Yintonly.csv,0,0,0,NA,rh_posteriorcingulate,NA
rh_precentral_thickness.aparcnative71,convgroup,0.0678050593166722,0.0450829025677003,1.50400829260828,0.139565891978818,convgroup,0.448408637466067,0.95,-0.145622730461513,1.03758826368267,1,analysnum7matchF1procLONGpredAB1singleT1reproduce2,reduced,_Yintonly,level,/cluster/projects/p274/projects/p040-ad_change/Berkeley/results/cortmaps/analysnum7matchF1procLONGpredAB1singleT1reproduce2/thickness/thickness_cortmapAB1_nTime2_analysnum7matchF1procLONGpredAB1singleT1reproduce2_Yintonly.csv,0,0,0,NA,rh_precentral,NA
rh_precuneus_thickness.aparcnative71,convgroup,0.0204621771952198,0.02634260083279,0.776771334201347,0.441357837045741,convgroup,0.231588467499656,0.95,-0.355979205801512,0.816606623317655,1,analysnum7matchF1procLONGpredAB1singleT1reproduce2,reduced,_Yintonly,level,/cluster/projects/p274/projects/p040-ad_change/Berkeley/results/cortmaps/analysnum7matchF1procLONGpredAB1singleT1reproduce2/thickness/thickness_cortmapAB1_nTime2_analysnum7matchF1procLONGpredAB1singleT1reproduce2_Yintonly.csv,0,0,0,NA,rh_precuneus,NA
rh_rostralanteriorcingulate_thickness.aparcnative71,convgroup,-0.0918455164559067,0.0602152243167517,-1.5252872923427,0.134185614349958,convgroup,-0.454752809452651,0.95,-1.04410523927273,0.139516749055444,1,analysnum7matchF1procLONGpredAB1singleT1reproduce2,reduced,_Yintonly,level,/cluster/projects/p274/projects/p040-ad_change/Berkeley/results/cortmaps/analysnum7matchF1procLONGpredAB1singleT1reproduce2/thickness/thickness_cortmapAB1_nTime2_analysnum7matchF1procLONGpredAB1singleT1reproduce2_Yintonly.csv,0,0,0,NA,rh_rostralanteriorcingulate,NA
rh_rostralmiddlefrontal_thickness.aparcnative71,convgroup,0.0379491591803422,0.0275283727979886,1.37854712513611,0.174849563332888,convgroup,0.4110033442655,0.95,-0.181679759989284,0.999222706906726,1,analysnum7matchF1procLONGpredAB1singleT1reproduce2,reduced,_Yintonly,level,/cluster/projects/p274/projects/p040-ad_change/Berkeley/results/cortmaps/analysnum7matchF1procLONGpredAB1singleT1reproduce2/thickness/thickness_cortmapAB1_nTime2_analysnum7matchF1procLONGpredAB1singleT1reproduce2_Yintonly.csv,0,0,0,NA,rh_rostralmiddlefrontal,NA
rh_superiorfrontal_thickness.aparcnative71,convgroup,0.0544758859156374,0.0314446552228881,1.73243705582071,0.0900455043416558,convgroup,0.51651293647396,0.95,-0.0802182839436622,1.10769791721272,1,analysnum7matchF1procLONGpredAB1singleT1reproduce2,reduced,_Yintonly,level,/cluster/projects/p274/projects/p040-ad_change/Berkeley/results/cortmaps/analysnum7matchF1procLONGpredAB1singleT1reproduce2/thickness/thickness_cortmapAB1_nTime2_analysnum7matchF1procLONGpredAB1singleT1reproduce2_Yintonly.csv,0,0,0,NA,rh_superiorfrontal,NA
rh_superiorparietal_thickness.aparcnative71,convgroup,0.0673505603842602,0.0273272063228753,2.46459735358612,0.0176001831436041,convgroup,0.734800962637953,0.95,0.127337878991237,1.33461468162567,1,analysnum7matchF1procLONGpredAB1singleT1reproduce2,reduced,_Yintonly,level,/cluster/projects/p274/projects/p040-ad_change/Berkeley/results/cortmaps/analysnum7matchF1procLONGpredAB1singleT1reproduce2/thickness/thickness_cortmapAB1_nTime2_analysnum7matchF1procLONGpredAB1singleT1reproduce2_Yintonly.csv,1,1,0,#aad6e7,rh_superiorparietal,positive_sigonly
rh_superiortemporal_thickness.aparcnative71,convgroup,-0.0199494261306749,0.0321432258270342,-0.620641694085861,0.537966283384807,convgroup,-0.185039602352882,0.95,-0.769609227570827,0.401571799684545,1,analysnum7matchF1procLONGpredAB1singleT1reproduce2,reduced,_Yintonly,level,/cluster/projects/p274/projects/p040-ad_change/Berkeley/results/cortmaps/analysnum7matchF1procLONGpredAB1singleT1reproduce2/thickness/thickness_cortmapAB1_nTime2_analysnum7matchF1procLONGpredAB1singleT1reproduce2_Yintonly.csv,0,0,0,NA,rh_superiortemporal,NA
rh_supramarginal_thickness.aparcnative71,convgroup,0.0284552145895871,0.0274332608371081,1.03725236159664,0.305159998655869,convgroup,0.309248905380305,0.95,-0.280256133475047,0.895366338178956,1,analysnum7matchF1procLONGpredAB1singleT1reproduce2,reduced,_Yintonly,level,/cluster/projects/p274/projects/p040-ad_change/Berkeley/results/cortmaps/analysnum7matchF1procLONGpredAB1singleT1reproduce2/thickness/thickness_cortmapAB1_nTime2_analysnum7matchF1procLONGpredAB1singleT1reproduce2_Yintonly.csv,0,0,0,NA,rh_supramarginal,NA
rh_frontalpole_thickness.aparcnative71,convgroup,0.0863360864889173,0.0626977134134492,1.37702129453412,0.175317633166915,convgroup,0.410548429472408,0.95,-0.182118875839112,0.998756748293284,1,analysnum7matchF1procLONGpredAB1singleT1reproduce2,reduced,_Yintonly,level,/cluster/projects/p274/projects/p040-ad_change/Berkeley/results/cortmaps/analysnum7matchF1procLONGpredAB1singleT1reproduce2/thickness/thickness_cortmapAB1_nTime2_analysnum7matchF1procLONGpredAB1singleT1reproduce2_Yintonly.csv,0,0,0,NA,rh_frontalpole,NA
rh_temporalpole_thickness.aparcnative71,convgroup,0.0709443898292551,0.0789486915050403,0.89861387790988,0.37364162835535,convgroup,0.267914895537492,0.95,-0.320505988477652,0.853392631861314,1,analysnum7matchF1procLONGpredAB1singleT1reproduce2,reduced,_Yintonly,level,/cluster/projects/p274/projects/p040-ad_change/Berkeley/results/cortmaps/analysnum7matchF1procLONGpredAB1singleT1reproduce2/thickness/thickness_cortmapAB1_nTime2_analysnum7matchF1procLONGpredAB1singleT1reproduce2_Yintonly.csv,0,0,0,NA,rh_temporalpole,NA
rh_transversetemporal_thickness.aparcnative71,convgroup,-0.0049264449649648,0.0551121707728244,-0.0893894197213152,0.929169099674034,convgroup,-0.0266507758621495,0.95,-0.610877313355916,0.557871009743402,1,analysnum7matchF1procLONGpredAB1singleT1reproduce2,reduced,_Yintonly,level,/cluster/projects/p274/projects/p040-ad_change/Berkeley/results/cortmaps/analysnum7matchF1procLONGpredAB1singleT1reproduce2/thickness/thickness_cortmapAB1_nTime2_analysnum7matchF1procLONGpredAB1singleT1reproduce2_Yintonly.csv,0,0,0,NA,rh_transversetemporal,NA
rh_insula_thickness.aparcnative71,convgroup,0.000540007259408764,0.0374265477505283,0.0144284549835655,0.988551938906152,convgroup,0.00430173415380642,0.95,-0.580071126090767,0.588626946886463,1,analysnum7matchF1procLONGpredAB1singleT1reproduce2,reduced,_Yintonly,level,/cluster/projects/p274/projects/p040-ad_change/Berkeley/results/cortmaps/analysnum7matchF1procLONGpredAB1singleT1reproduce2/thickness/thickness_cortmapAB1_nTime2_analysnum7matchF1procLONGpredAB1singleT1reproduce2_Yintonly.csv,0,0,0,NA,rh_insula,NA
rh_MeanThickness_thickness.aparcnative71,convgroup,0.0294091831269372,0.0196637451769923,1.49560436540582,0.141737494491352,convgroup,0.445903070465712,0.95,-0.14803499118416,1.03501521474307,1,analysnum7matchF1procLONGpredAB1singleT1reproduce2,reduced,_Yintonly,level,/cluster/projects/p274/projects/p040-ad_change/Berkeley/results/cortmaps/analysnum7matchF1procLONGpredAB1singleT1reproduce2/thickness/thickness_cortmapAB1_nTime2_analysnum7matchF1procLONGpredAB1singleT1reproduce2_Yintonly.csv,0,0,0,NA,rh_MeanThickness,NA
lh_bankssts_thickness.aparcnative71,convgroup,0.0331916159035267,0.0420412426822118,0.789501303622751,0.43395945512803,convgroup,0.23538381109669,0.95,-0.352268624359883,0.820445459986647,2,analysnum7matchF1procLONGpredAB1singleT1reproduce2,reduced,_Yintonly,level,/cluster/projects/p274/projects/p040-ad_change/Berkeley/results/cortmaps/analysnum7matchF1procLONGpredAB1singleT1reproduce2/thickness/thickness_cortmapAB2_nTime2_analysnum7matchF1procLONGpredAB1singleT1reproduce2_Yintonly.csv,0,0,0,NA,lh_bankssts,NA
lh_caudalanteriorcingulate_thickness.aparcnative71,convgroup,0.0277106394643683,0.0474789131490497,0.583640981363175,0.562376016505403,convgroup,0.174008121171033,0.95,-0.412399341553848,0.758494585470296,2,analysnum7matchF1procLONGpredAB1singleT1reproduce2,reduced,_Yintonly,level,/cluster/projects/p274/projects/p040-ad_change/Berkeley/results/cortmaps/analysnum7matchF1procLONGpredAB1singleT1reproduce2/thickness/thickness_cortmapAB2_nTime2_analysnum7matchF1procLONGpredAB1singleT1reproduce2_Yintonly.csv,0,0,0,NA,lh_caudalanteriorcingulate,NA
lh_caudalmiddlefrontal_thickness.aparcnative71,convgroup,0.0752197647283317,0.0359038525505442,2.0950332453165,0.0418274376897666,convgroup,0.624618233553292,0.95,0.022962369396488,1.21966111161171,2,analysnum7matchF1procLONGpredAB1singleT1reproduce2,reduced,_Yintonly,level,/cluster/projects/p274/projects/p040-ad_change/Berkeley/results/cortmaps/analysnum7matchF1procLONGpredAB1singleT1reproduce2/thickness/thickness_cortmapAB2_nTime2_analysnum7matchF1procLONGpredAB1singleT1reproduce2_Yintonly.csv,1,1,0,#aad6e7,lh_caudalmiddlefrontal,positive_sigonly
lh_cuneus_thickness.aparcnative71,convgroup,0.0122735826034035,0.0352596225486044,0.348091718409202,0.729394458925673,convgroup,0.103780899302359,0.95,-0.481532646089008,0.687946110938266,2,analysnum7matchF1procLONGpredAB1singleT1reproduce2,reduced,_Yintonly,level,/cluster/projects/p274/projects/p040-ad_change/Berkeley/results/cortmaps/analysnum7matchF1procLONGpredAB1singleT1reproduce2/thickness/thickness_cortmapAB2_nTime2_analysnum7matchF1procLONGpredAB1singleT1reproduce2_Yintonly.csv,0,0,0,NA,lh_cuneus,NA
lh_entorhinal_thickness.aparcnative71,convgroup,0.110206231688678,0.0713950600334782,1.54361144366292,0.12968645728076,convgroup,0.46021601585025,0.95,-0.134260800770637,1.0497195811614,2,analysnum7matchF1procLONGpredAB1singleT1reproduce2,reduced,_Yintonly,level,/cluster/projects/p274/projects/p040-ad_change/Berkeley/results/cortmaps/analysnum7matchF1procLONGpredAB1singleT1reproduce2/thickness/thickness_cortmapAB2_nTime2_analysnum7matchF1procLONGpredAB1singleT1reproduce2_Yintonly.csv,0,0,0,NA,lh_entorhinal,NA
lh_fusiform_thickness.aparcnative71,convgroup,0.00776094410717991,0.0382023199679018,0.203153738142102,0.839930705937187,convgroup,0.0605687424491909,0.95,-0.524248212900273,0.644714976582235,2,analysnum7matchF1procLONGpredAB1singleT1reproduce2,reduced,_Yintonly,level,/cluster/projects/p274/projects/p040-ad_change/Berkeley/results/cortmaps/analysnum7matchF1procLONGpredAB1singleT1reproduce2/thickness/thickness_cortmapAB2_nTime2_analysnum7matchF1procLONGpredAB1singleT1reproduce2_Yintonly.csv,0,0,0,NA,lh_fusiform,NA
lh_inferiorparietal_thickness.aparcnative71,convgroup,0.0362451849933187,0.0312520760387471,1.15976887258245,0.252259605823074,convgroup,0.345776271637686,0.95,-0.244786679519845,0.93256207113021,2,analysnum7matchF1procLONGpredAB1singleT1reproduce2,reduced,_Yintonly,level,/cluster/projects/p274/projects/p040-ad_change/Berkeley/results/cortmaps/analysnum7matchF1procLONGpredAB1singleT1reproduce2/thickness/thickness_cortmapAB2_nTime2_analysnum7matchF1procLONGpredAB1singleT1reproduce2_Yintonly.csv,0,0,0,NA,lh_inferiorparietal,NA
lh_inferiortemporal_thickness.aparcnative71,convgroup,0.0436957111883085,0.0330378283394311,1.32259635044344,0.192652214536751,convgroup,0.394322046184623,0.95,-0.197790820458365,0.982145603019713,2,analysnum7matchF1procLONGpredAB1singleT1reproduce2,reduced,_Yintonly,level,/cluster/projects/p274/projects/p040-ad_change/Berkeley/results/cortmaps/analysnum7matchF1procLONGpredAB1singleT1reproduce2/thickness/thickness_cortmapAB2_nTime2_analysnum7matchF1procLONGpredAB1singleT1reproduce2_Yintonly.csv,0,0,0,NA,lh_inferiortemporal,NA
lh_isthmuscingulate_thickness.aparcnative71,convgroup,0.0507688466690811,0.0388709502786076,1.30608709859665,0.198160027294942,convgroup,0.389399938266342,0.95,-0.202548339176438,0.977110522506859,2,analysnum7matchF1procLONGpredAB1singleT1reproduce2,reduced,_Yintonly,level,/cluster/projects/p274/projects/p040-ad_change/Berkeley/results/cortmaps/analysnum7matchF1procLONGpredAB1singleT1reproduce2/thickness/thickness_cortmapAB2_nTime2_analysnum7matchF1procLONGpredAB1singleT1reproduce2_Yintonly.csv,0,0,0,NA,lh_isthmuscingulate,NA
lh_lateraloccipital_thickness.aparcnative71,convgroup,0.0123065748715983,0.0365935583908387,0.336304404730404,0.738204561632779,convgroup,0.100266601347971,0.95,-0.485001524832948,0.684425195730442,2,analysnum7matchF1procLONGpredAB1singleT1reproduce2,reduced,_Yintonly,level,/cluster/projects/p274/projects/p040-ad_change/Berkeley/results/cortmaps/analysnum7matchF1procLONGpredAB1singleT1reproduce2/thickness/thickness_cortmapAB2_nTime2_analysnum7matchF1procLONGpredAB1singleT1reproduce2_Yintonly.csv,0,0,0,NA,lh_lateraloccipital,NA
lh_lateralorbitofrontal_thickness.aparcnative71,convgroup,0.0435892368672799,0.0292016091837093,1.49269982325485,0.142494246792387,convgroup,0.445037103306634,0.95,-0.148868807095115,1.03412603505059,2,analysnum7matchF1procLONGpredAB1singleT1reproduce2,reduced,_Yintonly,level,/cluster/projects/p274/projects/p040-ad_change/Berkeley/results/cortmaps/analysnum7matchF1procLONGpredAB1singleT1reproduce2/thickness/thickness_cortmapAB2_nTime2_analysnum7matchF1procLONGpredAB1singleT1reproduce2_Yintonly.csv,0,0,0,NA,lh_lateralorbitofrontal,NA
lh_lingual_thickness.aparcnative71,convgroup,-0.0149735774522222,0.0302910116088685,-0.494324113224343,0.623481925876114,convgroup,-0.147378976011591,0.95,-0.731701303876199,0.438571983084988,2,analysnum7matchF1procLONGpredAB1singleT1reproduce2,reduced,_Yintonly,level,/cluster/projects/p274/projects/p040-ad_change/Berkeley/results/cortmaps/analysnum7matchF1procLONGpredAB1singleT1reproduce2/thickness/thickness_cortmapAB2_nTime2_analysnum7matchF1procLONGpredAB1singleT1reproduce2_Yintonly.csv,0,0,0,NA,lh_lingual,NA
lh_medialorbitofrontal_thickness.aparcnative71,convgroup,0.0575448003256752,0.0365811699706506,1.57307162050431,0.122707637006228,convgroup,0.468999343589787,0.95,-0.125815082784953,1.0587503685554,2,analysnum7matchF1procLONGpredAB1singleT1reproduce2,reduced,_Yintonly,level,/cluster/projects/p274/projects/p040-ad_change/Berkeley/results/cortmaps/analysnum7matchF1procLONGpredAB1singleT1reproduce2/thickness/thickness_cortmapAB2_nTime2_analysnum7matchF1procLONGpredAB1singleT1reproduce2_Yintonly.csv,0,0,0,NA,lh_medialorbitofrontal,NA
lh_middletemporal_thickness.aparcnative71,convgroup,-0.00570197111882312,0.0338932814111198,-0.16823307987383,0.867153774780364,convgroup,-0.0501574136882715,0.95,-0.634319337372634,0.534560074419936,2,analysnum7matchF1procLONGpredAB1singleT1reproduce2,reduced,_Yintonly,level,/cluster/projects/p274/projects/p040-ad_change/Berkeley/results/cortmaps/analysnum7matchF1procLONGpredAB1singleT1reproduce2/thickness/thickness_cortmapAB2_nTime2_analysnum7matchF1procLONGpredAB1singleT1reproduce2_Yintonly.csv,0,0,0,NA,lh_middletemporal,NA
lh_parahippocampal_thickness.aparcnative71,convgroup,-0.0462970715441297,0.0920663536067289,-0.502866353781019,0.617510632851556,convgroup,-0.149925780086909,0.95,-0.734261635907197,0.436066674185062,2,analysnum7matchF1procLONGpredAB1singleT1reproduce2,reduced,_Yintonly,level,/cluster/projects/p274/projects/p040-ad_change/Berkeley/results/cortmaps/analysnum7matchF1procLONGpredAB1singleT1reproduce2/thickness/thickness_cortmapAB2_nTime2_analysnum7matchF1procLONGpredAB1singleT1reproduce2_Yintonly.csv,0,0,0,NA,lh_parahippocampal,NA
lh_paracentral_thickness.aparcnative71,convgroup,0.0349631922955867,0.0446553565928396,0.782956289306465,0.43775398538256,convgroup,0.233432464840033,0.95,-0.354176271846605,0.818471603624615,2,analysnum7matchF1procLONGpredAB1singleT1reproduce2,reduced,_Yintonly,level,/cluster/projects/p274/projects/p040-ad_change/Berkeley/results/cortmaps/analysnum7matchF1procLONGpredAB1singleT1reproduce2/thickness/thickness_cortmapAB2_nTime2_analysnum7matchF1procLONGpredAB1singleT1reproduce2_Yintonly.csv,0,0,0,NA,lh_paracentral,NA
lh_parsopercularis_thickness.aparcnative71,convgroup,0.0336865093322773,0.0337984227164609,0.996688798612809,0.324245062766458,convgroup,0.297155187481445,0.95,-0.29202020941528,0.883072584556261,2,analysnum7matchF1procLONGpredAB1singleT1reproduce2,reduced,_Yintonly,level,/cluster/projects/p274/projects/p040-ad_change/Berkeley/results/cortmaps/analysnum7matchF1procLONGpredAB1singleT1reproduce2/thickness/thickness_cortmapAB2_nTime2_analysnum7matchF1procLONGpredAB1singleT1reproduce2_Yintonly.csv,0,0,0,NA,lh_parsopercularis,NA
lh_parsorbitalis_thickness.aparcnative71,convgroup,0.0234506751751687,0.0418984821890618,0.559702260080697,0.578458057471902,convgroup,0.166870973426761,0.95,-0.419409149274801,0.751308425883487,2,analysnum7matchF1procLONGpredAB1singleT1reproduce2,reduced,_Yintonly,level,/cluster/projects/p274/projects/p040-ad_change/Berkeley/results/cortmaps/analysnum7matchF1procLONGpredAB1singleT1reproduce2/thickness/thickness_cortmapAB2_nTime2_analysnum7matchF1procLONGpredAB1singleT1reproduce2_Yintonly.csv,0,0,0,NA,lh_parsorbitalis,NA
lh_parstriangularis_thickness.aparcnative71,convgroup,0.00965082875474326,0.0323568527301763,0.298262282652194,0.766875878867444,convgroup,0.0889246318846084,0.95,-0.496202972728119,0.673068951288182,2,analysnum7matchF1procLONGpredAB1singleT1reproduce2,reduced,_Yintonly,level,/cluster/projects/p274/projects/p040-ad_change/Berkeley/results/cortmaps/analysnum7matchF1procLONGpredAB1singleT1reproduce2/thickness/thickness_cortmapAB2_nTime2_analysnum7matchF1procLONGpredAB1singleT1reproduce2_Yintonly.csv,0,0,0,NA,lh_parstriangularis,NA
lh_pericalcarine_thickness.aparcnative71,convgroup,0.0146038479305174,0.0289454287963009,0.50453037104027,0.616350450348009,convgroup,0.150421894181231,0.95,-0.435578660612515,0.734760376415937,2,analysnum7matchF1procLONGpredAB1singleT1reproduce2,reduced,_Yintonly,level,/cluster/projects/p274/projects/p040-ad_change/Berkeley/results/cortmaps/analysnum7matchF1procLONGpredAB1singleT1reproduce2/thickness/thickness_cortmapAB2_nTime2_analysnum7matchF1procLONGpredAB1singleT1reproduce2_Yintonly.csv,0,0,0,NA,lh_pericalcarine,NA
lh_postcentral_thickness.aparcnative71,convgroup,0.0101033776405241,0.0270590967049435,0.373381925889577,0.710617473025082,convgroup,0.111320982381184,0.95,-0.474093033468129,0.695503434527682,2,analysnum7matchF1procLONGpredAB1singleT1reproduce2,reduced,_Yintonly,level,/cluster/projects/p274/projects/p040-ad_change/Berkeley/results/cortmaps/analysnum7matchF1procLONGpredAB1singleT1reproduce2/thickness/thickness_cortmapAB2_nTime2_analysnum7matchF1procLONGpredAB1singleT1reproduce2_Yintonly.csv,0,0,0,NA,lh_postcentral,NA
lh_posteriorcingulate_thickness.aparcnative71,convgroup,0.0486197537062006,0.0377374292465968,1.2883695226957,0.204202501655602,convgroup,0.384117577718205,0.95,-0.207655901352099,0.971708882403779,2,analysnum7matchF1procLONGpredAB1singleT1reproduce2,reduced,_Yintonly,level,/cluster/projects/p274/projects/p040-ad_change/Berkeley/results/cortmaps/analysnum7matchF1procLONGpredAB1singleT1reproduce2/thickness/thickness_cortmapAB2_nTime2_analysnum7matchF1procLONGpredAB1singleT1reproduce2_Yintonly.csv,0,0,0,NA,lh_posteriorcingulate,NA
lh_precentral_thickness.aparcnative71,convgroup,0.0358667879760528,0.0400105736239706,0.896432735834728,0.374792384594869,convgroup,0.267264604611009,0.95,-0.321140204891947,0.852733291457964,2,analysnum7matchF1procLONGpredAB1singleT1reproduce2,reduced,_Yintonly,level,/cluster/projects/p274/projects/p040-ad_change/Berkeley/results/cortmaps/analysnum7matchF1procLONGpredAB1singleT1reproduce2/thickness/thickness_cortmapAB2_nTime2_analysnum7matchF1procLONGpredAB1singleT1reproduce2_Yintonly.csv,0,0,0,NA,lh_precentral,NA
lh_precuneus_thickness.aparcnative71,convgroup,0.0825629767823842,0.029840060799744,2.7668501527682,0.00818405095111276,convgroup,0.82491533668605,0.95,0.212128354995801,1.42924741372541,2,analysnum7matchF1procLONGpredAB1singleT1reproduce2,reduced,_Yintonly,level,/cluster/projects/p274/projects/p040-ad_change/Berkeley/results/cortmaps/analysnum7matchF1procLONGpredAB1singleT1reproduce2/thickness/thickness_cortmapAB2_nTime2_analysnum7matchF1procLONGpredAB1singleT1reproduce2_Yintonly.csv,1,1,0,#aad6e7,lh_precuneus,positive_sigonly
lh_rostralanteriorcingulate_thickness.aparcnative71,convgroup,0.00905814738212595,0.057936978182317,0.156344836515664,0.876460526275347,convgroup,0.0466130243173489,0.95,-0.538072379926658,0.630782125928887,2,analysnum7matchF1procLONGpredAB1singleT1reproduce2,reduced,_Yintonly,level,/cluster/projects/p274/projects/p040-ad_change/Berkeley/results/cortmaps/analysnum7matchF1procLONGpredAB1singleT1reproduce2/thickness/thickness_cortmapAB2_nTime2_analysnum7matchF1procLONGpredAB1singleT1reproduce2_Yintonly.csv,0,0,0,NA,lh_rostralanteriorcingulate,NA
lh_rostralmiddlefrontal_thickness.aparcnative71,convgroup,0.0699067904387901,0.0291256671534941,2.40017816829317,0.0205855144122854,convgroup,0.715594872321929,0.95,0.109200239830463,1.31451684327546,2,analysnum7matchF1procLONGpredAB1singleT1reproduce2,reduced,_Yintonly,level,/cluster/projects/p274/projects/p040-ad_change/Berkeley/results/cortmaps/analysnum7matchF1procLONGpredAB1singleT1reproduce2/thickness/thickness_cortmapAB2_nTime2_analysnum7matchF1procLONGpredAB1singleT1reproduce2_Yintonly.csv,1,1,0,#aad6e7,lh_rostralmiddlefrontal,positive_sigonly
lh_superiorfrontal_thickness.aparcnative71,convgroup,0.0703194370998335,0.0348319579939674,2.01881953096097,0.0494882893000908,convgroup,0.601895694071063,0.95,0.00133917988148273,1.1960595839794,2,analysnum7matchF1procLONGpredAB1singleT1reproduce2,reduced,_Yintonly,level,/cluster/projects/p274/projects/p040-ad_change/Berkeley/results/cortmaps/analysnum7matchF1procLONGpredAB1singleT1reproduce2/thickness/thickness_cortmapAB2_nTime2_analysnum7matchF1procLONGpredAB1singleT1reproduce2_Yintonly.csv,1,1,0,#aad6e7,lh_superiorfrontal,positive_sigonly
lh_superiorparietal_thickness.aparcnative71,convgroup,0.0273854208378573,0.0305214742230695,0.897250920375209,0.374360450658911,convgroup,0.267508540111096,0.95,-0.320902275831851,0.852980622934955,2,analysnum7matchF1procLONGpredAB1singleT1reproduce2,reduced,_Yintonly,level,/cluster/projects/p274/projects/p040-ad_change/Berkeley/results/cortmaps/analysnum7matchF1procLONGpredAB1singleT1reproduce2/thickness/thickness_cortmapAB2_nTime2_analysnum7matchF1procLONGpredAB1singleT1reproduce2_Yintonly.csv,0,0,0,NA,lh_superiorparietal,NA
lh_superiortemporal_thickness.aparcnative71,convgroup,0.00221019786399651,0.0365012399623965,0.0605513091137027,0.951984678691234,convgroup,0.0180529124406456,0.95,-0.566407291153956,0.602313099497446,2,analysnum7matchF1procLONGpredAB1singleT1reproduce2,reduced,_Yintonly,level,/cluster/projects/p274/projects/p040-ad_change/Berkeley/results/cortmaps/analysnum7matchF1procLONGpredAB1singleT1reproduce2/thickness/thickness_cortmapAB2_nTime2_analysnum7matchF1procLONGpredAB1singleT1reproduce2_Yintonly.csv,0,0,0,NA,lh_superiortemporal,NA
lh_supramarginal_thickness.aparcnative71,convgroup,0.0348429397530449,0.0331286631575297,1.05174602389971,0.298531309980169,convgroup,0.313570080600651,0.95,-0.276055247988843,0.899761559383024,2,analysnum7matchF1procLONGpredAB1singleT1reproduce2,reduced,_Yintonly,level,/cluster/projects/p274/projects/p040-ad_change/Berkeley/results/cortmaps/analysnum7matchF1procLONGpredAB1singleT1reproduce2/thickness/thickness_cortmapAB2_nTime2_analysnum7matchF1procLONGpredAB1singleT1reproduce2_Yintonly.csv,0,0,0,NA,lh_supramarginal,NA
lh_frontalpole_thickness.aparcnative71,convgroup,0.032541012694147,0.0697530295417195,0.466517553544885,0.643095770521539,convgroup,0.139088661656435,0.95,-0.446730580738288,0.723370350949646,2,analysnum7matchF1procLONGpredAB1singleT1reproduce2,reduced,_Yintonly,level,/cluster/projects/p274/projects/p040-ad_change/Berkeley/results/cortmaps/analysnum7matchF1procLONGpredAB1singleT1reproduce2/thickness/thickness_cortmapAB2_nTime2_analysnum7matchF1procLONGpredAB1singleT1reproduce2_Yintonly.csv,0,0,0,NA,lh_frontalpole,NA
lh_temporalpole_thickness.aparcnative71,convgroup,0.0201163961786794,0.0701262902915173,0.286859551461441,0.775536582891524,convgroup,0.0855249942750507,0.95,-0.49956229225723,0.669665587392624,2,analysnum7matchF1procLONGpredAB1singleT1reproduce2,reduced,_Yintonly,level,/cluster/projects/p274/projects/p040-ad_change/Berkeley/results/cortmaps/analysnum7matchF1procLONGpredAB1singleT1reproduce2/thickness/thickness_cortmapAB2_nTime2_analysnum7matchF1procLONGpredAB1singleT1reproduce2_Yintonly.csv,0,0,0,NA,lh_temporalpole,NA
lh_transversetemporal_thickness.aparcnative71,convgroup,0.0347926441642138,0.0609411364706435,0.570922141909415,0.570892735907271,convgroup,0.170216095889231,0.95,-0.416123256080523,0.754676037572862,2,analysnum7matchF1procLONGpredAB1singleT1reproduce2,reduced,_Yintonly,level,/cluster/projects/p274/projects/p040-ad_change/Berkeley/results/cortmaps/analysnum7matchF1procLONGpredAB1singleT1reproduce2/thickness/thickness_cortmapAB2_nTime2_analysnum7matchF1procLONGpredAB1singleT1reproduce2_Yintonly.csv,0,0,0,NA,lh_transversetemporal,NA
lh_insula_thickness.aparcnative71,convgroup,0.0212093580822473,0.0382680260595654,0.554231829183828,0.582164235414082,convgroup,0.165240006046546,0.95,-0.421011529248682,0.749666737766256,2,analysnum7matchF1procLONGpredAB1singleT1reproduce2,reduced,_Yintonly,level,/cluster/projects/p274/projects/p040-ad_change/Berkeley/results/cortmaps/analysnum7matchF1procLONGpredAB1singleT1reproduce2/thickness/thickness_cortmapAB2_nTime2_analysnum7matchF1procLONGpredAB1singleT1reproduce2_Yintonly.csv,0,0,0,NA,lh_insula,NA
lh_MeanThickness_thickness.aparcnative71,convgroup,0.0350615173910719,0.0252626513731284,1.38787955678977,0.172007665573718,convgroup,0.413785737808561,0.95,-0.178994362827177,1.00207307950923,2,analysnum7matchF1procLONGpredAB1singleT1reproduce2,reduced,_Yintonly,level,/cluster/projects/p274/projects/p040-ad_change/Berkeley/results/cortmaps/analysnum7matchF1procLONGpredAB1singleT1reproduce2/thickness/thickness_cortmapAB2_nTime2_analysnum7matchF1procLONGpredAB1singleT1reproduce2_Yintonly.csv,0,0,0,NA,lh_MeanThickness,NA
rh_bankssts_thickness.aparcnative71,convgroup,0.00291784507269471,0.0446479144743806,0.0653523262406578,0.948182953508682,convgroup,0.0194842991949139,0.95,-0.564985765688719,0.603738455839851,2,analysnum7matchF1procLONGpredAB1singleT1reproduce2,reduced,_Yintonly,level,/cluster/projects/p274/projects/p040-ad_change/Berkeley/results/cortmaps/analysnum7matchF1procLONGpredAB1singleT1reproduce2/thickness/thickness_cortmapAB2_nTime2_analysnum7matchF1procLONGpredAB1singleT1reproduce2_Yintonly.csv,0,0,0,NA,rh_bankssts,NA
rh_caudalanteriorcingulate_thickness.aparcnative71,convgroup,-0.0458410165647435,0.0638598779006221,-0.717837522897878,0.476567759358171,convgroup,-0.214017799733295,0.95,-0.798848098691304,0.373170772692106,2,analysnum7matchF1procLONGpredAB1singleT1reproduce2,reduced,_Yintonly,level,/cluster/projects/p274/projects/p040-ad_change/Berkeley/results/cortmaps/analysnum7matchF1procLONGpredAB1singleT1reproduce2/thickness/thickness_cortmapAB2_nTime2_analysnum7matchF1procLONGpredAB1singleT1reproduce2_Yintonly.csv,0,0,0,NA,rh_caudalanteriorcingulate,NA
rh_caudalmiddlefrontal_thickness.aparcnative71,convgroup,0.0492212335861897,0.0305798184394673,1.60959862085588,0.114479288704352,convgroup,0.47988959102982,0.95,-0.115350658696011,1.06995504202905,2,analysnum7matchF1procLONGpredAB1singleT1reproduce2,reduced,_Yintonly,level,/cluster/projects/p274/projects/p040-ad_change/Berkeley/results/cortmaps/analysnum7matchF1procLONGpredAB1singleT1reproduce2/thickness/thickness_cortmapAB2_nTime2_analysnum7matchF1procLONGpredAB1singleT1reproduce2_Yintonly.csv,0,0,0,NA,rh_caudalmiddlefrontal,NA
rh_cuneus_thickness.aparcnative71,convgroup,-0.00539952588472094,0.0270162149665806,-0.199862411940393,0.842488637952861,convgroup,-0.0595874585661046,0.95,-0.643734800912258,0.525219775967871,2,analysnum7matchF1procLONGpredAB1singleT1reproduce2,reduced,_Yintonly,level,/cluster/projects/p274/projects/p040-ad_change/Berkeley/results/cortmaps/analysnum7matchF1procLONGpredAB1singleT1reproduce2/thickness/thickness_cortmapAB2_nTime2_analysnum7matchF1procLONGpredAB1singleT1reproduce2_Yintonly.csv,0,0,0,NA,rh_cuneus,NA
rh_entorhinal_thickness.aparcnative71,convgroup,0.0134299517009591,0.09566303715462,0.1403880965984,0.888979884835881,convgroup,0.0418556436301106,0.95,-0.542788152103815,0.626035759166999,2,analysnum7matchF1procLONGpredAB1singleT1reproduce2,reduced,_Yintonly,level,/cluster/projects/p274/projects/p040-ad_change/Berkeley/results/cortmaps/analysnum7matchF1procLONGpredAB1singleT1reproduce2/thickness/thickness_cortmapAB2_nTime2_analysnum7matchF1procLONGpredAB1singleT1reproduce2_Yintonly.csv,0,0,0,NA,rh_entorhinal,NA
rh_fusiform_thickness.aparcnative71,convgroup,0.0584669695387681,0.0429524785976902,1.3612012961206,0.180227732103634,convgroup,0.405831817224864,0.95,-0.18667244531218,0.993926323072179,2,analysnum7matchF1procLONGpredAB1singleT1reproduce2,reduced,_Yintonly,level,/cluster/projects/p274/projects/p040-ad_change/Berkeley/results/cortmaps/analysnum7matchF1procLONGpredAB1singleT1reproduce2/thickness/thickness_cortmapAB2_nTime2_analysnum7matchF1procLONGpredAB1singleT1reproduce2_Yintonly.csv,0,0,0,NA,rh_fusiform,NA
rh_inferiorparietal_thickness.aparcnative71,convgroup,0.0248664573263926,0.034148003487165,0.728196520646925,0.470265792232895,convgroup,0.217106256152714,0.95,-0.370147320081209,0.801967959397275,2,analysnum7matchF1procLONGpredAB1singleT1reproduce2,reduced,_Yintonly,level,/cluster/projects/p274/projects/p040-ad_change/Berkeley/results/cortmaps/analysnum7matchF1procLONGpredAB1singleT1reproduce2/thickness/thickness_cortmapAB2_nTime2_analysnum7matchF1procLONGpredAB1singleT1reproduce2_Yintonly.csv,0,0,0,NA,rh_inferiorparietal,NA
rh_inferiortemporal_thickness.aparcnative71,convgroup,0.00874533404793648,0.038285371644496,0.228424948545426,0.820350758764197,convgroup,0.0681031616939284,0.95,-0.516790643712089,0.652242873858927,2,analysnum7matchF1procLONGpredAB1singleT1reproduce2,reduced,_Yintonly,level,/cluster/projects/p274/projects/p040-ad_change/Berkeley/results/cortmaps/analysnum7matchF1procLONGpredAB1singleT1reproduce2/thickness/thickness_cortmapAB2_nTime2_analysnum7matchF1procLONGpredAB1singleT1reproduce2_Yintonly.csv,0,0,0,NA,rh_inferiortemporal,NA
rh_isthmuscingulate_thickness.aparcnative71,convgroup,-0.0271750531595917,0.0402733896377675,-0.674764488512473,0.503277634216959,convgroup,-0.201175902015569,0.95,-0.785883089515729,0.385749518598393,2,analysnum7matchF1procLONGpredAB1singleT1reproduce2,reduced,_Yintonly,level,/cluster/projects/p274/projects/p040-ad_change/Berkeley/results/cortmaps/analysnum7matchF1procLONGpredAB1singleT1reproduce2/thickness/thickness_cortmapAB2_nTime2_analysnum7matchF1procLONGpredAB1singleT1reproduce2_Yintonly.csv,0,0,0,NA,rh_isthmuscingulate,NA
rh_lateraloccipital_thickness.aparcnative71,convgroup,0.0112418888229454,0.0379578254955612,0.296167883069594,0.768464417717612,convgroup,0.0883002025727762,0.95,-0.496819945164821,0.672442934934501,2,analysnum7matchF1procLONGpredAB1singleT1reproduce2,reduced,_Yintonly,level,/cluster/projects/p274/projects/p040-ad_change/Berkeley/results/cortmaps/analysnum7matchF1procLONGpredAB1singleT1reproduce2/thickness/thickness_cortmapAB2_nTime2_analysnum7matchF1procLONGpredAB1singleT1reproduce2_Yintonly.csv,0,0,0,NA,rh_lateraloccipital,NA
rh_lateralorbitofrontal_thickness.aparcnative71,convgroup,0.0295391350997057,0.0311480935448564,0.948344882076532,0.34801922570338,convgroup,0.282741816324953,0.95,-0.306054128231765,0.868434780101529,2,analysnum7matchF1procLONGpredAB1singleT1reproduce2,reduced,_Yintonly,level,/cluster/projects/p274/projects/p040-ad_change/Berkeley/results/cortmaps/analysnum7matchF1procLONGpredAB1singleT1reproduce2/thickness/thickness_cortmapAB2_nTime2_analysnum7matchF1procLONGpredAB1singleT1reproduce2_Yintonly.csv,0,0,0,NA,rh_lateralorbitofrontal,NA
rh_lingual_thickness.aparcnative71,convgroup,0.00463099686866856,0.0288676466350043,0.160421697245424,0.873266883053199,convgroup,0.0478285093475546,0.95,-0.536867815520857,0.631995053833835,2,analysnum7matchF1procLONGpredAB1singleT1reproduce2,reduced,_Yintonly,level,/cluster/projects/p274/projects/p040-ad_change/Berkeley/results/cortmaps/analysnum7matchF1procLONGpredAB1singleT1reproduce2/thickness/thickness_cortmapAB2_nTime2_analysnum7matchF1procLONGpredAB1singleT1reproduce2_Yintonly.csv,0,0,0,NA,rh_lingual,NA
rh_medialorbitofrontal_thickness.aparcnative71,convgroup,0.00569209759175801,0.0376549215903294,0.151164770801697,0.880521368545587,convgroup,0.0450686271087692,0.95,-0.539603093968495,0.629241146230425,2,analysnum7matchF1procLONGpredAB1singleT1reproduce2,reduced,_Yintonly,level,/cluster/projects/p274/projects/p040-ad_change/Berkeley/results/cortmaps/analysnum7matchF1procLONGpredAB1singleT1reproduce2/thickness/thickness_cortmapAB2_nTime2_analysnum7matchF1procLONGpredAB1singleT1reproduce2_Yintonly.csv,0,0,0,NA,rh_medialorbitofrontal,NA
rh_middletemporal_thickness.aparcnative71,convgroup,-0.00520200513307967,0.0394543669109737,-0.131848653022812,0.895691759731528,convgroup,-0.0393096734534387,0.95,-0.623496422274898,0.545312474662849,2,analysnum7matchF1procLONGpredAB1singleT1reproduce2,reduced,_Yintonly,level,/cluster/projects/p274/projects/p040-ad_change/Berkeley/results/cortmaps/analysnum7matchF1procLONGpredAB1singleT1reproduce2/thickness/thickness_cortmapAB2_nTime2_analysnum7matchF1procLONGpredAB1singleT1reproduce2_Yintonly.csv,0,0,0,NA,rh_middletemporal,NA
rh_parahippocampal_thickness.aparcnative71,convgroup,-0.0270521311273038,0.0661057391757121,-0.409225151471312,0.684315741513411,convgroup,-0.122007367572334,0.95,-0.706221401698426,0.463556023272877,2,analysnum7matchF1procLONGpredAB1singleT1reproduce2,reduced,_Yintonly,level,/cluster/projects/p274/projects/p040-ad_change/Berkeley/results/cortmaps/analysnum7matchF1procLONGpredAB1singleT1reproduce2/thickness/thickness_cortmapAB2_nTime2_analysnum7matchF1procLONGpredAB1singleT1reproduce2_Yintonly.csv,0,0,0,NA,rh_parahippocampal,NA
rh_paracentral_thickness.aparcnative71,convgroup,0.0322061088315692,0.0418693981424357,0.769204007232373,0.445790977872964,convgroup,0.229332326498244,0.95,-0.35818541215831,0.814325061852714,2,analysnum7matchF1procLONGpredAB1singleT1reproduce2,reduced,_Yintonly,level,/cluster/projects/p274/projects/p040-ad_change/Berkeley/results/cortmaps/analysnum7matchF1procLONGpredAB1singleT1reproduce2/thickness/thickness_cortmapAB2_nTime2_analysnum7matchF1procLONGpredAB1singleT1reproduce2_Yintonly.csv,0,0,0,NA,rh_paracentral,NA
rh_parsopercularis_thickness.aparcnative71,convgroup,0.0588495286249792,0.0331053349452095,1.77764486365649,0.0822205003509728,convgroup,0.529991300665233,0.95,-0.0673113087439279,1.12160938532,2,analysnum7matchF1procLONGpredAB1singleT1reproduce2,reduced,_Yintonly,level,/cluster/projects/p274/projects/p040-ad_change/Berkeley/results/cortmaps/analysnum7matchF1procLONGpredAB1singleT1reproduce2/thickness/thickness_cortmapAB2_nTime2_analysnum7matchF1procLONGpredAB1singleT1reproduce2_Yintonly.csv,0,0,0,NA,rh_parsopercularis,NA
rh_parsorbitalis_thickness.aparcnative71,convgroup,0.0335575444891625,0.0392295080730193,0.855415888129431,0.396852727586286,convgroup,0.255035743318768,0.95,-0.333071930091099,0.840339556162916,2,analysnum7matchF1procLONGpredAB1singleT1reproduce2,reduced,_Yintonly,level,/cluster/projects/p274/projects/p040-ad_change/Berkeley/results/cortmaps/analysnum7matchF1procLONGpredAB1singleT1reproduce2/thickness/thickness_cortmapAB2_nTime2_analysnum7matchF1procLONGpredAB1singleT1reproduce2_Yintonly.csv,0,0,0,NA,rh_parsorbitalis,NA
rh_parstriangularis_thickness.aparcnative71,convgroup,0.0251107949470235,0.0371918155699644,0.675169914729914,0.503022469092365,convgroup,0.201296776759843,0.95,-0.385631056280699,0.786005150016084,2,analysnum7matchF1procLONGpredAB1singleT1reproduce2,reduced,_Yintonly,level,/cluster/projects/p274/projects/p040-ad_change/Berkeley/results/cortmaps/analysnum7matchF1procLONGpredAB1singleT1reproduce2/thickness/thickness_cortmapAB2_nTime2_analysnum7matchF1procLONGpredAB1singleT1reproduce2_Yintonly.csv,0,0,0,NA,rh_parstriangularis,NA
rh_pericalcarine_thickness.aparcnative71,convgroup,0.0392994898733993,0.0285558001327222,1.37623493968799,0.175559235499858,convgroup,0.41031398375369,0.95,-0.182345179419435,0.998516591336111,2,analysnum7matchF1procLONGpredAB1singleT1reproduce2,reduced,_Yintonly,level,/cluster/projects/p274/projects/p040-ad_change/Berkeley/results/cortmaps/analysnum7matchF1procLONGpredAB1singleT1reproduce2/thickness/thickness_cortmapAB2_nTime2_analysnum7matchF1procLONGpredAB1singleT1reproduce2_Yintonly.csv,0,0,0,NA,rh_pericalcarine,NA
rh_postcentral_thickness.aparcnative71,convgroup,0.00691220941113623,0.0296744269278262,0.232934891310556,0.816868241469538,convgroup,0.0694477668402571,0.95,-0.515460198127341,0.653586768612167,2,analysnum7matchF1procLONGpredAB1singleT1reproduce2,reduced,_Yintonly,level,/cluster/projects/p274/projects/p040-ad_change/Berkeley/results/cortmaps/analysnum7matchF1procLONGpredAB1singleT1reproduce2/thickness/thickness_cortmapAB2_nTime2_analysnum7matchF1procLONGpredAB1singleT1reproduce2_Yintonly.csv,0,0,0,NA,rh_postcentral,NA
rh_posteriorcingulate_thickness.aparcnative71,convgroup,-0.0314924329165846,0.0375120443178042,-0.839528569804911,0.405610889264561,convgroup,-0.250299060151595,0.95,-0.835541913395256,0.337696412620812,2,analysnum7matchF1procLONGpredAB1singleT1reproduce2,reduced,_Yintonly,level,/cluster/projects/p274/projects/p040-ad_change/Berkeley/results/cortmaps/analysnum7matchF1procLONGpredAB1singleT1reproduce2/thickness/thickness_cortmapAB2_nTime2_analysnum7matchF1procLONGpredAB1singleT1reproduce2_Yintonly.csv,0,0,0,NA,rh_posteriorcingulate,NA
rh_precentral_thickness.aparcnative71,convgroup,0.0305014669191968,0.0403514730668006,0.755894756771396,0.453651178264387,convgroup,0.225364274663535,0.95,-0.362066600549489,0.810313312080732,2,analysnum7matchF1procLONGpredAB1singleT1reproduce2,reduced,_Yintonly,level,/cluster/projects/p274/projects/p040-ad_change/Berkeley/results/cortmaps/analysnum7matchF1procLONGpredAB1singleT1reproduce2/thickness/thickness_cortmapAB2_nTime2_analysnum7matchF1procLONGpredAB1singleT1reproduce2_Yintonly.csv,0,0,0,NA,rh_precentral,NA
rh_precuneus_thickness.aparcnative71,convgroup,0.0395523670368519,0.0271534199797234,1.45662561350973,0.152162419747046,convgroup,0.434281851943344,0.95,-0.159229030700742,1.02308701083513,2,analysnum7matchF1procLONGpredAB1singleT1reproduce2,reduced,_Yintonly,level,/cluster/projects/p274/projects/p040-ad_change/Berkeley/results/cortmaps/analysnum7matchF1procLONGpredAB1singleT1reproduce2/thickness/thickness_cortmapAB2_nTime2_analysnum7matchF1procLONGpredAB1singleT1reproduce2_Yintonly.csv,0,0,0,NA,rh_precuneus,NA
rh_rostralanteriorcingulate_thickness.aparcnative71,convgroup,0.00281656406459822,0.0556891827782776,0.0505765020077986,0.959886821991467,convgroup,0.015078999540479,0.95,-0.569361141635577,0.599352095019499,2,analysnum7matchF1procLONGpredAB1singleT1reproduce2,reduced,_Yintonly,level,/cluster/projects/p274/projects/p040-ad_change/Berkeley/results/cortmaps/analysnum7matchF1procLONGpredAB1singleT1reproduce2/thickness/thickness_cortmapAB2_nTime2_analysnum7matchF1procLONGpredAB1singleT1reproduce2_Yintonly.csv,0,0,0,NA,rh_rostralanteriorcingulate,NA
rh_rostralmiddlefrontal_thickness.aparcnative71,convgroup,0.0495515263396864,0.028011984263481,1.76894024620334,0.0836812653869907,convgroup,0.527396085152785,0.95,-0.0697956234500073,1.11893212547494,2,analysnum7matchF1procLONGpredAB1singleT1reproduce2,reduced,_Yintonly,level,/cluster/projects/p274/projects/p040-ad_change/Berkeley/results/cortmaps/analysnum7matchF1procLONGpredAB1singleT1reproduce2/thickness/thickness_cortmapAB2_nTime2_analysnum7matchF1procLONGpredAB1singleT1reproduce2_Yintonly.csv,0,0,0,NA,rh_rostralmiddlefrontal,NA
rh_superiorfrontal_thickness.aparcnative71,convgroup,0.0479310002314961,0.0314414765363923,1.52445131436553,0.134393813081102,convgroup,0.454503568974696,0.95,-0.139756517311338,1.0438491529267,2,analysnum7matchF1procLONGpredAB1singleT1reproduce2,reduced,_Yintonly,level,/cluster/projects/p274/projects/p040-ad_change/Berkeley/results/cortmaps/analysnum7matchF1procLONGpredAB1singleT1reproduce2/thickness/thickness_cortmapAB2_nTime2_analysnum7matchF1procLONGpredAB1singleT1reproduce2_Yintonly.csv,0,0,0,NA,rh_superiorfrontal,NA
rh_superiorparietal_thickness.aparcnative71,convgroup,0.0407811431138242,0.0277080923881301,1.47181345227846,0.148030791502683,convgroup,0.438809990599104,0.95,-0.154866261042667,1.02773362812342,2,analysnum7matchF1procLONGpredAB1singleT1reproduce2,reduced,_Yintonly,level,/cluster/projects/p274/projects/p040-ad_change/Berkeley/results/cortmaps/analysnum7matchF1procLONGpredAB1singleT1reproduce2/thickness/thickness_cortmapAB2_nTime2_analysnum7matchF1procLONGpredAB1singleT1reproduce2_Yintonly.csv,0,0,0,NA,rh_superiorparietal,NA
rh_superiortemporal_thickness.aparcnative71,convgroup,0.000122607472443017,0.0398345877054631,0.00307791493537165,0.997557787639872,convgroup,0.000917656936593719,0.95,-0.583435810163794,0.585260984617783,2,analysnum7matchF1procLONGpredAB1singleT1reproduce2,reduced,_Yintonly,level,/cluster/projects/p274/projects/p040-ad_change/Berkeley/results/cortmaps/analysnum7matchF1procLONGpredAB1singleT1reproduce2/thickness/thickness_cortmapAB2_nTime2_analysnum7matchF1procLONGpredAB1singleT1reproduce2_Yintonly.csv,0,0,0,NA,rh_superiortemporal,NA
rh_supramarginal_thickness.aparcnative71,convgroup,0.0326375538505135,0.0268090136268945,1.21740972289155,0.229794088926952,convgroup,0.362961452913959,0.95,-0.228131476496848,0.950095193979059,2,analysnum7matchF1procLONGpredAB1singleT1reproduce2,reduced,_Yintonly,level,/cluster/projects/p274/projects/p040-ad_change/Berkeley/results/cortmaps/analysnum7matchF1procLONGpredAB1singleT1reproduce2/thickness/thickness_cortmapAB2_nTime2_analysnum7matchF1procLONGpredAB1singleT1reproduce2_Yintonly.csv,0,0,0,NA,rh_supramarginal,NA
rh_frontalpole_thickness.aparcnative71,convgroup,0.0716042105292623,0.0572202133142642,1.25137965033437,0.217262458046786,convgroup,0.373089328507677,0.95,-0.218325523468905,0.960438087877077,2,analysnum7matchF1procLONGpredAB1singleT1reproduce2,reduced,_Yintonly,level,/cluster/projects/p274/projects/p040-ad_change/Berkeley/results/cortmaps/analysnum7matchF1procLONGpredAB1singleT1reproduce2/thickness/thickness_cortmapAB2_nTime2_analysnum7matchF1procLONGpredAB1singleT1reproduce2_Yintonly.csv,0,0,0,NA,rh_frontalpole,NA
rh_temporalpole_thickness.aparcnative71,convgroup,0.0196477907427929,0.0706721336693883,0.278013266653407,0.782275590496185,convgroup,0.0828875417178392,0.95,-0.502169091818468,0.667026566490387,2,analysnum7matchF1procLONGpredAB1singleT1reproduce2,reduced,_Yintonly,level,/cluster/projects/p274/projects/p040-ad_change/Berkeley/results/cortmaps/analysnum7matchF1procLONGpredAB1singleT1reproduce2/thickness/thickness_cortmapAB2_nTime2_analysnum7matchF1procLONGpredAB1singleT1reproduce2_Yintonly.csv,0,0,0,NA,rh_temporalpole,NA
rh_transversetemporal_thickness.aparcnative71,convgroup,-0.0195358426682405,0.0593544963843761,-0.329138378021567,0.743578121747957,convgroup,-0.0981301049680328,0.95,-0.682285067225884,0.487110872941102,2,analysnum7matchF1procLONGpredAB1singleT1reproduce2,reduced,_Yintonly,level,/cluster/projects/p274/projects/p040-ad_change/Berkeley/results/cortmaps/analysnum7matchF1procLONGpredAB1singleT1reproduce2/thickness/thickness_cortmapAB2_nTime2_analysnum7matchF1procLONGpredAB1singleT1reproduce2_Yintonly.csv,0,0,0,NA,rh_transversetemporal,NA
rh_insula_thickness.aparcnative71,convgroup,-0.00272682255357488,0.0488858291234166,-0.0557794068847801,0.955764468747279,convgroup,-0.0166302060718651,0.95,-0.600896520936625,0.567820334508214,2,analysnum7matchF1procLONGpredAB1singleT1reproduce2,reduced,_Yintonly,level,/cluster/projects/p274/projects/p040-ad_change/Berkeley/results/cortmaps/analysnum7matchF1procLONGpredAB1singleT1reproduce2/thickness/thickness_cortmapAB2_nTime2_analysnum7matchF1procLONGpredAB1singleT1reproduce2_Yintonly.csv,0,0,0,NA,rh_insula,NA
rh_MeanThickness_thickness.aparcnative71,convgroup,0.0251047815985323,0.025406462973908,0.988125801860513,0.328374553605771,convgroup,0.294602195104213,0.95,-0.294504953559656,0.88047875741706,2,analysnum7matchF1procLONGpredAB1singleT1reproduce2,reduced,_Yintonly,level,/cluster/projects/p274/projects/p040-ad_change/Berkeley/results/cortmaps/analysnum7matchF1procLONGpredAB1singleT1reproduce2/thickness/thickness_cortmapAB2_nTime2_analysnum7matchF1procLONGpredAB1singleT1reproduce2_Yintonly.csv,0,0,0,NA,rh_MeanThickness,NA
lh_bankssts_thickness.aparcnative71,convgroup,0.0067958029374781,0.0499288652706004,0.136109701284953,0.892434719146865,convgroup,0.0435899903634429,0.95,-0.584453355250523,0.671076436903546,3,analysnum7matchF1procLONGpredAB1singleT1reproduce2,reduced,_Yintonly,level,/cluster/projects/p274/projects/p040-ad_change/Berkeley/results/cortmaps/analysnum7matchF1procLONGpredAB1singleT1reproduce2/thickness/thickness_cortmapAB3_nTime2_analysnum7matchF1procLONGpredAB1singleT1reproduce2_Yintonly.csv,0,0,0,NA,lh_bankssts,NA
lh_caudalanteriorcingulate_thickness.aparcnative71,convgroup,-0.0428699862457295,0.0614783559175133,-0.697318358728542,0.48973989225474,convgroup,-0.22332060279519,0.95,-0.851533920110616,0.407729397422503,3,analysnum7matchF1procLONGpredAB1singleT1reproduce2,reduced,_Yintonly,level,/cluster/projects/p274/projects/p040-ad_change/Berkeley/results/cortmaps/analysnum7matchF1procLONGpredAB1singleT1reproduce2/thickness/thickness_cortmapAB3_nTime2_analysnum7matchF1procLONGpredAB1singleT1reproduce2_Yintonly.csv,0,0,0,NA,lh_caudalanteriorcingulate,NA
lh_caudalmiddlefrontal_thickness.aparcnative71,convgroup,0.0533090636753921,0.0441943481760659,1.20624165477029,0.234991023674954,convgroup,0.38630649844232,0.95,-0.24959902418969,1.01736221695132,3,analysnum7matchF1procLONGpredAB1singleT1reproduce2,reduced,_Yintonly,level,/cluster/projects/p274/projects/p040-ad_change/Berkeley/results/cortmaps/analysnum7matchF1procLONGpredAB1singleT1reproduce2/thickness/thickness_cortmapAB3_nTime2_analysnum7matchF1procLONGpredAB1singleT1reproduce2_Yintonly.csv,0,0,0,NA,lh_caudalmiddlefrontal,NA
lh_cuneus_thickness.aparcnative71,convgroup,0.011018261021653,0.0377393804892568,0.291956594909913,0.771867272451716,convgroup,0.093500941068288,0.95,-0.535127293755312,0.720935648409784,3,analysnum7matchF1procLONGpredAB1singleT1reproduce2,reduced,_Yintonly,level,/cluster/projects/p274/projects/p040-ad_change/Berkeley/results/cortmaps/analysnum7matchF1procLONGpredAB1singleT1reproduce2/thickness/thickness_cortmapAB3_nTime2_analysnum7matchF1procLONGpredAB1singleT1reproduce2_Yintonly.csv,0,0,0,NA,lh_cuneus,NA
lh_entorhinal_thickness.aparcnative71,convgroup,0.214670946866309,0.0897428521212408,2.3920673545821,0.0216709360130975,convgroup,0.7660746585333,0.95,0.111337913472745,1.41166252422065,3,analysnum7matchF1procLONGpredAB1singleT1reproduce2,reduced,_Yintonly,level,/cluster/projects/p274/projects/p040-ad_change/Berkeley/results/cortmaps/analysnum7matchF1procLONGpredAB1singleT1reproduce2/thickness/thickness_cortmapAB3_nTime2_analysnum7matchF1procLONGpredAB1singleT1reproduce2_Yintonly.csv,1,1,0,#aad6e7,lh_entorhinal,positive_sigonly
lh_fusiform_thickness.aparcnative71,convgroup,0.0178118431881338,0.0303828778832655,0.586246084277103,0.561088104592718,convgroup,0.187749006301508,0.95,-0.442508697927889,0.815617701057502,3,analysnum7matchF1procLONGpredAB1singleT1reproduce2,reduced,_Yintonly,level,/cluster/projects/p274/projects/p040-ad_change/Berkeley/results/cortmaps/analysnum7matchF1procLONGpredAB1singleT1reproduce2/thickness/thickness_cortmapAB3_nTime2_analysnum7matchF1procLONGpredAB1singleT1reproduce2_Yintonly.csv,0,0,0,NA,lh_fusiform,NA
lh_inferiorparietal_thickness.aparcnative71,convgroup,0.013851528445509,0.0376932639936002,0.36748020675155,0.715247603135666,convgroup,0.117687854134075,0.95,-0.511293221544899,0.745167596767361,3,analysnum7matchF1procLONGpredAB1singleT1reproduce2,reduced,_Yintonly,level,/cluster/projects/p274/projects/p040-ad_change/Berkeley/results/cortmaps/analysnum7matchF1procLONGpredAB1singleT1reproduce2/thickness/thickness_cortmapAB3_nTime2_analysnum7matchF1procLONGpredAB1singleT1reproduce2_Yintonly.csv,0,0,0,NA,lh_inferiorparietal,NA
lh_inferiortemporal_thickness.aparcnative71,convgroup,0.00315715035241843,0.032429953144505,0.0973529113147481,0.922944742331929,convgroup,0.031177883912762,0.95,-0.596750029232,0.658707325703164,3,analysnum7matchF1procLONGpredAB1singleT1reproduce2,reduced,_Yintonly,level,/cluster/projects/p274/projects/p040-ad_change/Berkeley/results/cortmaps/analysnum7matchF1procLONGpredAB1singleT1reproduce2/thickness/thickness_cortmapAB3_nTime2_analysnum7matchF1procLONGpredAB1singleT1reproduce2_Yintonly.csv,0,0,0,NA,lh_inferiortemporal,NA
lh_isthmuscingulate_thickness.aparcnative71,convgroup,0.0401741139723665,0.0482668628042312,0.832333233160635,0.410288812674383,convgroup,0.266559967953263,0.95,-0.365582956272184,0.895325424042685,3,analysnum7matchF1procLONGpredAB1singleT1reproduce2,reduced,_Yintonly,level,/cluster/projects/p274/projects/p040-ad_change/Berkeley/results/cortmaps/analysnum7matchF1procLONGpredAB1singleT1reproduce2/thickness/thickness_cortmapAB3_nTime2_analysnum7matchF1procLONGpredAB1singleT1reproduce2_Yintonly.csv,0,0,0,NA,lh_isthmuscingulate,NA
lh_lateraloccipital_thickness.aparcnative71,convgroup,0.0216659541559625,0.036483782879003,0.593851636158916,0.556040438990649,convgroup,0.190184732264515,0.95,-0.440124157447437,0.818073862386902,3,analysnum7matchF1procLONGpredAB1singleT1reproduce2,reduced,_Yintonly,level,/cluster/projects/p274/projects/p040-ad_change/Berkeley/results/cortmaps/analysnum7matchF1procLONGpredAB1singleT1reproduce2/thickness/thickness_cortmapAB3_nTime2_analysnum7matchF1procLONGpredAB1singleT1reproduce2_Yintonly.csv,0,0,0,NA,lh_lateraloccipital,NA
lh_lateralorbitofrontal_thickness.aparcnative71,convgroup,0.0191735180323438,0.0307447121473675,0.623636283873468,0.536497166000715,convgroup,0.199723453565047,0.95,-0.430790129858117,0.82769710932132,3,analysnum7matchF1procLONGpredAB1singleT1reproduce2,reduced,_Yintonly,level,/cluster/projects/p274/projects/p040-ad_change/Berkeley/results/cortmaps/analysnum7matchF1procLONGpredAB1singleT1reproduce2/thickness/thickness_cortmapAB3_nTime2_analysnum7matchF1procLONGpredAB1singleT1reproduce2_Yintonly.csv,0,0,0,NA,lh_lateralorbitofrontal,NA
lh_lingual_thickness.aparcnative71,convgroup,-0.0211170702768284,0.0316445319835834,-0.667321301758659,0.508496462116261,convgroup,-0.213713856090843,0.95,-0.841824332590511,0.417112652915614,3,analysnum7matchF1procLONGpredAB1singleT1reproduce2,reduced,_Yintonly,level,/cluster/projects/p274/projects/p040-ad_change/Berkeley/results/cortmaps/analysnum7matchF1procLONGpredAB1singleT1reproduce2/thickness/thickness_cortmapAB3_nTime2_analysnum7matchF1procLONGpredAB1singleT1reproduce2_Yintonly.csv,0,0,0,NA,lh_lingual,NA
lh_medialorbitofrontal_thickness.aparcnative71,convgroup,0.0501092055353851,0.0368664487765838,1.35920890669602,0.181888701424307,convgroup,0.435295225729328,0.95,-0.202457499048382,1.0676087927736,3,analysnum7matchF1procLONGpredAB1singleT1reproduce2,reduced,_Yintonly,level,/cluster/projects/p274/projects/p040-ad_change/Berkeley/results/cortmaps/analysnum7matchF1procLONGpredAB1singleT1reproduce2/thickness/thickness_cortmapAB3_nTime2_analysnum7matchF1procLONGpredAB1singleT1reproduce2_Yintonly.csv,0,0,0,NA,lh_medialorbitofrontal,NA
lh_middletemporal_thickness.aparcnative71,convgroup,0.0127347563113977,0.0402407027829761,0.316464560275652,0.753337626530193,convgroup,0.101349771563358,0.95,-0.52738788069896,0.728794172163595,3,analysnum7matchF1procLONGpredAB1singleT1reproduce2,reduced,_Yintonly,level,/cluster/projects/p274/projects/p040-ad_change/Berkeley/results/cortmaps/analysnum7matchF1procLONGpredAB1singleT1reproduce2/thickness/thickness_cortmapAB3_nTime2_analysnum7matchF1procLONGpredAB1singleT1reproduce2_Yintonly.csv,0,0,0,NA,lh_middletemporal,NA
lh_parahippocampal_thickness.aparcnative71,convgroup,-0.0280227876886522,0.106924229183836,-0.262080801540989,0.794638502060263,convgroup,-0.0839330297970321,0.95,-0.711362563777992,0.544568118934138,3,analysnum7matchF1procLONGpredAB1singleT1reproduce2,reduced,_Yintonly,level,/cluster/projects/p274/projects/p040-ad_change/Berkeley/results/cortmaps/analysnum7matchF1procLONGpredAB1singleT1reproduce2/thickness/thickness_cortmapAB3_nTime2_analysnum7matchF1procLONGpredAB1singleT1reproduce2_Yintonly.csv,0,0,0,NA,lh_parahippocampal,NA
lh_paracentral_thickness.aparcnative71,convgroup,0.0514563896654995,0.0543752983444625,0.946319215382103,0.349812483944604,convgroup,0.303064697738829,0.95,-0.330111131536642,0.93240999187149,3,analysnum7matchF1procLONGpredAB1singleT1reproduce2,reduced,_Yintonly,level,/cluster/projects/p274/projects/p040-ad_change/Berkeley/results/cortmaps/analysnum7matchF1procLONGpredAB1singleT1reproduce2/thickness/thickness_cortmapAB3_nTime2_analysnum7matchF1procLONGpredAB1singleT1reproduce2_Yintonly.csv,0,0,0,NA,lh_paracentral,NA
lh_parsopercularis_thickness.aparcnative71,convgroup,0.0184560103737069,0.0435323584822054,0.423960727541354,0.673923838040323,convgroup,0.135776097174117,0.95,-0.493498411989601,0.763319417568512,3,analysnum7matchF1procLONGpredAB1singleT1reproduce2,reduced,_Yintonly,level,/cluster/projects/p274/projects/p040-ad_change/Berkeley/results/cortmaps/analysnum7matchF1procLONGpredAB1singleT1reproduce2/thickness/thickness_cortmapAB3_nTime2_analysnum7matchF1procLONGpredAB1singleT1reproduce2_Yintonly.csv,0,0,0,NA,lh_parsopercularis,NA
lh_parsorbitalis_thickness.aparcnative71,convgroup,0.0142799810496384,0.050040498744651,0.285368479688961,0.776871980006795,convgroup,0.0913910556135156,0.95,-0.537208503353153,0.718824021658702,3,analysnum7matchF1procLONGpredAB1singleT1reproduce2,reduced,_Yintonly,level,/cluster/projects/p274/projects/p040-ad_change/Berkeley/results/cortmaps/analysnum7matchF1procLONGpredAB1singleT1reproduce2/thickness/thickness_cortmapAB3_nTime2_analysnum7matchF1procLONGpredAB1singleT1reproduce2_Yintonly.csv,0,0,0,NA,lh_parsorbitalis,NA
lh_parstriangularis_thickness.aparcnative71,convgroup,-0.00505720279921972,0.0394044615766892,-0.128340867933885,0.89853877025499,convgroup,-0.0411019724799911,0.95,-0.6685960624616,0.586917278113723,3,analysnum7matchF1procLONGpredAB1singleT1reproduce2,reduced,_Yintonly,level,/cluster/projects/p274/projects/p040-ad_change/Berkeley/results/cortmaps/analysnum7matchF1procLONGpredAB1singleT1reproduce2/thickness/thickness_cortmapAB3_nTime2_analysnum7matchF1procLONGpredAB1singleT1reproduce2_Yintonly.csv,0,0,0,NA,lh_parstriangularis,NA
lh_pericalcarine_thickness.aparcnative71,convgroup,0.0147903635033707,0.0315457427787921,0.46885450144842,0.641784001367948,convgroup,0.15015361144028,0.95,-0.479372133541216,0.7777658056638,3,analysnum7matchF1procLONGpredAB1singleT1reproduce2,reduced,_Yintonly,level,/cluster/projects/p274/projects/p040-ad_change/Berkeley/results/cortmaps/analysnum7matchF1procLONGpredAB1singleT1reproduce2/thickness/thickness_cortmapAB3_nTime2_analysnum7matchF1procLONGpredAB1singleT1reproduce2_Yintonly.csv,0,0,0,NA,lh_pericalcarine,NA
lh_postcentral_thickness.aparcnative71,convgroup,0.00213741360139016,0.0360812522286854,0.0592388974707166,0.953064338500889,convgroup,0.0189716305708694,0.95,-0.608854480771204,0.646555313385826,3,analysnum7matchF1procLONGpredAB1singleT1reproduce2,reduced,_Yintonly,level,/cluster/projects/p274/projects/p040-ad_change/Berkeley/results/cortmaps/analysnum7matchF1procLONGpredAB1singleT1reproduce2/thickness/thickness_cortmapAB3_nTime2_analysnum7matchF1procLONGpredAB1singleT1reproduce2_Yintonly.csv,0,0,0,NA,lh_postcentral,NA
lh_posteriorcingulate_thickness.aparcnative71,convgroup,0.0368192308468578,0.0459583576594725,0.801143311509718,0.427902775196776,convgroup,0.25657119881069,0.95,-0.375306633983758,0.885196095021741,3,analysnum7matchF1procLONGpredAB1singleT1reproduce2,reduced,_Yintonly,level,/cluster/projects/p274/projects/p040-ad_change/Berkeley/results/cortmaps/analysnum7matchF1procLONGpredAB1singleT1reproduce2/thickness/thickness_cortmapAB3_nTime2_analysnum7matchF1procLONGpredAB1singleT1reproduce2_Yintonly.csv,0,0,0,NA,lh_posteriorcingulate,NA
lh_precentral_thickness.aparcnative71,convgroup,0.0266119713967742,0.0489400447210746,0.543766797689798,0.589697145681515,convgroup,0.174144746829143,0.95,-0.455835587042643,0.801907908111817,3,analysnum7matchF1procLONGpredAB1singleT1reproduce2,reduced,_Yintonly,level,/cluster/projects/p274/projects/p040-ad_change/Berkeley/results/cortmaps/analysnum7matchF1procLONGpredAB1singleT1reproduce2/thickness/thickness_cortmapAB3_nTime2_analysnum7matchF1procLONGpredAB1singleT1reproduce2_Yintonly.csv,0,0,0,NA,lh_precentral,NA
lh_precuneus_thickness.aparcnative71,convgroup,0.0469488094024712,0.0331524676574322,1.41614826044317,0.164669819290745,convgroup,0.453530412918102,0.95,-0.184955004996045,1.08635947268676,3,analysnum7matchF1procLONGpredAB1singleT1reproduce2,reduced,_Yintonly,level,/cluster/projects/p274/projects/p040-ad_change/Berkeley/results/cortmaps/analysnum7matchF1procLONGpredAB1singleT1reproduce2/thickness/thickness_cortmapAB3_nTime2_analysnum7matchF1procLONGpredAB1singleT1reproduce2_Yintonly.csv,0,0,0,NA,lh_precuneus,NA
lh_rostralanteriorcingulate_thickness.aparcnative71,convgroup,0.0204102738300652,0.0633352633962189,0.322257660829176,0.748978680038829,convgroup,0.103205048556244,0.95,-0.525559322263086,0.730652342690175,3,analysnum7matchF1procLONGpredAB1singleT1reproduce2,reduced,_Yintonly,level,/cluster/projects/p274/projects/p040-ad_change/Berkeley/results/cortmaps/analysnum7matchF1procLONGpredAB1singleT1reproduce2/thickness/thickness_cortmapAB3_nTime2_analysnum7matchF1procLONGpredAB1singleT1reproduce2_Yintonly.csv,0,0,0,NA,lh_rostralanteriorcingulate,NA
lh_rostralmiddlefrontal_thickness.aparcnative71,convgroup,0.0832070093862788,0.0336320797600081,2.47403699027915,0.0178175094692929,convgroup,0.79232595139779,0.95,0.13591630272022,1.43931600231321,3,analysnum7matchF1procLONGpredAB1singleT1reproduce2,reduced,_Yintonly,level,/cluster/projects/p274/projects/p040-ad_change/Berkeley/results/cortmaps/analysnum7matchF1procLONGpredAB1singleT1reproduce2/thickness/thickness_cortmapAB3_nTime2_analysnum7matchF1procLONGpredAB1singleT1reproduce2_Yintonly.csv,1,1,0,#aad6e7,lh_rostralmiddlefrontal,positive_sigonly
lh_superiorfrontal_thickness.aparcnative71,convgroup,0.0774219643232034,0.0399517905147494,1.93788471869917,0.0599018021339746,convgroup,0.620619804584778,0.95,-0.0256989445066615,1.25935664619734,3,analysnum7matchF1procLONGpredAB1singleT1reproduce2,reduced,_Yintonly,level,/cluster/projects/p274/projects/p040-ad_change/Berkeley/results/cortmaps/analysnum7matchF1procLONGpredAB1singleT1reproduce2/thickness/thickness_cortmapAB3_nTime2_analysnum7matchF1procLONGpredAB1singleT1reproduce2_Yintonly.csv,0,0,0,NA,lh_superiorfrontal,NA
lh_superiorparietal_thickness.aparcnative71,convgroup,0.00152819336293103,0.0337155839396769,0.0453260238845407,0.964078740525331,convgroup,0.0145159450479136,0.95,-0.613275837713484,0.642122260607111,3,analysnum7matchF1procLONGpredAB1singleT1reproduce2,reduced,_Yintonly,level,/cluster/projects/p274/projects/p040-ad_change/Berkeley/results/cortmaps/analysnum7matchF1procLONGpredAB1singleT1reproduce2/thickness/thickness_cortmapAB3_nTime2_analysnum7matchF1procLONGpredAB1singleT1reproduce2_Yintonly.csv,0,0,0,NA,lh_superiorparietal,NA
lh_superiortemporal_thickness.aparcnative71,convgroup,-0.0180544920787242,0.031336509621161,-0.576148789287377,0.567824896917259,convgroup,-0.184515283891248,0.95,-0.812357597179166,0.445675233410305,3,analysnum7matchF1procLONGpredAB1singleT1reproduce2,reduced,_Yintonly,level,/cluster/projects/p274/projects/p040-ad_change/Berkeley/results/cortmaps/analysnum7matchF1procLONGpredAB1singleT1reproduce2/thickness/thickness_cortmapAB3_nTime2_analysnum7matchF1procLONGpredAB1singleT1reproduce2_Yintonly.csv,0,0,0,NA,lh_superiortemporal,NA
lh_supramarginal_thickness.aparcnative71,convgroup,0.0255186122082857,0.039947713350828,0.63880032341718,0.526686888646929,convgroup,0.204579832877771,0.95,-0.426040713062187,0.832599246434073,3,analysnum7matchF1procLONGpredAB1singleT1reproduce2,reduced,_Yintonly,level,/cluster/projects/p274/projects/p040-ad_change/Berkeley/results/cortmaps/analysnum7matchF1procLONGpredAB1singleT1reproduce2/thickness/thickness_cortmapAB3_nTime2_analysnum7matchF1procLONGpredAB1singleT1reproduce2_Yintonly.csv,0,0,0,NA,lh_supramarginal,NA
lh_frontalpole_thickness.aparcnative71,convgroup,-0.0426680689208414,0.0716572071126884,-0.595446998844672,0.554984553300376,convgroup,-0.190695657227554,0.95,-0.818589135647306,0.439623966886703,3,analysnum7matchF1procLONGpredAB1singleT1reproduce2,reduced,_Yintonly,level,/cluster/projects/p274/projects/p040-ad_change/Berkeley/results/cortmaps/analysnum7matchF1procLONGpredAB1singleT1reproduce2/thickness/thickness_cortmapAB3_nTime2_analysnum7matchF1procLONGpredAB1singleT1reproduce2_Yintonly.csv,0,0,0,NA,lh_frontalpole,NA
lh_temporalpole_thickness.aparcnative71,convgroup,0.0560832544282145,0.097902284813891,0.572849290849819,0.57003496973451,convgroup,0.18345859870467,0.95,-0.446710100610572,0.811292450739107,3,analysnum7matchF1procLONGpredAB1singleT1reproduce2,reduced,_Yintonly,level,/cluster/projects/p274/projects/p040-ad_change/Berkeley/results/cortmaps/analysnum7matchF1procLONGpredAB1singleT1reproduce2/thickness/thickness_cortmapAB3_nTime2_analysnum7matchF1procLONGpredAB1singleT1reproduce2_Yintonly.csv,0,0,0,NA,lh_temporalpole,NA
lh_transversetemporal_thickness.aparcnative71,convgroup,0.0161515896837001,0.067588369805309,0.238969954893503,0.812380234624149,convgroup,0.0765316353839632,0.95,-0.551876044434099,0.703962090177875,3,analysnum7matchF1procLONGpredAB1singleT1reproduce2,reduced,_Yintonly,level,/cluster/projects/p274/projects/p040-ad_change/Berkeley/results/cortmaps/analysnum7matchF1procLONGpredAB1singleT1reproduce2/thickness/thickness_cortmapAB3_nTime2_analysnum7matchF1procLONGpredAB1singleT1reproduce2_Yintonly.csv,0,0,0,NA,lh_transversetemporal,NA
lh_insula_thickness.aparcnative71,convgroup,0.0733420102905779,0.0503135016015845,1.45770037775046,0.152929184597432,convgroup,0.466837740580317,0.95,-0.172197718635141,1.10005917720256,3,analysnum7matchF1procLONGpredAB1singleT1reproduce2,reduced,_Yintonly,level,/cluster/projects/p274/projects/p040-ad_change/Berkeley/results/cortmaps/analysnum7matchF1procLONGpredAB1singleT1reproduce2/thickness/thickness_cortmapAB3_nTime2_analysnum7matchF1procLONGpredAB1singleT1reproduce2_Yintonly.csv,0,0,0,NA,lh_insula,NA
lh_MeanThickness_thickness.aparcnative71,convgroup,0.0287177836520806,0.0256626379037442,1.11905033924399,0.269963845997319,convgroup,0.358382929676193,0.95,-0.276549231596006,0.988804839343395,3,analysnum7matchF1procLONGpredAB1singleT1reproduce2,reduced,_Yintonly,level,/cluster/projects/p274/projects/p040-ad_change/Berkeley/results/cortmaps/analysnum7matchF1procLONGpredAB1singleT1reproduce2/thickness/thickness_cortmapAB3_nTime2_analysnum7matchF1procLONGpredAB1singleT1reproduce2_Yintonly.csv,0,0,0,NA,lh_MeanThickness,NA
rh_bankssts_thickness.aparcnative71,convgroup,-0.0228491669346727,0.0548577872146907,-0.416516379803117,0.679315708422689,convgroup,-0.133391997854903,0.95,-0.760925518120871,0.495842395576912,3,analysnum7matchF1procLONGpredAB1singleT1reproduce2,reduced,_Yintonly,level,/cluster/projects/p274/projects/p040-ad_change/Berkeley/results/cortmaps/analysnum7matchF1procLONGpredAB1singleT1reproduce2/thickness/thickness_cortmapAB3_nTime2_analysnum7matchF1procLONGpredAB1singleT1reproduce2_Yintonly.csv,0,0,0,NA,rh_bankssts,NA
rh_caudalanteriorcingulate_thickness.aparcnative71,convgroup,-0.0414744974745867,0.0775679803879656,-0.534685797762775,0.595902570222607,convgroup,-0.171236499323107,0.95,-0.798978928741548,0.458686358441584,3,analysnum7matchF1procLONGpredAB1singleT1reproduce2,reduced,_Yintonly,level,/cluster/projects/p274/projects/p040-ad_change/Berkeley/results/cortmaps/analysnum7matchF1procLONGpredAB1singleT1reproduce2/thickness/thickness_cortmapAB3_nTime2_analysnum7matchF1procLONGpredAB1singleT1reproduce2_Yintonly.csv,0,0,0,NA,rh_caudalanteriorcingulate,NA
rh_caudalmiddlefrontal_thickness.aparcnative71,convgroup,0.0437059393988877,0.0412603814697768,1.0592713358916,0.295992902150505,convgroup,0.339238326789942,0.95,-0.295060067710911,0.969260677418776,3,analysnum7matchF1procLONGpredAB1singleT1reproduce2,reduced,_Yintonly,level,/cluster/projects/p274/projects/p040-ad_change/Berkeley/results/cortmaps/analysnum7matchF1procLONGpredAB1singleT1reproduce2/thickness/thickness_cortmapAB3_nTime2_analysnum7matchF1procLONGpredAB1singleT1reproduce2_Yintonly.csv,0,0,0,NA,rh_caudalmiddlefrontal,NA
rh_cuneus_thickness.aparcnative71,convgroup,0.00867317102565386,0.0258076309245062,0.336070019407247,0.738619540425684,convgroup,0.107628543513844,0.95,-0.52120034855179,0.735083991409128,3,analysnum7matchF1procLONGpredAB1singleT1reproduce2,reduced,_Yintonly,level,/cluster/projects/p274/projects/p040-ad_change/Berkeley/results/cortmaps/analysnum7matchF1procLONGpredAB1singleT1reproduce2/thickness/thickness_cortmapAB3_nTime2_analysnum7matchF1procLONGpredAB1singleT1reproduce2_Yintonly.csv,0,0,0,NA,rh_cuneus,NA
rh_entorhinal_thickness.aparcnative71,convgroup,0.0759112614333994,0.0981395277154523,0.773503431293229,0.443887944514496,convgroup,0.24771935282977,0.95,-0.383929876607564,0.876226222584489,3,analysnum7matchF1procLONGpredAB1singleT1reproduce2,reduced,_Yintonly,level,/cluster/projects/p274/projects/p040-ad_change/Berkeley/results/cortmaps/analysnum7matchF1procLONGpredAB1singleT1reproduce2/thickness/thickness_cortmapAB3_nTime2_analysnum7matchF1procLONGpredAB1singleT1reproduce2_Yintonly.csv,0,0,0,NA,rh_entorhinal,NA
rh_fusiform_thickness.aparcnative71,convgroup,0.0258951069499365,0.0361561107927738,0.71620277685154,0.478133029783053,convgroup,0.229368456814628,0.95,-0.401825864794373,0.857650179135558,3,analysnum7matchF1procLONGpredAB1singleT1reproduce2,reduced,_Yintonly,level,/cluster/projects/p274/projects/p040-ad_change/Berkeley/results/cortmaps/analysnum7matchF1procLONGpredAB1singleT1reproduce2/thickness/thickness_cortmapAB3_nTime2_analysnum7matchF1procLONGpredAB1singleT1reproduce2_Yintonly.csv,0,0,0,NA,rh_fusiform,NA
rh_inferiorparietal_thickness.aparcnative71,convgroup,0.0191256817231313,0.0332002418580724,0.576070554090891,0.567877251137946,convgroup,0.184490228576096,0.95,-0.445699772330615,0.812332310678862,3,analysnum7matchF1procLONGpredAB1singleT1reproduce2,reduced,_Yintonly,level,/cluster/projects/p274/projects/p040-ad_change/Berkeley/results/cortmaps/analysnum7matchF1procLONGpredAB1singleT1reproduce2/thickness/thickness_cortmapAB3_nTime2_analysnum7matchF1procLONGpredAB1singleT1reproduce2_Yintonly.csv,0,0,0,NA,rh_inferiorparietal,NA
rh_inferiortemporal_thickness.aparcnative71,convgroup,0.00138728512410108,0.0378282490800755,0.0366732576272417,0.970932607054952,convgroup,0.0117448420757371,0.95,-0.616026391156239,0.639366015038196,3,analysnum7matchF1procLONGpredAB1singleT1reproduce2,reduced,_Yintonly,level,/cluster/projects/p274/projects/p040-ad_change/Berkeley/results/cortmaps/analysnum7matchF1procLONGpredAB1singleT1reproduce2/thickness/thickness_cortmapAB3_nTime2_analysnum7matchF1procLONGpredAB1singleT1reproduce2_Yintonly.csv,0,0,0,NA,rh_inferiortemporal,NA
rh_isthmuscingulate_thickness.aparcnative71,convgroup,-0.0278444625556849,0.0466720776147577,-0.596597879904118,0.554223478951212,convgroup,-0.191064234146151,0.95,-0.818960897384793,0.439263258423435,3,analysnum7matchF1procLONGpredAB1singleT1reproduce2,reduced,_Yintonly,level,/cluster/projects/p274/projects/p040-ad_change/Berkeley/results/cortmaps/analysnum7matchF1procLONGpredAB1singleT1reproduce2/thickness/thickness_cortmapAB3_nTime2_analysnum7matchF1procLONGpredAB1singleT1reproduce2_Yintonly.csv,0,0,0,NA,rh_isthmuscingulate,NA
rh_lateraloccipital_thickness.aparcnative71,convgroup,0.00984242982957744,0.0371794861563723,0.264727430287267,0.792613568858399,convgroup,0.08478062934693,0.95,-0.543731469290675,0.712210320804453,3,analysnum7matchF1procLONGpredAB1singleT1reproduce2,reduced,_Yintonly,level,/cluster/projects/p274/projects/p040-ad_change/Berkeley/results/cortmaps/analysnum7matchF1procLONGpredAB1singleT1reproduce2/thickness/thickness_cortmapAB3_nTime2_analysnum7matchF1procLONGpredAB1singleT1reproduce2_Yintonly.csv,0,0,0,NA,rh_lateraloccipital,NA
rh_lateralorbitofrontal_thickness.aparcnative71,convgroup,-0.010515789187818,0.0408246918643965,-0.257584043077344,0.798082259063096,convgroup,-0.0824929145352501,0.95,-0.709922320766763,0.545989716911202,3,analysnum7matchF1procLONGpredAB1singleT1reproduce2,reduced,_Yintonly,level,/cluster/projects/p274/projects/p040-ad_change/Berkeley/results/cortmaps/analysnum7matchF1procLONGpredAB1singleT1reproduce2/thickness/thickness_cortmapAB3_nTime2_analysnum7matchF1procLONGpredAB1singleT1reproduce2_Yintonly.csv,0,0,0,NA,rh_lateralorbitofrontal,NA
rh_lingual_thickness.aparcnative71,convgroup,0.0426328000218264,0.0313508150815823,1.35986257170302,0.18168343585317,convgroup,0.435504566070886,0.95,-0.202256419599883,1.06782388911932,3,analysnum7matchF1procLONGpredAB1singleT1reproduce2,reduced,_Yintonly,level,/cluster/projects/p274/projects/p040-ad_change/Berkeley/results/cortmaps/analysnum7matchF1procLONGpredAB1singleT1reproduce2/thickness/thickness_cortmapAB3_nTime2_analysnum7matchF1procLONGpredAB1singleT1reproduce2_Yintonly.csv,0,0,0,NA,rh_lingual,NA
rh_medialorbitofrontal_thickness.aparcnative71,convgroup,0.0327299804171696,0.0405042997129591,0.808061876124667,0.423956628193207,convgroup,0.258786912768236,0.95,-0.373149054172277,0.887442309291017,3,analysnum7matchF1procLONGpredAB1singleT1reproduce2,reduced,_Yintonly,level,/cluster/projects/p274/projects/p040-ad_change/Berkeley/results/cortmaps/analysnum7matchF1procLONGpredAB1singleT1reproduce2/thickness/thickness_cortmapAB3_nTime2_analysnum7matchF1procLONGpredAB1singleT1reproduce2_Yintonly.csv,0,0,0,NA,rh_medialorbitofrontal,NA
rh_middletemporal_thickness.aparcnative71,convgroup,-0.0162781149295617,0.0390371689253225,-0.416990150097755,0.678972049015845,convgroup,-0.133543725780119,0.95,-0.761077847566673,0.495693231180694,3,analysnum7matchF1procLONGpredAB1singleT1reproduce2,reduced,_Yintonly,level,/cluster/projects/p274/projects/p040-ad_change/Berkeley/results/cortmaps/analysnum7matchF1procLONGpredAB1singleT1reproduce2/thickness/thickness_cortmapAB3_nTime2_analysnum7matchF1procLONGpredAB1singleT1reproduce2_Yintonly.csv,0,0,0,NA,rh_middletemporal,NA
rh_parahippocampal_thickness.aparcnative71,convgroup,0.00202741612011548,0.0740644697338965,0.0273736668526719,0.978301296783996,convgroup,0.00876658947198771,0.95,-0.618983231614166,0.636404477302192,3,analysnum7matchF1procLONGpredAB1singleT1reproduce2,reduced,_Yintonly,level,/cluster/projects/p274/projects/p040-ad_change/Berkeley/results/cortmaps/analysnum7matchF1procLONGpredAB1singleT1reproduce2/thickness/thickness_cortmapAB3_nTime2_analysnum7matchF1procLONGpredAB1singleT1reproduce2_Yintonly.csv,0,0,0,NA,rh_parahippocampal,NA
rh_paracentral_thickness.aparcnative71,convgroup,0.038363671580137,0.0549471486588027,0.698192217731958,0.489199340365124,convgroup,0.223600461652996,0.95,-0.407456159674269,0.85181684357371,3,analysnum7matchF1procLONGpredAB1singleT1reproduce2,reduced,_Yintonly,level,/cluster/projects/p274/projects/p040-ad_change/Berkeley/results/cortmaps/analysnum7matchF1procLONGpredAB1singleT1reproduce2/thickness/thickness_cortmapAB3_nTime2_analysnum7matchF1procLONGpredAB1singleT1reproduce2_Yintonly.csv,0,0,0,NA,rh_paracentral,NA
rh_parsopercularis_thickness.aparcnative71,convgroup,0.0448935656210167,0.0374378754736619,1.19914832380379,0.23770549735813,convgroup,0.384034814458332,0.95,-0.251789383944065,1.01503670906264,3,analysnum7matchF1procLONGpredAB1singleT1reproduce2,reduced,_Yintonly,level,/cluster/projects/p274/projects/p040-ad_change/Berkeley/results/cortmaps/analysnum7matchF1procLONGpredAB1singleT1reproduce2/thickness/thickness_cortmapAB3_nTime2_analysnum7matchF1procLONGpredAB1singleT1reproduce2_Yintonly.csv,0,0,0,NA,rh_parsopercularis,NA
rh_parsorbitalis_thickness.aparcnative71,convgroup,0.00164545557867448,0.0517017394483512,0.0318259230004872,0.974773195267784,convgroup,0.0101924525864218,0.95,-0.61756747021125,0.637822210007878,3,analysnum7matchF1procLONGpredAB1singleT1reproduce2,reduced,_Yintonly,level,/cluster/projects/p274/projects/p040-ad_change/Berkeley/results/cortmaps/analysnum7matchF1procLONGpredAB1singleT1reproduce2/thickness/thickness_cortmapAB3_nTime2_analysnum7matchF1procLONGpredAB1singleT1reproduce2_Yintonly.csv,0,0,0,NA,rh_parsorbitalis,NA
rh_parstriangularis_thickness.aparcnative71,convgroup,0.028789665694002,0.0399415151561406,0.72079553270467,0.475333988934466,convgroup,0.230839315845906,0.95,-0.400390498842815,0.859138119811703,3,analysnum7matchF1procLONGpredAB1singleT1reproduce2,reduced,_Yintonly,level,/cluster/projects/p274/projects/p040-ad_change/Berkeley/results/cortmaps/analysnum7matchF1procLONGpredAB1singleT1reproduce2/thickness/thickness_cortmapAB3_nTime2_analysnum7matchF1procLONGpredAB1singleT1reproduce2_Yintonly.csv,0,0,0,NA,rh_parstriangularis,NA
rh_pericalcarine_thickness.aparcnative71,convgroup,0.036791453781854,0.0352549602292097,1.04358233685855,0.303104482982364,convgroup,0.334213825889518,0.95,-0.299922793787307,0.964136029444296,3,analysnum7matchF1procLONGpredAB1singleT1reproduce2,reduced,_Yintonly,level,/cluster/projects/p274/projects/p040-ad_change/Berkeley/results/cortmaps/analysnum7matchF1procLONGpredAB1singleT1reproduce2/thickness/thickness_cortmapAB3_nTime2_analysnum7matchF1procLONGpredAB1singleT1reproduce2_Yintonly.csv,0,0,0,NA,rh_pericalcarine,NA
rh_postcentral_thickness.aparcnative71,convgroup,0.00835980132690593,0.030931671980848,0.270266713421831,0.788380183937021,convgroup,0.0865546197104127,0.95,-0.541980637255384,0.713984853827457,3,analysnum7matchF1procLONGpredAB1singleT1reproduce2,reduced,_Yintonly,level,/cluster/projects/p274/projects/p040-ad_change/Berkeley/results/cortmaps/analysnum7matchF1procLONGpredAB1singleT1reproduce2/thickness/thickness_cortmapAB3_nTime2_analysnum7matchF1procLONGpredAB1singleT1reproduce2_Yintonly.csv,0,0,0,NA,rh_postcentral,NA
rh_posteriorcingulate_thickness.aparcnative71,convgroup,-0.0346001565679315,0.0473397752090645,-0.730889752119194,0.46921503879146,convgroup,-0.234072053283809,0.95,-0.862408992804515,0.397236425380263,3,analysnum7matchF1procLONGpredAB1singleT1reproduce2,reduced,_Yintonly,level,/cluster/projects/p274/projects/p040-ad_change/Berkeley/results/cortmaps/analysnum7matchF1procLONGpredAB1singleT1reproduce2/thickness/thickness_cortmapAB3_nTime2_analysnum7matchF1procLONGpredAB1singleT1reproduce2_Yintonly.csv,0,0,0,NA,rh_posteriorcingulate,NA
rh_precentral_thickness.aparcnative71,convgroup,0.0332067957671514,0.0526211767817105,0.631053841781301,0.531686514158457,convgroup,0.202098973272095,0.95,-0.428466726018405,0.830094790276766,3,analysnum7matchF1procLONGpredAB1singleT1reproduce2,reduced,_Yintonly,level,/cluster/projects/p274/projects/p040-ad_change/Berkeley/results/cortmaps/analysnum7matchF1procLONGpredAB1singleT1reproduce2/thickness/thickness_cortmapAB3_nTime2_analysnum7matchF1procLONGpredAB1singleT1reproduce2_Yintonly.csv,0,0,0,NA,rh_precentral,NA
rh_precuneus_thickness.aparcnative71,convgroup,0.0181244603070539,0.0286462273135519,0.632699730706935,0.530622160543521,convgroup,0.202626079582155,0.95,-0.427951224691223,0.830626857989965,3,analysnum7matchF1procLONGpredAB1singleT1reproduce2,reduced,_Yintonly,level,/cluster/projects/p274/projects/p040-ad_change/Berkeley/results/cortmaps/analysnum7matchF1procLONGpredAB1singleT1reproduce2/thickness/thickness_cortmapAB3_nTime2_analysnum7matchF1procLONGpredAB1singleT1reproduce2_Yintonly.csv,0,0,0,NA,rh_precuneus,NA
rh_rostralanteriorcingulate_thickness.aparcnative71,convgroup,-0.0254761268396544,0.07540861554476,-0.337841063061723,0.737294785571563,convgroup,-0.108195731415243,0.95,-0.735652362475946,0.52064148925697,3,analysnum7matchF1procLONGpredAB1singleT1reproduce2,reduced,_Yintonly,level,/cluster/projects/p274/projects/p040-ad_change/Berkeley/results/cortmaps/analysnum7matchF1procLONGpredAB1singleT1reproduce2/thickness/thickness_cortmapAB3_nTime2_analysnum7matchF1procLONGpredAB1singleT1reproduce2_Yintonly.csv,0,0,0,NA,rh_rostralanteriorcingulate,NA
rh_rostralmiddlefrontal_thickness.aparcnative71,convgroup,0.0476648167378354,0.031537086158244,1.5113893686521,0.138750497716128,convgroup,0.484031978565795,0.95,-0.155733320107117,1.11778053464298,3,analysnum7matchF1procLONGpredAB1singleT1reproduce2,reduced,_Yintonly,level,/cluster/projects/p274/projects/p040-ad_change/Berkeley/results/cortmaps/analysnum7matchF1procLONGpredAB1singleT1reproduce2/thickness/thickness_cortmapAB3_nTime2_analysnum7matchF1procLONGpredAB1singleT1reproduce2_Yintonly.csv,0,0,0,NA,rh_rostralmiddlefrontal,NA
rh_superiorfrontal_thickness.aparcnative71,convgroup,0.051854692272215,0.0399668529534985,1.29744246644959,0.202101431305031,convgroup,0.415514133641782,0.95,-0.221471419165841,1.04729748710952,3,analysnum7matchF1procLONGpredAB1singleT1reproduce2,reduced,_Yintonly,level,/cluster/projects/p274/projects/p040-ad_change/Berkeley/results/cortmaps/analysnum7matchF1procLONGpredAB1singleT1reproduce2/thickness/thickness_cortmapAB3_nTime2_analysnum7matchF1procLONGpredAB1singleT1reproduce2_Yintonly.csv,0,0,0,NA,rh_superiorfrontal,NA
rh_superiorparietal_thickness.aparcnative71,convgroup,0.0408773191349965,0.0369615840776059,1.10594067205477,0.275527879963045,convgroup,0.354184476068176,0.95,-0.28060636201051,0.984516347418503,3,analysnum7matchF1procLONGpredAB1singleT1reproduce2,reduced,_Yintonly,level,/cluster/projects/p274/projects/p040-ad_change/Berkeley/results/cortmaps/analysnum7matchF1procLONGpredAB1singleT1reproduce2/thickness/thickness_cortmapAB3_nTime2_analysnum7matchF1procLONGpredAB1singleT1reproduce2_Yintonly.csv,0,0,0,NA,rh_superiorparietal,NA
rh_superiortemporal_thickness.aparcnative71,convgroup,-0.0215895826914422,0.0321598696305008,-0.671320591143392,0.505973367484396,convgroup,-0.214994653742262,0.95,-0.843118417510266,0.415861249528652,3,analysnum7matchF1procLONGpredAB1singleT1reproduce2,reduced,_Yintonly,level,/cluster/projects/p274/projects/p040-ad_change/Berkeley/results/cortmaps/analysnum7matchF1procLONGpredAB1singleT1reproduce2/thickness/thickness_cortmapAB3_nTime2_analysnum7matchF1procLONGpredAB1singleT1reproduce2_Yintonly.csv,0,0,0,NA,rh_superiortemporal,NA
rh_supramarginal_thickness.aparcnative71,convgroup,0.0512007570883965,0.0338365709718166,1.51317806792665,0.138296849719313,convgroup,0.484604820790887,0.95,-0.155185149455179,1.11837132744127,3,analysnum7matchF1procLONGpredAB1singleT1reproduce2,reduced,_Yintonly,level,/cluster/projects/p274/projects/p040-ad_change/Berkeley/results/cortmaps/analysnum7matchF1procLONGpredAB1singleT1reproduce2/thickness/thickness_cortmapAB3_nTime2_analysnum7matchF1procLONGpredAB1singleT1reproduce2_Yintonly.csv,0,0,0,NA,rh_supramarginal,NA
rh_frontalpole_thickness.aparcnative71,convgroup,0.0511500835667845,0.0720772721823923,0.709656206707556,0.482138948282897,convgroup,0.227271876432804,0.95,-0.403872073273673,0.855529538627512,3,analysnum7matchF1procLONGpredAB1singleT1reproduce2,reduced,_Yintonly,level,/cluster/projects/p274/projects/p040-ad_change/Berkeley/results/cortmaps/analysnum7matchF1procLONGpredAB1singleT1reproduce2/thickness/thickness_cortmapAB3_nTime2_analysnum7matchF1procLONGpredAB1singleT1reproduce2_Yintonly.csv,0,0,0,NA,rh_frontalpole,NA
rh_temporalpole_thickness.aparcnative71,convgroup,0.103120808962154,0.0904173376290426,1.140498179511,0.261034407572005,convgroup,0.365251735806318,0.95,-0.269914503992944,0.995823928502612,3,analysnum7matchF1procLONGpredAB1singleT1reproduce2,reduced,_Yintonly,level,/cluster/projects/p274/projects/p040-ad_change/Berkeley/results/cortmaps/analysnum7matchF1procLONGpredAB1singleT1reproduce2/thickness/thickness_cortmapAB3_nTime2_analysnum7matchF1procLONGpredAB1singleT1reproduce2_Yintonly.csv,0,0,0,NA,rh_temporalpole,NA
rh_transversetemporal_thickness.aparcnative71,convgroup,-0.0364693692733319,0.0609849824074949,-0.598005735734211,0.55329318997498,convgroup,-0.191515108855944,0.95,-0.819415622742107,0.438821918169619,3,analysnum7matchF1procLONGpredAB1singleT1reproduce2,reduced,_Yintonly,level,/cluster/projects/p274/projects/p040-ad_change/Berkeley/results/cortmaps/analysnum7matchF1procLONGpredAB1singleT1reproduce2/thickness/thickness_cortmapAB3_nTime2_analysnum7matchF1procLONGpredAB1singleT1reproduce2_Yintonly.csv,0,0,0,NA,rh_transversetemporal,NA
rh_insula_thickness.aparcnative71,convgroup,0.0353934509547647,0.0535744891784091,0.660640007913103,0.512726837572267,convgroup,0.211574129593807,0.95,-0.419203553952314,0.839662676039181,3,analysnum7matchF1procLONGpredAB1singleT1reproduce2,reduced,_Yintonly,level,/cluster/projects/p274/projects/p040-ad_change/Berkeley/results/cortmaps/analysnum7matchF1procLONGpredAB1singleT1reproduce2/thickness/thickness_cortmapAB3_nTime2_analysnum7matchF1procLONGpredAB1singleT1reproduce2_Yintonly.csv,0,0,0,NA,rh_insula,NA
rh_MeanThickness_thickness.aparcnative71,convgroup,0.0231693342629417,0.0259433198457264,0.893075150008544,0.377294831032775,convgroup,0.286012949960139,0.95,-0.346667897318354,0.915074426353911,3,analysnum7matchF1procLONGpredAB1singleT1reproduce2,reduced,_Yintonly,level,/cluster/projects/p274/projects/p040-ad_change/Berkeley/results/cortmaps/analysnum7matchF1procLONGpredAB1singleT1reproduce2/thickness/thickness_cortmapAB3_nTime2_analysnum7matchF1procLONGpredAB1singleT1reproduce2_Yintonly.csv,0,0,0,NA,rh_MeanThickness,NA
lh_bankssts_thickness.aparcnative71,convgroup,-0.0186080088718013,0.0674110232106113,-0.27603807189908,0.784240203180163,convgroup,-0.0961041210214445,0.95,-0.778142327457702,0.587382917684676,4,analysnum7matchF1procLONGpredAB1singleT1reproduce2,reduced,_Yintonly,level,/cluster/projects/p274/projects/p040-ad_change/Berkeley/results/cortmaps/analysnum7matchF1procLONGpredAB1singleT1reproduce2/thickness/thickness_cortmapAB4_nTime2_analysnum7matchF1procLONGpredAB1singleT1reproduce2_Yintonly.csv,0,0,0,NA,lh_bankssts,NA
lh_caudalanteriorcingulate_thickness.aparcnative71,convgroup,-0.00336823008392886,0.0877643806386473,-0.0383780989442277,0.96961745957552,convgroup,-0.013361539008494,0.95,-0.695640123402178,0.669118723541456,4,analysnum7matchF1procLONGpredAB1singleT1reproduce2,reduced,_Yintonly,level,/cluster/projects/p274/projects/p040-ad_change/Berkeley/results/cortmaps/analysnum7matchF1procLONGpredAB1singleT1reproduce2/thickness/thickness_cortmapAB4_nTime2_analysnum7matchF1procLONGpredAB1singleT1reproduce2_Yintonly.csv,0,0,0,NA,lh_caudalanteriorcingulate,NA
lh_caudalmiddlefrontal_thickness.aparcnative71,convgroup,0.0248161849951409,0.0601534684523695,0.412547865212307,0.682605935210953,convgroup,0.143630730691371,0.95,-0.540694781096322,0.825793958972694,4,analysnum7matchF1procLONGpredAB1singleT1reproduce2,reduced,_Yintonly,level,/cluster/projects/p274/projects/p040-ad_change/Berkeley/results/cortmaps/analysnum7matchF1procLONGpredAB1singleT1reproduce2/thickness/thickness_cortmapAB4_nTime2_analysnum7matchF1procLONGpredAB1singleT1reproduce2_Yintonly.csv,0,0,0,NA,lh_caudalmiddlefrontal,NA
lh_cuneus_thickness.aparcnative71,convgroup,-0.0433334056673137,0.0533301177022542,-0.812550347427455,0.422299279026562,convgroup,-0.282893719652318,0.95,-0.966529623592392,0.40497112958618,4,analysnum7matchF1procLONGpredAB1singleT1reproduce2,reduced,_Yintonly,level,/cluster/projects/p274/projects/p040-ad_change/Berkeley/results/cortmaps/analysnum7matchF1procLONGpredAB1singleT1reproduce2/thickness/thickness_cortmapAB4_nTime2_analysnum7matchF1procLONGpredAB1singleT1reproduce2_Yintonly.csv,0,0,0,NA,lh_cuneus,NA
lh_entorhinal_thickness.aparcnative71,convgroup,0.236847243920705,0.109468284309182,2.16361520065258,0.0378329795851409,convgroup,0.753274125039435,0.95,0.0419738484211209,1.45392770498534,4,analysnum7matchF1procLONGpredAB1singleT1reproduce2,reduced,_Yintonly,level,/cluster/projects/p274/projects/p040-ad_change/Berkeley/results/cortmaps/analysnum7matchF1procLONGpredAB1singleT1reproduce2/thickness/thickness_cortmapAB4_nTime2_analysnum7matchF1procLONGpredAB1singleT1reproduce2_Yintonly.csv,1,1,0,#aad6e7,lh_entorhinal,positive_sigonly
lh_fusiform_thickness.aparcnative71,convgroup,-0.000758120233395445,0.0417780566912096,-0.0181463738009374,0.985631357116766,convgroup,-0.00631775643072615,0.95,-0.688643692855626,0.676103489425196,4,analysnum7matchF1procLONGpredAB1singleT1reproduce2,reduced,_Yintonly,level,/cluster/projects/p274/projects/p040-ad_change/Berkeley/results/cortmaps/analysnum7matchF1procLONGpredAB1singleT1reproduce2/thickness/thickness_cortmapAB4_nTime2_analysnum7matchF1procLONGpredAB1singleT1reproduce2_Yintonly.csv,0,0,0,NA,lh_fusiform,NA
lh_inferiorparietal_thickness.aparcnative71,convgroup,-0.0371376547733132,0.0448189038125464,-0.828615865498188,0.413275013257842,convgroup,-0.288487015107253,0.95,-0.972216472974712,0.399553329102777,4,analysnum7matchF1procLONGpredAB1singleT1reproduce2,reduced,_Yintonly,level,/cluster/projects/p274/projects/p040-ad_change/Berkeley/results/cortmaps/analysnum7matchF1procLONGpredAB1singleT1reproduce2/thickness/thickness_cortmapAB4_nTime2_analysnum7matchF1procLONGpredAB1singleT1reproduce2_Yintonly.csv,0,0,0,NA,lh_inferiorparietal,NA
lh_inferiortemporal_thickness.aparcnative71,convgroup,-0.041290624718848,0.0435089573851277,-0.949014345560072,0.349511976764236,convgroup,-0.330404385486856,0.95,-1.01491968089695,0.359033067341896,4,analysnum7matchF1procLONGpredAB1singleT1reproduce2,reduced,_Yintonly,level,/cluster/projects/p274/projects/p040-ad_change/Berkeley/results/cortmaps/analysnum7matchF1procLONGpredAB1singleT1reproduce2/thickness/thickness_cortmapAB4_nTime2_analysnum7matchF1procLONGpredAB1singleT1reproduce2_Yintonly.csv,0,0,0,NA,lh_inferiortemporal,NA
lh_isthmuscingulate_thickness.aparcnative71,convgroup,0.0423996949398473,0.0563565742624649,0.752346917723967,0.457175721431515,convgroup,0.261933575805765,0.95,-0.425296162580207,0.945242527260555,4,analysnum7matchF1procLONGpredAB1singleT1reproduce2,reduced,_Yintonly,level,/cluster/projects/p274/projects/p040-ad_change/Berkeley/results/cortmaps/analysnum7matchF1procLONGpredAB1singleT1reproduce2/thickness/thickness_cortmapAB4_nTime2_analysnum7matchF1procLONGpredAB1singleT1reproduce2_Yintonly.csv,0,0,0,NA,lh_isthmuscingulate,NA
lh_lateraloccipital_thickness.aparcnative71,convgroup,0.0152448811645467,0.0561506791807532,0.271499497191696,0.787698166461804,convgroup,0.0945239921285619,0.95,-0.588938403155429,0.776561372121818,4,analysnum7matchF1procLONGpredAB1singleT1reproduce2,reduced,_Yintonly,level,/cluster/projects/p274/projects/p040-ad_change/Berkeley/results/cortmaps/analysnum7matchF1procLONGpredAB1singleT1reproduce2/thickness/thickness_cortmapAB4_nTime2_analysnum7matchF1procLONGpredAB1singleT1reproduce2_Yintonly.csv,0,0,0,NA,lh_lateraloccipital,NA
lh_lateralorbitofrontal_thickness.aparcnative71,convgroup,0.00143351648042317,0.0359359909002911,0.03989082934712,0.968420528023249,convgroup,0.0138882041337508,0.95,-0.668596630301425,0.696163445688135,4,analysnum7matchF1procLONGpredAB1singleT1reproduce2,reduced,_Yintonly,level,/cluster/projects/p274/projects/p040-ad_change/Berkeley/results/cortmaps/analysnum7matchF1procLONGpredAB1singleT1reproduce2/thickness/thickness_cortmapAB4_nTime2_analysnum7matchF1procLONGpredAB1singleT1reproduce2_Yintonly.csv,0,0,0,NA,lh_lateralorbitofrontal,NA
lh_lingual_thickness.aparcnative71,convgroup,-0.072688649130111,0.0367695500983133,-1.97687077855884,0.0564614181976912,convgroup,-0.688258062517678,0.95,-1.3854755393948,0.0187900555637097,4,analysnum7matchF1procLONGpredAB1singleT1reproduce2,reduced,_Yintonly,level,/cluster/projects/p274/projects/p040-ad_change/Berkeley/results/cortmaps/analysnum7matchF1procLONGpredAB1singleT1reproduce2/thickness/thickness_cortmapAB4_nTime2_analysnum7matchF1procLONGpredAB1singleT1reproduce2_Yintonly.csv,0,0,0,NA,lh_lingual,NA
lh_medialorbitofrontal_thickness.aparcnative71,convgroup,0.0461690056976393,0.0496890704066439,0.929158169388214,0.359554305779582,convgroup,0.323491352278375,0.95,-0.365705801218774,1.00786686881814,4,analysnum7matchF1procLONGpredAB1singleT1reproduce2,reduced,_Yintonly,level,/cluster/projects/p274/projects/p040-ad_change/Berkeley/results/cortmaps/analysnum7matchF1procLONGpredAB1singleT1reproduce2/thickness/thickness_cortmapAB4_nTime2_analysnum7matchF1procLONGpredAB1singleT1reproduce2_Yintonly.csv,0,0,0,NA,lh_medialorbitofrontal,NA
lh_middletemporal_thickness.aparcnative71,convgroup,-0.0445074380556626,0.0527839873953624,-0.843199618897549,0.405187349121648,convgroup,-0.293564426320846,0.95,-0.977381161674606,0.39463756076309,4,analysnum7matchF1procLONGpredAB1singleT1reproduce2,reduced,_Yintonly,level,/cluster/projects/p274/projects/p040-ad_change/Berkeley/results/cortmaps/analysnum7matchF1procLONGpredAB1singleT1reproduce2/thickness/thickness_cortmapAB4_nTime2_analysnum7matchF1procLONGpredAB1singleT1reproduce2_Yintonly.csv,0,0,0,NA,lh_middletemporal,NA
lh_parahippocampal_thickness.aparcnative71,convgroup,0.0474693273579199,0.134082168467005,0.354031620316472,0.725567333163268,convgroup,0.123257989197778,0.95,-0.560684962097858,0.805344141408645,4,analysnum7matchF1procLONGpredAB1singleT1reproduce2,reduced,_Yintonly,level,/cluster/projects/p274/projects/p040-ad_change/Berkeley/results/cortmaps/analysnum7matchF1procLONGpredAB1singleT1reproduce2/thickness/thickness_cortmapAB4_nTime2_analysnum7matchF1procLONGpredAB1singleT1reproduce2_Yintonly.csv,0,0,0,NA,lh_parahippocampal,NA
lh_paracentral_thickness.aparcnative71,convgroup,0.0570623995922628,0.0776506891221643,0.734860182663533,0.467615051883448,convgroup,0.255845476106487,0.95,-0.431206574627619,0.939066310537612,4,analysnum7matchF1procLONGpredAB1singleT1reproduce2,reduced,_Yintonly,level,/cluster/projects/p274/projects/p040-ad_change/Berkeley/results/cortmaps/analysnum7matchF1procLONGpredAB1singleT1reproduce2/thickness/thickness_cortmapAB4_nTime2_analysnum7matchF1procLONGpredAB1singleT1reproduce2_Yintonly.csv,0,0,0,NA,lh_paracentral,NA
lh_parsopercularis_thickness.aparcnative71,convgroup,0.0252956034314702,0.0549718218359591,0.460155814136097,0.648422110958888,convgroup,0.160205690998395,0.95,-0.524456696559997,0.842457689822772,4,analysnum7matchF1procLONGpredAB1singleT1reproduce2,reduced,_Yintonly,level,/cluster/projects/p274/projects/p040-ad_change/Berkeley/results/cortmaps/analysnum7matchF1procLONGpredAB1singleT1reproduce2/thickness/thickness_cortmapAB4_nTime2_analysnum7matchF1procLONGpredAB1singleT1reproduce2_Yintonly.csv,0,0,0,NA,lh_parsopercularis,NA
lh_parsorbitalis_thickness.aparcnative71,convgroup,0.012577186699473,0.0664283086800733,0.18933474221128,0.850990197396655,convgroup,0.0659178962302319,0.95,-0.6171350278074,0.747976533740982,4,analysnum7matchF1procLONGpredAB1singleT1reproduce2,reduced,_Yintonly,level,/cluster/projects/p274/projects/p040-ad_change/Berkeley/results/cortmaps/analysnum7matchF1procLONGpredAB1singleT1reproduce2/thickness/thickness_cortmapAB4_nTime2_analysnum7matchF1procLONGpredAB1singleT1reproduce2_Yintonly.csv,0,0,0,NA,lh_parsorbitalis,NA
lh_parstriangularis_thickness.aparcnative71,convgroup,-0.0281385323895446,0.0514555371337936,-0.546851397476997,0.588159932123621,convgroup,-0.190389218857786,0.95,-0.872862909480671,0.494945434551524,4,analysnum7matchF1procLONGpredAB1singleT1reproduce2,reduced,_Yintonly,level,/cluster/projects/p274/projects/p040-ad_change/Berkeley/results/cortmaps/analysnum7matchF1procLONGpredAB1singleT1reproduce2/thickness/thickness_cortmapAB4_nTime2_analysnum7matchF1procLONGpredAB1singleT1reproduce2_Yintonly.csv,0,0,0,NA,lh_parstriangularis,NA
lh_pericalcarine_thickness.aparcnative71,convgroup,0.0019645830885686,0.042659861184423,0.0460522616347837,0.963546160008741,convgroup,0.0160333395136833,0.95,-0.666470418045718,0.698295100245342,4,analysnum7matchF1procLONGpredAB1singleT1reproduce2,reduced,_Yintonly,level,/cluster/projects/p274/projects/p040-ad_change/Berkeley/results/cortmaps/analysnum7matchF1procLONGpredAB1singleT1reproduce2/thickness/thickness_cortmapAB4_nTime2_analysnum7matchF1procLONGpredAB1singleT1reproduce2_Yintonly.csv,0,0,0,NA,lh_pericalcarine,NA
lh_postcentral_thickness.aparcnative71,convgroup,0.0128705128759586,0.0474453879307029,0.271270052523479,0.787873098487185,convgroup,0.0944441097485326,0.95,-0.589017063681192,0.776481462145106,4,analysnum7matchF1procLONGpredAB1singleT1reproduce2,reduced,_Yintonly,level,/cluster/projects/p274/projects/p040-ad_change/Berkeley/results/cortmaps/analysnum7matchF1procLONGpredAB1singleT1reproduce2/thickness/thickness_cortmapAB4_nTime2_analysnum7matchF1procLONGpredAB1singleT1reproduce2_Yintonly.csv,0,0,0,NA,lh_postcentral,NA
lh_posteriorcingulate_thickness.aparcnative71,convgroup,0.114005937917392,0.0538599696295598,2.11671002975877,0.0419106001754789,convgroup,0.736943840636646,0.95,0.0267409126611216,1.43670252053014,4,analysnum7matchF1procLONGpredAB1singleT1reproduce2,reduced,_Yintonly,level,/cluster/projects/p274/projects/p040-ad_change/Berkeley/results/cortmaps/analysnum7matchF1procLONGpredAB1singleT1reproduce2/thickness/thickness_cortmapAB4_nTime2_analysnum7matchF1procLONGpredAB1singleT1reproduce2_Yintonly.csv,1,1,0,#aad6e7,lh_posteriorcingulate,positive_sigonly
lh_precentral_thickness.aparcnative71,convgroup,0.0480911486289275,0.0662421065914265,0.725990628974831,0.47296245423153,convgroup,0.252757493875483,0.95,-0.434205570983058,0.935934922946599,4,analysnum7matchF1procLONGpredAB1singleT1reproduce2,reduced,_Yintonly,level,/cluster/projects/p274/projects/p040-ad_change/Berkeley/results/cortmaps/analysnum7matchF1procLONGpredAB1singleT1reproduce2/thickness/thickness_cortmapAB4_nTime2_analysnum7matchF1procLONGpredAB1singleT1reproduce2_Yintonly.csv,0,0,0,NA,lh_precentral,NA
lh_precuneus_thickness.aparcnative71,convgroup,0.0341641074220106,0.0486884713769083,0.70168782169271,0.487793412692102,convgroup,0.244296342425853,0.95,-0.442426951699343,0.927358861458548,4,analysnum7matchF1procLONGpredAB1singleT1reproduce2,reduced,_Yintonly,level,/cluster/projects/p274/projects/p040-ad_change/Berkeley/results/cortmaps/analysnum7matchF1procLONGpredAB1singleT1reproduce2/thickness/thickness_cortmapAB4_nTime2_analysnum7matchF1procLONGpredAB1singleT1reproduce2_Yintonly.csv,0,0,0,NA,lh_precuneus,NA
lh_rostralanteriorcingulate_thickness.aparcnative71,convgroup,0.00103892816569844,0.0802268971628216,0.0129498734519163,0.989745760113428,convgroup,0.00450856723086503,0.95,-0.67789822053073,0.68684727912848,4,analysnum7matchF1procLONGpredAB1singleT1reproduce2,reduced,_Yintonly,level,/cluster/projects/p274/projects/p040-ad_change/Berkeley/results/cortmaps/analysnum7matchF1procLONGpredAB1singleT1reproduce2/thickness/thickness_cortmapAB4_nTime2_analysnum7matchF1procLONGpredAB1singleT1reproduce2_Yintonly.csv,0,0,0,NA,lh_rostralanteriorcingulate,NA
lh_rostralmiddlefrontal_thickness.aparcnative71,convgroup,0.0676326132779795,0.0457745195143835,1.47751661831704,0.149018384785242,convgroup,0.514405259104441,0.95,-0.182837317826759,1.20412260595868,4,analysnum7matchF1procLONGpredAB1singleT1reproduce2,reduced,_Yintonly,level,/cluster/projects/p274/projects/p040-ad_change/Berkeley/results/cortmaps/analysnum7matchF1procLONGpredAB1singleT1reproduce2/thickness/thickness_cortmapAB4_nTime2_analysnum7matchF1procLONGpredAB1singleT1reproduce2_Yintonly.csv,0,0,0,NA,lh_rostralmiddlefrontal,NA
lh_superiorfrontal_thickness.aparcnative71,convgroup,0.085204787623692,0.0566675278909809,1.50359104755041,0.142197646761747,convgroup,0.523483210147095,0.95,-0.174213829055316,1.21353056866681,4,analysnum7matchF1procLONGpredAB1singleT1reproduce2,reduced,_Yintonly,level,/cluster/projects/p274/projects/p040-ad_change/Berkeley/results/cortmaps/analysnum7matchF1procLONGpredAB1singleT1reproduce2/thickness/thickness_cortmapAB4_nTime2_analysnum7matchF1procLONGpredAB1singleT1reproduce2_Yintonly.csv,0,0,0,NA,lh_superiorfrontal,NA
lh_superiorparietal_thickness.aparcnative71,convgroup,0.00363770627226631,0.0465337370742439,0.0781735252954733,0.93816211486205,convgroup,0.0272165280824589,0.95,-0.655392045061005,0.709414417026725,4,analysnum7matchF1procLONGpredAB1singleT1reproduce2,reduced,_Yintonly,level,/cluster/projects/p274/projects/p040-ad_change/Berkeley/results/cortmaps/analysnum7matchF1procLONGpredAB1singleT1reproduce2/thickness/thickness_cortmapAB4_nTime2_analysnum7matchF1procLONGpredAB1singleT1reproduce2_Yintonly.csv,0,0,0,NA,lh_superiorparietal,NA
lh_superiortemporal_thickness.aparcnative71,convgroup,-0.00717519586232393,0.0411365521011713,-0.174423851680064,0.862598075259078,convgroup,-0.0607265904864597,0.95,-0.742796483625928,0.622259376355206,4,analysnum7matchF1procLONGpredAB1singleT1reproduce2,reduced,_Yintonly,level,/cluster/projects/p274/projects/p040-ad_change/Berkeley/results/cortmaps/analysnum7matchF1procLONGpredAB1singleT1reproduce2/thickness/thickness_cortmapAB4_nTime2_analysnum7matchF1procLONGpredAB1singleT1reproduce2_Yintonly.csv,0,0,0,NA,lh_superiortemporal,NA
lh_supramarginal_thickness.aparcnative71,convgroup,0.00790518222719036,0.0499679740937975,0.158204977699339,0.875259441865053,convgroup,0.0550799033568486,0.95,-0.627835816368455,0.737164667630251,4,analysnum7matchF1procLONGpredAB1singleT1reproduce2,reduced,_Yintonly,level,/cluster/projects/p274/projects/p040-ad_change/Berkeley/results/cortmaps/analysnum7matchF1procLONGpredAB1singleT1reproduce2/thickness/thickness_cortmapAB4_nTime2_analysnum7matchF1procLONGpredAB1singleT1reproduce2_Yintonly.csv,0,0,0,NA,lh_supramarginal,NA
lh_frontalpole_thickness.aparcnative71,convgroup,0.00536524902851176,0.0870076030760692,0.0616641401306161,0.951202266993812,convgroup,0.0214686979409227,0.95,-0.661084673411319,0.703698096934177,4,analysnum7matchF1procLONGpredAB1singleT1reproduce2,reduced,_Yintonly,level,/cluster/projects/p274/projects/p040-ad_change/Berkeley/results/cortmaps/analysnum7matchF1procLONGpredAB1singleT1reproduce2/thickness/thickness_cortmapAB4_nTime2_analysnum7matchF1procLONGpredAB1singleT1reproduce2_Yintonly.csv,0,0,0,NA,lh_frontalpole,NA
lh_temporalpole_thickness.aparcnative71,convgroup,0.0186884133082192,0.128773572845852,0.145126153567162,0.885494058087586,convgroup,0.0505264412616763,0.95,-0.632334602787066,0.732625235655715,4,analysnum7matchF1procLONGpredAB1singleT1reproduce2,reduced,_Yintonly,level,/cluster/projects/p274/projects/p040-ad_change/Berkeley/results/cortmaps/analysnum7matchF1procLONGpredAB1singleT1reproduce2/thickness/thickness_cortmapAB4_nTime2_analysnum7matchF1procLONGpredAB1singleT1reproduce2_Yintonly.csv,0,0,0,NA,lh_temporalpole,NA
lh_transversetemporal_thickness.aparcnative71,convgroup,0.034886935132112,0.0942934721994965,0.369982505875929,0.713759506232308,convgroup,0.128811374734994,0.95,-0.55523239548106,0.810914990253425,4,analysnum7matchF1procLONGpredAB1singleT1reproduce2,reduced,_Yintonly,level,/cluster/projects/p274/projects/p040-ad_change/Berkeley/results/cortmaps/analysnum7matchF1procLONGpredAB1singleT1reproduce2/thickness/thickness_cortmapAB4_nTime2_analysnum7matchF1procLONGpredAB1singleT1reproduce2_Yintonly.csv,0,0,0,NA,lh_transversetemporal,NA
lh_insula_thickness.aparcnative71,convgroup,0.044281932188713,0.0584938858257017,0.75703522793242,0.454400306706622,convgroup,0.263565835908726,0.95,-0.423711994856413,0.946898904388994,4,analysnum7matchF1procLONGpredAB1singleT1reproduce2,reduced,_Yintonly,level,/cluster/projects/p274/projects/p040-ad_change/Berkeley/results/cortmaps/analysnum7matchF1procLONGpredAB1singleT1reproduce2/thickness/thickness_cortmapAB4_nTime2_analysnum7matchF1procLONGpredAB1singleT1reproduce2_Yintonly.csv,0,0,0,NA,lh_insula,NA
lh_MeanThickness_thickness.aparcnative71,convgroup,0.0179323265468875,0.0346250138972709,0.517900919840524,0.607982338773988,convgroup,0.180309956286276,0.95,-0.504791788763514,0.86270097628116,4,analysnum7matchF1procLONGpredAB1singleT1reproduce2,reduced,_Yintonly,level,/cluster/projects/p274/projects/p040-ad_change/Berkeley/results/cortmaps/analysnum7matchF1procLONGpredAB1singleT1reproduce2/thickness/thickness_cortmapAB4_nTime2_analysnum7matchF1procLONGpredAB1singleT1reproduce2_Yintonly.csv,0,0,0,NA,lh_MeanThickness,NA
rh_bankssts_thickness.aparcnative71,convgroup,-0.0736898502823306,0.0789187397980312,-0.933743372878452,0.357218639832168,convgroup,-0.325087715229696,0.95,-1.00949504727346,0.364164572205889,4,analysnum7matchF1procLONGpredAB1singleT1reproduce2,reduced,_Yintonly,level,/cluster/projects/p274/projects/p040-ad_change/Berkeley/results/cortmaps/analysnum7matchF1procLONGpredAB1singleT1reproduce2/thickness/thickness_cortmapAB4_nTime2_analysnum7matchF1procLONGpredAB1singleT1reproduce2_Yintonly.csv,0,0,0,NA,rh_bankssts,NA
rh_caudalanteriorcingulate_thickness.aparcnative71,convgroup,0.0383264850374269,0.0813248547353397,0.471276403285995,0.640544206973139,convgroup,0.164077383182516,0.95,-0.520667003313282,0.846353474009253,4,analysnum7matchF1procLONGpredAB1singleT1reproduce2,reduced,_Yintonly,level,/cluster/projects/p274/projects/p040-ad_change/Berkeley/results/cortmaps/analysnum7matchF1procLONGpredAB1singleT1reproduce2/thickness/thickness_cortmapAB4_nTime2_analysnum7matchF1procLONGpredAB1singleT1reproduce2_Yintonly.csv,0,0,0,NA,rh_caudalanteriorcingulate,NA
rh_caudalmiddlefrontal_thickness.aparcnative71,convgroup,0.00906602146589201,0.0493852344577595,0.183577572637554,0.855468205657551,convgroup,0.0639135070615646,0.95,-0.619113268445826,0.745976197571656,4,analysnum7matchF1procLONGpredAB1singleT1reproduce2,reduced,_Yintonly,level,/cluster/projects/p274/projects/p040-ad_change/Berkeley/results/cortmaps/analysnum7matchF1procLONGpredAB1singleT1reproduce2/thickness/thickness_cortmapAB4_nTime2_analysnum7matchF1procLONGpredAB1singleT1reproduce2_Yintonly.csv,0,0,0,NA,rh_caudalmiddlefrontal,NA
rh_cuneus_thickness.aparcnative71,convgroup,-0.0291788325300137,0.0423233816168416,-0.689425830718656,0.495374939714891,convgroup,-0.240027265133627,0.95,-0.923034245935166,0.446577264830144,4,analysnum7matchF1procLONGpredAB1singleT1reproduce2,reduced,_Yintonly,level,/cluster/projects/p274/projects/p040-ad_change/Berkeley/results/cortmaps/analysnum7matchF1procLONGpredAB1singleT1reproduce2/thickness/thickness_cortmapAB4_nTime2_analysnum7matchF1procLONGpredAB1singleT1reproduce2_Yintonly.csv,0,0,0,NA,rh_cuneus,NA
rh_entorhinal_thickness.aparcnative71,convgroup,0.0629987968552424,0.143891996871601,0.437820019354225,0.664369169480011,convgroup,0.152429365399324,0.95,-0.532072135490794,0.834636775208464,4,analysnum7matchF1procLONGpredAB1singleT1reproduce2,reduced,_Yintonly,level,/cluster/projects/p274/projects/p040-ad_change/Berkeley/results/cortmaps/analysnum7matchF1procLONGpredAB1singleT1reproduce2/thickness/thickness_cortmapAB4_nTime2_analysnum7matchF1procLONGpredAB1singleT1reproduce2_Yintonly.csv,0,0,0,NA,rh_entorhinal,NA
rh_fusiform_thickness.aparcnative71,convgroup,-0.002569179221893,0.0529384965856241,-0.0485313975197149,0.961585283160871,convgroup,-0.0168964638409723,0.95,-0.699152912580207,0.665614984779433,4,analysnum7matchF1procLONGpredAB1singleT1reproduce2,reduced,_Yintonly,level,/cluster/projects/p274/projects/p040-ad_change/Berkeley/results/cortmaps/analysnum7matchF1procLONGpredAB1singleT1reproduce2/thickness/thickness_cortmapAB4_nTime2_analysnum7matchF1procLONGpredAB1singleT1reproduce2_Yintonly.csv,0,0,0,NA,rh_fusiform,NA
rh_inferiorparietal_thickness.aparcnative71,convgroup,-0.00876146649037151,0.0440696233754394,-0.198809652075547,0.843631477558505,convgroup,-0.0692166364293582,0.95,-0.751269222149535,0.613879992631554,4,analysnum7matchF1procLONGpredAB1singleT1reproduce2,reduced,_Yintonly,level,/cluster/projects/p274/projects/p040-ad_change/Berkeley/results/cortmaps/analysnum7matchF1procLONGpredAB1singleT1reproduce2/thickness/thickness_cortmapAB4_nTime2_analysnum7matchF1procLONGpredAB1singleT1reproduce2_Yintonly.csv,0,0,0,NA,rh_inferiorparietal,NA
rh_inferiortemporal_thickness.aparcnative71,convgroup,-0.0229272722256277,0.0541382947776888,-0.423494539674278,0.674682026252061,convgroup,-0.147441873553071,0.95,-0.829623417765467,0.536959099127527,4,analysnum7matchF1procLONGpredAB1singleT1reproduce2,reduced,_Yintonly,level,/cluster/projects/p274/projects/p040-ad_change/Berkeley/results/cortmaps/analysnum7matchF1procLONGpredAB1singleT1reproduce2/thickness/thickness_cortmapAB4_nTime2_analysnum7matchF1procLONGpredAB1singleT1reproduce2_Yintonly.csv,0,0,0,NA,rh_inferiortemporal,NA
rh_isthmuscingulate_thickness.aparcnative71,convgroup,-0.0293047397804225,0.0575815458607236,-0.508925895308609,0.614190260762219,convgroup,-0.177185253820955,0.95,-0.859552372546959,0.507845987409218,4,analysnum7matchF1procLONGpredAB1singleT1reproduce2,reduced,_Yintonly,level,/cluster/projects/p274/projects/p040-ad_change/Berkeley/results/cortmaps/analysnum7matchF1procLONGpredAB1singleT1reproduce2/thickness/thickness_cortmapAB4_nTime2_analysnum7matchF1procLONGpredAB1singleT1reproduce2_Yintonly.csv,0,0,0,NA,rh_isthmuscingulate,NA
rh_lateraloccipital_thickness.aparcnative71,convgroup,-0.00869813252910541,0.0513839694310121,-0.169277162224368,0.866612040832968,convgroup,-0.0589347432137008,0.95,-0.74100902873392,0.624028648802331,4,analysnum7matchF1procLONGpredAB1singleT1reproduce2,reduced,_Yintonly,level,/cluster/projects/p274/projects/p040-ad_change/Berkeley/results/cortmaps/analysnum7matchF1procLONGpredAB1singleT1reproduce2/thickness/thickness_cortmapAB4_nTime2_analysnum7matchF1procLONGpredAB1singleT1reproduce2_Yintonly.csv,0,0,0,NA,rh_lateraloccipital,NA
rh_lateralorbitofrontal_thickness.aparcnative71,convgroup,-0.0350576525352566,0.0398647206332353,-0.879415482621719,0.385535202159563,convgroup,-0.306173171651875,0.95,-0.990216006082568,0.382439187705929,4,analysnum7matchF1procLONGpredAB1singleT1reproduce2,reduced,_Yintonly,level,/cluster/projects/p274/projects/p040-ad_change/Berkeley/results/cortmaps/analysnum7matchF1procLONGpredAB1singleT1reproduce2/thickness/thickness_cortmapAB4_nTime2_analysnum7matchF1procLONGpredAB1singleT1reproduce2_Yintonly.csv,0,0,0,NA,rh_lateralorbitofrontal,NA
rh_lingual_thickness.aparcnative71,convgroup,-0.018014600326854,0.0398381077238251,-0.452195180848923,0.654086936419854,convgroup,-0.157434154233287,0.95,-0.839669652691838,0.527170328592573,4,analysnum7matchF1procLONGpredAB1singleT1reproduce2,reduced,_Yintonly,level,/cluster/projects/p274/projects/p040-ad_change/Berkeley/results/cortmaps/analysnum7matchF1procLONGpredAB1singleT1reproduce2/thickness/thickness_cortmapAB4_nTime2_analysnum7matchF1procLONGpredAB1singleT1reproduce2_Yintonly.csv,0,0,0,NA,rh_lingual,NA
rh_medialorbitofrontal_thickness.aparcnative71,convgroup,0.023246207524685,0.0463052749179424,0.502020721524267,0.61898628634024,convgroup,0.174781180888265,0.95,-0.510196345184715,0.857130553488423,4,analysnum7matchF1procLONGpredAB1singleT1reproduce2,reduced,_Yintonly,level,/cluster/projects/p274/projects/p040-ad_change/Berkeley/results/cortmaps/analysnum7matchF1procLONGpredAB1singleT1reproduce2/thickness/thickness_cortmapAB4_nTime2_analysnum7matchF1procLONGpredAB1singleT1reproduce2_Yintonly.csv,0,0,0,NA,rh_medialorbitofrontal,NA
rh_middletemporal_thickness.aparcnative71,convgroup,-0.0117612587147235,0.0556367085231312,-0.211393862558094,0.833880051645935,convgroup,-0.0735978961550677,0.95,-0.755643944067111,0.609558179324233,4,analysnum7matchF1procLONGpredAB1singleT1reproduce2,reduced,_Yintonly,level,/cluster/projects/p274/projects/p040-ad_change/Berkeley/results/cortmaps/analysnum7matchF1procLONGpredAB1singleT1reproduce2/thickness/thickness_cortmapAB4_nTime2_analysnum7matchF1procLONGpredAB1singleT1reproduce2_Yintonly.csv,0,0,0,NA,rh_middletemporal,NA
rh_parahippocampal_thickness.aparcnative71,convgroup,-0.00670769665350705,0.11099309046497,-0.0604334614470803,0.952174927606178,convgroup,-0.0210402306199936,0.95,-0.703272084455135,0.661509110212085,4,analysnum7matchF1procLONGpredAB1singleT1reproduce2,reduced,_Yintonly,level,/cluster/projects/p274/projects/p040-ad_change/Berkeley/results/cortmaps/analysnum7matchF1procLONGpredAB1singleT1reproduce2/thickness/thickness_cortmapAB4_nTime2_analysnum7matchF1procLONGpredAB1singleT1reproduce2_Yintonly.csv,0,0,0,NA,rh_parahippocampal,NA
rh_paracentral_thickness.aparcnative71,convgroup,0.0408385036808479,0.0774353529630838,0.527388358393834,0.601451980835205,convgroup,0.183613058415044,0.95,-0.501564149128364,0.866030214120254,4,analysnum7matchF1procLONGpredAB1singleT1reproduce2,reduced,_Yintonly,level,/cluster/projects/p274/projects/p040-ad_change/Berkeley/results/cortmaps/analysnum7matchF1procLONGpredAB1singleT1reproduce2/thickness/thickness_cortmapAB4_nTime2_analysnum7matchF1procLONGpredAB1singleT1reproduce2_Yintonly.csv,0,0,0,NA,rh_paracentral,NA
rh_parsopercularis_thickness.aparcnative71,convgroup,0.0798658306852884,0.0484778269261068,1.64747134410594,0.108952113636194,convgroup,0.573575899672291,0.95,-0.126744082600252,1.26556709040986,4,analysnum7matchF1procLONGpredAB1singleT1reproduce2,reduced,_Yintonly,level,/cluster/projects/p274/projects/p040-ad_change/Berkeley/results/cortmaps/analysnum7matchF1procLONGpredAB1singleT1reproduce2/thickness/thickness_cortmapAB4_nTime2_analysnum7matchF1procLONGpredAB1singleT1reproduce2_Yintonly.csv,0,0,0,NA,rh_parsopercularis,NA
rh_parsorbitalis_thickness.aparcnative71,convgroup,-0.0188572840469961,0.0554921428349729,-0.339818992088221,0.736146302806647,convgroup,-0.118309787183891,0.95,-0.800382517406287,0.565545471321866,4,analysnum7matchF1procLONGpredAB1singleT1reproduce2,reduced,_Yintonly,level,/cluster/projects/p274/projects/p040-ad_change/Berkeley/results/cortmaps/analysnum7matchF1procLONGpredAB1singleT1reproduce2/thickness/thickness_cortmapAB4_nTime2_analysnum7matchF1procLONGpredAB1singleT1reproduce2_Yintonly.csv,0,0,0,NA,rh_parsorbitalis,NA
rh_parstriangularis_thickness.aparcnative71,convgroup,-0.0116003267005822,0.0626653927202255,-0.185115359483547,0.854271610069305,convgroup,-0.0644488957205843,0.95,-0.746510511121269,0.618584762666346,4,analysnum7matchF1procLONGpredAB1singleT1reproduce2,reduced,_Yintonly,level,/cluster/projects/p274/projects/p040-ad_change/Berkeley/results/cortmaps/analysnum7matchF1procLONGpredAB1singleT1reproduce2/thickness/thickness_cortmapAB4_nTime2_analysnum7matchF1procLONGpredAB1singleT1reproduce2_Yintonly.csv,0,0,0,NA,rh_parstriangularis,NA
rh_pericalcarine_thickness.aparcnative71,convgroup,0.0261802539007534,0.0468274274157822,0.559079482806051,0.579882173942699,convgroup,0.194646491719602,0.95,-0.490789214911599,0.877157721671828,4,analysnum7matchF1procLONGpredAB1singleT1reproduce2,reduced,_Yintonly,level,/cluster/projects/p274/projects/p040-ad_change/Berkeley/results/cortmaps/analysnum7matchF1procLONGpredAB1singleT1reproduce2/thickness/thickness_cortmapAB4_nTime2_analysnum7matchF1procLONGpredAB1singleT1reproduce2_Yintonly.csv,0,0,0,NA,rh_pericalcarine,NA
rh_postcentral_thickness.aparcnative71,convgroup,0.000263656506428291,0.0424225389412873,0.00621501006323999,0.995078591552758,convgroup,0.00216378876709978,0.95,-0.680224670386451,0.684519528497639,4,analysnum7matchF1procLONGpredAB1singleT1reproduce2,reduced,_Yintonly,level,/cluster/projects/p274/projects/p040-ad_change/Berkeley/results/cortmaps/analysnum7matchF1procLONGpredAB1singleT1reproduce2/thickness/thickness_cortmapAB4_nTime2_analysnum7matchF1procLONGpredAB1singleT1reproduce2_Yintonly.csv,0,0,0,NA,rh_postcentral,NA
rh_posteriorcingulate_thickness.aparcnative71,convgroup,0.0157318306495588,0.0605407966073441,0.259855032162732,0.796590031471044,convgroup,0.0904699097743617,0.95,-0.592930269400008,0.77250604119394,4,analysnum7matchF1procLONGpredAB1singleT1reproduce2,reduced,_Yintonly,level,/cluster/projects/p274/projects/p040-ad_change/Berkeley/results/cortmaps/analysnum7matchF1procLONGpredAB1singleT1reproduce2/thickness/thickness_cortmapAB4_nTime2_analysnum7matchF1procLONGpredAB1singleT1reproduce2_Yintonly.csv,0,0,0,NA,rh_posteriorcingulate,NA
rh_precentral_thickness.aparcnative71,convgroup,0.0335165376112403,0.0649984767722714,0.515651124082012,0.609535747924225,convgroup,0.179526677942235,0.95,-0.505557315117729,0.861911682424683,4,analysnum7matchF1procLONGpredAB1singleT1reproduce2,reduced,_Yintonly,level,/cluster/projects/p274/projects/p040-ad_change/Berkeley/results/cortmaps/analysnum7matchF1procLONGpredAB1singleT1reproduce2/thickness/thickness_cortmapAB4_nTime2_analysnum7matchF1procLONGpredAB1singleT1reproduce2_Yintonly.csv,0,0,0,NA,rh_precentral,NA
rh_precuneus_thickness.aparcnative71,convgroup,-0.0295176933938214,0.0447759225407233,-0.659231384165794,0.514321499260963,convgroup,-0.229514908176023,0.95,-0.912391400923386,0.456803731518829,4,analysnum7matchF1procLONGpredAB1singleT1reproduce2,reduced,_Yintonly,level,/cluster/projects/p274/projects/p040-ad_change/Berkeley/results/cortmaps/analysnum7matchF1procLONGpredAB1singleT1reproduce2/thickness/thickness_cortmapAB4_nTime2_analysnum7matchF1procLONGpredAB1singleT1reproduce2_Yintonly.csv,0,0,0,NA,rh_precuneus,NA
rh_rostralanteriorcingulate_thickness.aparcnative71,convgroup,0.0588074385215974,0.0713633636836468,0.824056427360828,0.415823912084897,convgroup,0.286899622500399,0.95,-0.401090661278302,0.970602279165978,4,analysnum7matchF1procLONGpredAB1singleT1reproduce2,reduced,_Yintonly,level,/cluster/projects/p274/projects/p040-ad_change/Berkeley/results/cortmaps/analysnum7matchF1procLONGpredAB1singleT1reproduce2/thickness/thickness_cortmapAB4_nTime2_analysnum7matchF1procLONGpredAB1singleT1reproduce2_Yintonly.csv,0,0,0,NA,rh_rostralanteriorcingulate,NA
rh_rostralmiddlefrontal_thickness.aparcnative71,convgroup,0.0381735532559768,0.0458326554944061,0.832889843370211,0.410894506113806,convgroup,0.289975023206389,0.95,-0.398112502722469,0.973729795982075,4,analysnum7matchF1procLONGpredAB1singleT1reproduce2,reduced,_Yintonly,level,/cluster/projects/p274/projects/p040-ad_change/Berkeley/results/cortmaps/analysnum7matchF1procLONGpredAB1singleT1reproduce2/thickness/thickness_cortmapAB4_nTime2_analysnum7matchF1procLONGpredAB1singleT1reproduce2_Yintonly.csv,0,0,0,NA,rh_rostralmiddlefrontal,NA
rh_superiorfrontal_thickness.aparcnative71,convgroup,0.0546018728755484,0.0536960785891119,1.01686890942945,0.316613504951849,convgroup,0.354028312335412,0.95,-0.336259373874063,1.03905195180521,4,analysnum7matchF1procLONGpredAB1singleT1reproduce2,reduced,_Yintonly,level,/cluster/projects/p274/projects/p040-ad_change/Berkeley/results/cortmaps/analysnum7matchF1procLONGpredAB1singleT1reproduce2/thickness/thickness_cortmapAB4_nTime2_analysnum7matchF1procLONGpredAB1singleT1reproduce2_Yintonly.csv,0,0,0,NA,rh_superiorfrontal,NA
rh_superiorparietal_thickness.aparcnative71,convgroup,0.0490982276384042,0.04893284929571,1.00337969983507,0.322978744354811,convgroup,0.349331972361641,0.95,-0.340783112740262,1.03425085045624,4,analysnum7matchF1procLONGpredAB1singleT1reproduce2,reduced,_Yintonly,level,/cluster/projects/p274/projects/p040-ad_change/Berkeley/results/cortmaps/analysnum7matchF1procLONGpredAB1singleT1reproduce2/thickness/thickness_cortmapAB4_nTime2_analysnum7matchF1procLONGpredAB1singleT1reproduce2_Yintonly.csv,0,0,0,NA,rh_superiorparietal,NA
rh_superiortemporal_thickness.aparcnative71,convgroup,-0.0400758197251652,0.045118440501978,-0.888235924807913,0.38084261111861,convgroup,-0.309244055452406,0.95,-0.993344009192711,0.379470223549601,4,analysnum7matchF1procLONGpredAB1singleT1reproduce2,reduced,_Yintonly,level,/cluster/projects/p274/projects/p040-ad_change/Berkeley/results/cortmaps/analysnum7matchF1procLONGpredAB1singleT1reproduce2/thickness/thickness_cortmapAB4_nTime2_analysnum7matchF1procLONGpredAB1singleT1reproduce2_Yintonly.csv,0,0,0,NA,rh_superiortemporal,NA
rh_supramarginal_thickness.aparcnative71,convgroup,0.04718638501506,0.0447155743958448,1.05525615297575,0.298973066707202,convgroup,0.36739303508569,0.95,-0.323395699578322,1.05272520325616,4,analysnum7matchF1procLONGpredAB1singleT1reproduce2,reduced,_Yintonly,level,/cluster/projects/p274/projects/p040-ad_change/Berkeley/results/cortmaps/analysnum7matchF1procLONGpredAB1singleT1reproduce2/thickness/thickness_cortmapAB4_nTime2_analysnum7matchF1procLONGpredAB1singleT1reproduce2_Yintonly.csv,0,0,0,NA,rh_supramarginal,NA
rh_frontalpole_thickness.aparcnative71,convgroup,0.122605587593762,0.0846599823072575,1.44821182632413,0.156993189734718,convgroup,0.504202640107648,0.95,-0.19253682957276,1.19355724882944,4,analysnum7matchF1procLONGpredAB1singleT1reproduce2,reduced,_Yintonly,level,/cluster/projects/p274/projects/p040-ad_change/Berkeley/results/cortmaps/analysnum7matchF1procLONGpredAB1singleT1reproduce2/thickness/thickness_cortmapAB4_nTime2_analysnum7matchF1procLONGpredAB1singleT1reproduce2_Yintonly.csv,0,0,0,NA,rh_frontalpole,NA
rh_temporalpole_thickness.aparcnative71,convgroup,0.144553376269999,0.123973890669847,1.16599854605642,0.251973263399122,convgroup,0.405948587490506,0.95,-0.286366193708829,1.09225529228124,4,analysnum7matchF1procLONGpredAB1singleT1reproduce2,reduced,_Yintonly,level,/cluster/projects/p274/projects/p040-ad_change/Berkeley/results/cortmaps/analysnum7matchF1procLONGpredAB1singleT1reproduce2/thickness/thickness_cortmapAB4_nTime2_analysnum7matchF1procLONGpredAB1singleT1reproduce2_Yintonly.csv,0,0,0,NA,rh_temporalpole,NA
rh_transversetemporal_thickness.aparcnative71,convgroup,-0.0145092322498315,0.0827423940412886,-0.175354271748426,0.861872821967789,convgroup,-0.0610505211755688,0.95,-0.743119645744565,0.621939543967554,4,analysnum7matchF1procLONGpredAB1singleT1reproduce2,reduced,_Yintonly,level,/cluster/projects/p274/projects/p040-ad_change/Berkeley/results/cortmaps/analysnum7matchF1procLONGpredAB1singleT1reproduce2/thickness/thickness_cortmapAB4_nTime2_analysnum7matchF1procLONGpredAB1singleT1reproduce2_Yintonly.csv,0,0,0,NA,rh_transversetemporal,NA
rh_insula_thickness.aparcnative71,convgroup,0.0543897721572895,0.0557842590190967,0.975002144219039,0.336652625184495,convgroup,0.339452175634859,0.95,-0.350305549808471,1.02415656515091,4,analysnum7matchF1procLONGpredAB1singleT1reproduce2,reduced,_Yintonly,level,/cluster/projects/p274/projects/p040-ad_change/Berkeley/results/cortmaps/analysnum7matchF1procLONGpredAB1singleT1reproduce2/thickness/thickness_cortmapAB4_nTime2_analysnum7matchF1procLONGpredAB1singleT1reproduce2_Yintonly.csv,0,0,0,NA,rh_insula,NA
rh_MeanThickness_thickness.aparcnative71,convgroup,0.0105567498368687,0.0348532977211784,0.302890989579271,0.763874123106804,convgroup,0.105453106952122,0.95,-0.578183926624658,0.787500744544119,4,analysnum7matchF1procLONGpredAB1singleT1reproduce2,reduced,_Yintonly,level,/cluster/projects/p274/projects/p040-ad_change/Berkeley/results/cortmaps/analysnum7matchF1procLONGpredAB1singleT1reproduce2/thickness/thickness_cortmapAB4_nTime2_analysnum7matchF1procLONGpredAB1singleT1reproduce2_Yintonly.csv,0,0,0,NA,rh_MeanThickness,NA
lh_bankssts_thickness.aparcnative71,convgroup,-0.0214051663481771,0.079959607714106,-0.267699741908575,0.790762420339935,convgroup,-0.097750124854425,0.95,-0.813041332061125,0.619161350821907,5,analysnum7matchF1procLONGpredAB1singleT1reproduce2,reduced,_Yintonly,level,/cluster/projects/p274/projects/p040-ad_change/Berkeley/results/cortmaps/analysnum7matchF1procLONGpredAB1singleT1reproduce2/thickness/thickness_cortmapAB5_nTime2_analysnum7matchF1procLONGpredAB1singleT1reproduce2_Yintonly.csv,0,0,0,NA,lh_bankssts,NA
lh_caudalanteriorcingulate_thickness.aparcnative71,convgroup,0.00146327981992681,0.0962907902626917,0.0151964670342285,0.987976055303001,convgroup,0.00554896519268706,0.95,-0.710176088232516,0.721181926428319,5,analysnum7matchF1procLONGpredAB1singleT1reproduce2,reduced,_Yintonly,level,/cluster/projects/p274/projects/p040-ad_change/Berkeley/results/cortmaps/analysnum7matchF1procLONGpredAB1singleT1reproduce2/thickness/thickness_cortmapAB5_nTime2_analysnum7matchF1procLONGpredAB1singleT1reproduce2_Yintonly.csv,0,0,0,NA,lh_caudalanteriorcingulate,NA
lh_caudalmiddlefrontal_thickness.aparcnative71,convgroup,0.0284105013039752,0.0692924458512071,0.410008637377032,0.684712891462702,convgroup,0.149713986308904,0.95,-0.568195938431452,0.865146161827667,5,analysnum7matchF1procLONGpredAB1singleT1reproduce2,reduced,_Yintonly,level,/cluster/projects/p274/projects/p040-ad_change/Berkeley/results/cortmaps/analysnum7matchF1procLONGpredAB1singleT1reproduce2/thickness/thickness_cortmapAB5_nTime2_analysnum7matchF1procLONGpredAB1singleT1reproduce2_Yintonly.csv,0,0,0,NA,lh_caudalmiddlefrontal,NA
lh_cuneus_thickness.aparcnative71,convgroup,-0.0177544922630468,0.069044637718689,-0.25714512885685,0.798822276427177,convgroup,-0.0938961250849795,0.95,-0.809186429297138,0.62295063435102,5,analysnum7matchF1procLONGpredAB1singleT1reproduce2,reduced,_Yintonly,level,/cluster/projects/p274/projects/p040-ad_change/Berkeley/results/cortmaps/analysnum7matchF1procLONGpredAB1singleT1reproduce2/thickness/thickness_cortmapAB5_nTime2_analysnum7matchF1procLONGpredAB1singleT1reproduce2_Yintonly.csv,0,0,0,NA,lh_cuneus,NA
lh_entorhinal_thickness.aparcnative71,convgroup,0.169393938649351,0.139198301961676,1.21692532352865,0.233119747889167,convgroup,0.444358300330608,0.95,-0.283625466059839,1.16513860882696,5,analysnum7matchF1procLONGpredAB1singleT1reproduce2,reduced,_Yintonly,level,/cluster/projects/p274/projects/p040-ad_change/Berkeley/results/cortmaps/analysnum7matchF1procLONGpredAB1singleT1reproduce2/thickness/thickness_cortmapAB5_nTime2_analysnum7matchF1procLONGpredAB1singleT1reproduce2_Yintonly.csv,0,0,0,NA,lh_entorhinal,NA
lh_fusiform_thickness.aparcnative71,convgroup,-0.0161567001171853,0.0483170881841804,-0.334388944457858,0.74041263955317,convgroup,-0.122101578573274,0.95,-0.837428880142803,0.595248277887791,5,analysnum7matchF1procLONGpredAB1singleT1reproduce2,reduced,_Yintonly,level,/cluster/projects/p274/projects/p040-ad_change/Berkeley/results/cortmaps/analysnum7matchF1procLONGpredAB1singleT1reproduce2/thickness/thickness_cortmapAB5_nTime2_analysnum7matchF1procLONGpredAB1singleT1reproduce2_Yintonly.csv,0,0,0,NA,lh_fusiform,NA
lh_inferiorparietal_thickness.aparcnative71,convgroup,-0.0291241051540437,0.059371134175713,-0.490543183289186,0.62731852068117,convgroup,-0.179121044611919,0.95,-0.894739779259887,0.53945868851919,5,analysnum7matchF1procLONGpredAB1singleT1reproduce2,reduced,_Yintonly,level,/cluster/projects/p274/projects/p040-ad_change/Berkeley/results/cortmaps/analysnum7matchF1procLONGpredAB1singleT1reproduce2/thickness/thickness_cortmapAB5_nTime2_analysnum7matchF1procLONGpredAB1singleT1reproduce2_Yintonly.csv,0,0,0,NA,lh_inferiorparietal,NA
lh_inferiortemporal_thickness.aparcnative71,convgroup,-0.0491065119012347,0.0530045286069444,-0.926458798745001,0.361601248191639,convgroup,-0.338294921781184,0.95,-1.05626144508883,0.385209469225824,5,analysnum7matchF1procLONGpredAB1singleT1reproduce2,reduced,_Yintonly,level,/cluster/projects/p274/projects/p040-ad_change/Berkeley/results/cortmaps/analysnum7matchF1procLONGpredAB1singleT1reproduce2/thickness/thickness_cortmapAB5_nTime2_analysnum7matchF1procLONGpredAB1singleT1reproduce2_Yintonly.csv,0,0,0,NA,lh_inferiortemporal,NA
lh_isthmuscingulate_thickness.aparcnative71,convgroup,0.0662243892053924,0.0668156940237927,0.991150210634799,0.329539639976615,convgroup,0.361916885493784,0.95,-0.36250313753532,1.08042401577482,5,analysnum7matchF1procLONGpredAB1singleT1reproduce2,reduced,_Yintonly,level,/cluster/projects/p274/projects/p040-ad_change/Berkeley/results/cortmaps/analysnum7matchF1procLONGpredAB1singleT1reproduce2/thickness/thickness_cortmapAB5_nTime2_analysnum7matchF1procLONGpredAB1singleT1reproduce2_Yintonly.csv,0,0,0,NA,lh_isthmuscingulate,NA
lh_lateraloccipital_thickness.aparcnative71,convgroup,0.0149048261519717,0.0596342417390928,0.249937380224974,0.804339385420595,convgroup,0.0912642274086427,0.95,-0.625539237382394,0.806554736589206,5,analysnum7matchF1procLONGpredAB1singleT1reproduce2,reduced,_Yintonly,level,/cluster/projects/p274/projects/p040-ad_change/Berkeley/results/cortmaps/analysnum7matchF1procLONGpredAB1singleT1reproduce2/thickness/thickness_cortmapAB5_nTime2_analysnum7matchF1procLONGpredAB1singleT1reproduce2_Yintonly.csv,0,0,0,NA,lh_lateraloccipital,NA
lh_lateralorbitofrontal_thickness.aparcnative71,convgroup,-0.0216872098736752,0.0391339208618249,-0.554179325660952,0.583563953954751,convgroup,-0.202357678378337,0.95,-0.918178350152752,0.516804605803159,5,analysnum7matchF1procLONGpredAB1singleT1reproduce2,reduced,_Yintonly,level,/cluster/projects/p274/projects/p040-ad_change/Berkeley/results/cortmaps/analysnum7matchF1procLONGpredAB1singleT1reproduce2/thickness/thickness_cortmapAB5_nTime2_analysnum7matchF1procLONGpredAB1singleT1reproduce2_Yintonly.csv,0,0,0,NA,lh_lateralorbitofrontal,NA
lh_lingual_thickness.aparcnative71,convgroup,-0.0645363906390751,0.050159843268947,-1.28661467885862,0.208068950040122,convgroup,-0.469805254952088,0.95,-1.19140821538177,0.259393047877421,5,analysnum7matchF1procLONGpredAB1singleT1reproduce2,reduced,_Yintonly,level,/cluster/projects/p274/projects/p040-ad_change/Berkeley/results/cortmaps/analysnum7matchF1procLONGpredAB1singleT1reproduce2/thickness/thickness_cortmapAB5_nTime2_analysnum7matchF1procLONGpredAB1singleT1reproduce2_Yintonly.csv,0,0,0,NA,lh_lingual,NA
lh_medialorbitofrontal_thickness.aparcnative71,convgroup,0.0367239384160434,0.0573286064565463,0.640586623082828,0.526654492799089,convgroup,0.23390916233235,0.95,-0.486119132720779,0.950081187717175,5,analysnum7matchF1procLONGpredAB1singleT1reproduce2,reduced,_Yintonly,level,/cluster/projects/p274/projects/p040-ad_change/Berkeley/results/cortmaps/analysnum7matchF1procLONGpredAB1singleT1reproduce2/thickness/thickness_cortmapAB5_nTime2_analysnum7matchF1procLONGpredAB1singleT1reproduce2_Yintonly.csv,0,0,0,NA,lh_medialorbitofrontal,NA
lh_middletemporal_thickness.aparcnative71,convgroup,-0.0425220123192111,0.0629747227813544,-0.675223493509385,0.504705242405049,convgroup,-0.246556759168355,0.95,-0.962894549842538,0.473842886665099,5,analysnum7matchF1procLONGpredAB1singleT1reproduce2,reduced,_Yintonly,level,/cluster/projects/p274/projects/p040-ad_change/Berkeley/results/cortmaps/analysnum7matchF1procLONGpredAB1singleT1reproduce2/thickness/thickness_cortmapAB5_nTime2_analysnum7matchF1procLONGpredAB1singleT1reproduce2_Yintonly.csv,0,0,0,NA,lh_middletemporal,NA
lh_parahippocampal_thickness.aparcnative71,convgroup,0.0689019677073834,0.14440216996759,0.477153270777357,0.636710780396931,convgroup,0.174231739861419,0.95,-0.544231391341195,0.889814079950155,5,analysnum7matchF1procLONGpredAB1singleT1reproduce2,reduced,_Yintonly,level,/cluster/projects/p274/projects/p040-ad_change/Berkeley/results/cortmaps/analysnum7matchF1procLONGpredAB1singleT1reproduce2/thickness/thickness_cortmapAB5_nTime2_analysnum7matchF1procLONGpredAB1singleT1reproduce2_Yintonly.csv,0,0,0,NA,lh_parahippocampal,NA
lh_paracentral_thickness.aparcnative71,convgroup,0.0614838636960772,0.0859051648135755,0.71571789460511,0.479699648778516,convgroup,0.261343223790216,0.95,-0.459508060372297,0.977892883808335,5,analysnum7matchF1procLONGpredAB1singleT1reproduce2,reduced,_Yintonly,level,/cluster/projects/p274/projects/p040-ad_change/Berkeley/results/cortmaps/analysnum7matchF1procLONGpredAB1singleT1reproduce2/thickness/thickness_cortmapAB5_nTime2_analysnum7matchF1procLONGpredAB1singleT1reproduce2_Yintonly.csv,0,0,0,NA,lh_paracentral,NA
lh_parsopercularis_thickness.aparcnative71,convgroup,0.0309005741334395,0.0674655728263532,0.458019888350658,0.650238577415023,convgroup,0.167245216423769,0.95,-0.551054905888332,0.882779308814671,5,analysnum7matchF1procLONGpredAB1singleT1reproduce2,reduced,_Yintonly,level,/cluster/projects/p274/projects/p040-ad_change/Berkeley/results/cortmaps/analysnum7matchF1procLONGpredAB1singleT1reproduce2/thickness/thickness_cortmapAB5_nTime2_analysnum7matchF1procLONGpredAB1singleT1reproduce2_Yintonly.csv,0,0,0,NA,lh_parsopercularis,NA
lh_parsorbitalis_thickness.aparcnative71,convgroup,-0.00184245489478361,0.073755932618732,-0.0249804297683801,0.980236000037496,convgroup,-0.00912156325354354,0.95,-0.72472727823228,0.706635473714559,5,analysnum7matchF1procLONGpredAB1singleT1reproduce2,reduced,_Yintonly,level,/cluster/projects/p274/projects/p040-ad_change/Berkeley/results/cortmaps/analysnum7matchF1procLONGpredAB1singleT1reproduce2/thickness/thickness_cortmapAB5_nTime2_analysnum7matchF1procLONGpredAB1singleT1reproduce2_Yintonly.csv,0,0,0,NA,lh_parsorbitalis,NA
lh_parstriangularis_thickness.aparcnative71,convgroup,-0.0161481722472606,0.0586559803375896,-0.275303083408054,0.78497073081933,convgroup,-0.100526472622212,0.95,-0.815819110394024,0.616432322577972,5,analysnum7matchF1procLONGpredAB1singleT1reproduce2,reduced,_Yintonly,level,/cluster/projects/p274/projects/p040-ad_change/Berkeley/results/cortmaps/analysnum7matchF1procLONGpredAB1singleT1reproduce2/thickness/thickness_cortmapAB5_nTime2_analysnum7matchF1procLONGpredAB1singleT1reproduce2_Yintonly.csv,0,0,0,NA,lh_parstriangularis,NA
lh_pericalcarine_thickness.aparcnative71,convgroup,0.0193680760687918,0.0482146698143386,0.401705044198641,0.69074858243342,convgroup,0.146681942780804,0.95,-0.571163239704937,0.86209927916816,5,analysnum7matchF1procLONGpredAB1singleT1reproduce2,reduced,_Yintonly,level,/cluster/projects/p274/projects/p040-ad_change/Berkeley/results/cortmaps/analysnum7matchF1procLONGpredAB1singleT1reproduce2/thickness/thickness_cortmapAB5_nTime2_analysnum7matchF1procLONGpredAB1singleT1reproduce2_Yintonly.csv,0,0,0,NA,lh_pericalcarine,NA
lh_postcentral_thickness.aparcnative71,convgroup,0.0100624153820817,0.0570992965146463,0.176226608667598,0.861300163244559,convgroup,0.0643488591999192,0.95,-0.65204608285681,0.779676492163277,5,analysnum7matchF1procLONGpredAB1singleT1reproduce2,reduced,_Yintonly,level,/cluster/projects/p274/projects/p040-ad_change/Berkeley/results/cortmaps/analysnum7matchF1procLONGpredAB1singleT1reproduce2/thickness/thickness_cortmapAB5_nTime2_analysnum7matchF1procLONGpredAB1singleT1reproduce2_Yintonly.csv,0,0,0,NA,lh_postcentral,NA
lh_posteriorcingulate_thickness.aparcnative71,convgroup,0.11608532305149,0.0699982238934412,1.65840383647745,0.107657215960075,convgroup,0.605563460461204,0.95,-0.131010482166133,1.33251095463091,5,analysnum7matchF1procLONGpredAB1singleT1reproduce2,reduced,_Yintonly,level,/cluster/projects/p274/projects/p040-ad_change/Berkeley/results/cortmaps/analysnum7matchF1procLONGpredAB1singleT1reproduce2/thickness/thickness_cortmapAB5_nTime2_analysnum7matchF1procLONGpredAB1singleT1reproduce2_Yintonly.csv,0,0,0,NA,lh_posteriorcingulate,NA
lh_precentral_thickness.aparcnative71,convgroup,0.0531886868561933,0.0785296903621438,0.677306718145849,0.503401436989032,convgroup,0.247317445252183,0.95,-0.473104991708393,0.963665645773389,5,analysnum7matchF1procLONGpredAB1singleT1reproduce2,reduced,_Yintonly,level,/cluster/projects/p274/projects/p040-ad_change/Berkeley/results/cortmaps/analysnum7matchF1procLONGpredAB1singleT1reproduce2/thickness/thickness_cortmapAB5_nTime2_analysnum7matchF1procLONGpredAB1singleT1reproduce2_Yintonly.csv,0,0,0,NA,lh_precentral,NA
lh_precuneus_thickness.aparcnative71,convgroup,0.0599476619125993,0.049105159430634,1.22080169594564,0.231669690911252,convgroup,0.445773751406662,0.95,-0.282276178998281,1.16659835614165,5,analysnum7matchF1procLONGpredAB1singleT1reproduce2,reduced,_Yintonly,level,/cluster/projects/p274/projects/p040-ad_change/Berkeley/results/cortmaps/analysnum7matchF1procLONGpredAB1singleT1reproduce2/thickness/thickness_cortmapAB5_nTime2_analysnum7matchF1procLONGpredAB1singleT1reproduce2_Yintonly.csv,0,0,0,NA,lh_precuneus,NA
lh_rostralanteriorcingulate_thickness.aparcnative71,convgroup,-0.0314281858869339,0.0900452712176758,-0.349026500358462,0.729507345815109,convgroup,-0.12744645827561,0.95,-0.842788733552625,0.590006627071643,5,analysnum7matchF1procLONGpredAB1singleT1reproduce2,reduced,_Yintonly,level,/cluster/projects/p274/projects/p040-ad_change/Berkeley/results/cortmaps/analysnum7matchF1procLONGpredAB1singleT1reproduce2/thickness/thickness_cortmapAB5_nTime2_analysnum7matchF1procLONGpredAB1singleT1reproduce2_Yintonly.csv,0,0,0,NA,lh_rostralanteriorcingulate,NA
lh_rostralmiddlefrontal_thickness.aparcnative71,convgroup,0.060374247975994,0.0532352960138781,1.13410185528516,0.265733171964772,convgroup,0.414115445765429,0.95,-0.312494876568574,1.13399210518332,5,analysnum7matchF1procLONGpredAB1singleT1reproduce2,reduced,_Yintonly,level,/cluster/projects/p274/projects/p040-ad_change/Berkeley/results/cortmaps/analysnum7matchF1procLONGpredAB1singleT1reproduce2/thickness/thickness_cortmapAB5_nTime2_analysnum7matchF1procLONGpredAB1singleT1reproduce2_Yintonly.csv,0,0,0,NA,lh_rostralmiddlefrontal,NA
lh_superiorfrontal_thickness.aparcnative71,convgroup,0.0964479111641099,0.0613849622415526,1.57119769471525,0.126625336993351,convgroup,0.573720279797104,0.95,-0.16098960740205,1.29927055700304,5,analysnum7matchF1procLONGpredAB1singleT1reproduce2,reduced,_Yintonly,level,/cluster/projects/p274/projects/p040-ad_change/Berkeley/results/cortmaps/analysnum7matchF1procLONGpredAB1singleT1reproduce2/thickness/thickness_cortmapAB5_nTime2_analysnum7matchF1procLONGpredAB1singleT1reproduce2_Yintonly.csv,0,0,0,NA,lh_superiorfrontal,NA
lh_superiorparietal_thickness.aparcnative71,convgroup,0.00513470248387979,0.0569024900501178,0.0902368680062564,0.928698776811032,convgroup,0.0329498454170952,0.95,-0.68304932246377,0.74840227660239,5,analysnum7matchF1procLONGpredAB1singleT1reproduce2,reduced,_Yintonly,level,/cluster/projects/p274/projects/p040-ad_change/Berkeley/results/cortmaps/analysnum7matchF1procLONGpredAB1singleT1reproduce2/thickness/thickness_cortmapAB5_nTime2_analysnum7matchF1procLONGpredAB1singleT1reproduce2_Yintonly.csv,0,0,0,NA,lh_superiorparietal,NA
lh_superiortemporal_thickness.aparcnative71,convgroup,-0.0239081195017917,0.0521905038155459,-0.458093288125536,0.650186445871896,convgroup,-0.167272018232046,0.95,-0.882806291732683,0.551028756194144,5,analysnum7matchF1procLONGpredAB1singleT1reproduce2,reduced,_Yintonly,level,/cluster/projects/p274/projects/p040-ad_change/Berkeley/results/cortmaps/analysnum7matchF1procLONGpredAB1singleT1reproduce2/thickness/thickness_cortmapAB5_nTime2_analysnum7matchF1procLONGpredAB1singleT1reproduce2_Yintonly.csv,0,0,0,NA,lh_superiortemporal,NA
lh_supramarginal_thickness.aparcnative71,convgroup,-0.00926247295441672,0.0692581958288179,-0.133738293981991,0.894502663861128,convgroup,-0.0488343202774624,0.95,-0.764212660921255,0.667354186068255,5,analysnum7matchF1procLONGpredAB1singleT1reproduce2,reduced,_Yintonly,level,/cluster/projects/p274/projects/p040-ad_change/Berkeley/results/cortmaps/analysnum7matchF1procLONGpredAB1singleT1reproduce2/thickness/thickness_cortmapAB5_nTime2_analysnum7matchF1procLONGpredAB1singleT1reproduce2_Yintonly.csv,0,0,0,NA,lh_supramarginal,NA
lh_frontalpole_thickness.aparcnative71,convgroup,-0.0047973736664179,0.0976798715180391,-0.0491132266234803,0.961154591080505,convgroup,-0.017933614729029,0.95,-0.733476759657844,0.697907105387339,5,analysnum7matchF1procLONGpredAB1singleT1reproduce2,reduced,_Yintonly,level,/cluster/projects/p274/projects/p040-ad_change/Berkeley/results/cortmaps/analysnum7matchF1procLONGpredAB1singleT1reproduce2/thickness/thickness_cortmapAB5_nTime2_analysnum7matchF1procLONGpredAB1singleT1reproduce2_Yintonly.csv,0,0,0,NA,lh_frontalpole,NA
lh_temporalpole_thickness.aparcnative71,convgroup,-0.145496285131301,0.119532621842794,-1.21720985358,0.233013082642363,convgroup,-0.444462196015552,0.95,-1.16524571578127,0.283526446319978,5,analysnum7matchF1procLONGpredAB1singleT1reproduce2,reduced,_Yintonly,level,/cluster/projects/p274/projects/p040-ad_change/Berkeley/results/cortmaps/analysnum7matchF1procLONGpredAB1singleT1reproduce2/thickness/thickness_cortmapAB5_nTime2_analysnum7matchF1procLONGpredAB1singleT1reproduce2_Yintonly.csv,0,0,0,NA,lh_temporalpole,NA
lh_transversetemporal_thickness.aparcnative71,convgroup,0.0306941286373287,0.10911078539678,0.281311591019254,0.780402687273534,convgroup,0.102720469392609,0.95,-0.614276208977045,0.818014719016416,5,analysnum7matchF1procLONGpredAB1singleT1reproduce2,reduced,_Yintonly,level,/cluster/projects/p274/projects/p040-ad_change/Berkeley/results/cortmaps/analysnum7matchF1procLONGpredAB1singleT1reproduce2/thickness/thickness_cortmapAB5_nTime2_analysnum7matchF1procLONGpredAB1singleT1reproduce2_Yintonly.csv,0,0,0,NA,lh_transversetemporal,NA
lh_insula_thickness.aparcnative71,convgroup,-0.0106488171909473,0.0617422037463595,-0.172472256330423,0.864224578417538,convgroup,-0.0629779635573237,0.95,-0.778309216813453,0.653397880529829,5,analysnum7matchF1procLONGpredAB1singleT1reproduce2,reduced,_Yintonly,level,/cluster/projects/p274/projects/p040-ad_change/Berkeley/results/cortmaps/analysnum7matchF1procLONGpredAB1singleT1reproduce2/thickness/thickness_cortmapAB5_nTime2_analysnum7matchF1procLONGpredAB1singleT1reproduce2_Yintonly.csv,0,0,0,NA,lh_insula,NA
lh_MeanThickness_thickness.aparcnative71,convgroup,0.0164308546314119,0.0423804359000683,0.387699047507564,0.70097600280682,convgroup,0.14156767589544,0.95,-0.576170062982919,0.856961868744386,5,analysnum7matchF1procLONGpredAB1singleT1reproduce2,reduced,_Yintonly,level,/cluster/projects/p274/projects/p040-ad_change/Berkeley/results/cortmaps/analysnum7matchF1procLONGpredAB1singleT1reproduce2/thickness/thickness_cortmapAB5_nTime2_analysnum7matchF1procLONGpredAB1singleT1reproduce2_Yintonly.csv,0,0,0,NA,lh_MeanThickness,NA
rh_bankssts_thickness.aparcnative71,convgroup,-0.0600248049925773,0.0911233136344865,-0.658720612744051,0.515099496813567,convgroup,-0.240530759129028,0.95,-0.956787762225267,0.47969023029947,5,analysnum7matchF1procLONGpredAB1singleT1reproduce2,reduced,_Yintonly,level,/cluster/projects/p274/projects/p040-ad_change/Berkeley/results/cortmaps/analysnum7matchF1procLONGpredAB1singleT1reproduce2/thickness/thickness_cortmapAB5_nTime2_analysnum7matchF1procLONGpredAB1singleT1reproduce2_Yintonly.csv,0,0,0,NA,rh_bankssts,NA
rh_caudalanteriorcingulate_thickness.aparcnative71,convgroup,0.0656252731883864,0.0994000622393036,0.660213602587038,0.514154360485535,convgroup,0.241075921939114,0.95,-0.479161148724491,0.957340152880256,5,analysnum7matchF1procLONGpredAB1singleT1reproduce2,reduced,_Yintonly,level,/cluster/projects/p274/projects/p040-ad_change/Berkeley/results/cortmaps/analysnum7matchF1procLONGpredAB1singleT1reproduce2/thickness/thickness_cortmapAB5_nTime2_analysnum7matchF1procLONGpredAB1singleT1reproduce2_Yintonly.csv,0,0,0,NA,rh_caudalanteriorcingulate,NA
rh_caudalmiddlefrontal_thickness.aparcnative71,convgroup,0.0189463362730512,0.0559735354840927,0.338487396038001,0.737353561193275,convgroup,0.123598121494132,0.95,-0.593780455368947,0.838929368033787,5,analysnum7matchF1procLONGpredAB1singleT1reproduce2,reduced,_Yintonly,level,/cluster/projects/p274/projects/p040-ad_change/Berkeley/results/cortmaps/analysnum7matchF1procLONGpredAB1singleT1reproduce2/thickness/thickness_cortmapAB5_nTime2_analysnum7matchF1procLONGpredAB1singleT1reproduce2_Yintonly.csv,0,0,0,NA,rh_caudalmiddlefrontal,NA
rh_cuneus_thickness.aparcnative71,convgroup,-0.0174419337292046,0.054535060184703,-0.319829732838492,0.75131421675353,convgroup,-0.116785306157662,0.95,-0.832100216152291,0.600464348995221,5,analysnum7matchF1procLONGpredAB1singleT1reproduce2,reduced,_Yintonly,level,/cluster/projects/p274/projects/p040-ad_change/Berkeley/results/cortmaps/analysnum7matchF1procLONGpredAB1singleT1reproduce2/thickness/thickness_cortmapAB5_nTime2_analysnum7matchF1procLONGpredAB1singleT1reproduce2_Yintonly.csv,0,0,0,NA,rh_cuneus,NA
rh_entorhinal_thickness.aparcnative71,convgroup,0.0445864622124674,0.151627644057592,0.294052331219579,0.770742873831461,convgroup,0.107372729930629,0.95,-0.609705761020622,0.82267182314876,5,analysnum7matchF1procLONGpredAB1singleT1reproduce2,reduced,_Yintonly,level,/cluster/projects/p274/projects/p040-ad_change/Berkeley/results/cortmaps/analysnum7matchF1procLONGpredAB1singleT1reproduce2/thickness/thickness_cortmapAB5_nTime2_analysnum7matchF1procLONGpredAB1singleT1reproduce2_Yintonly.csv,0,0,0,NA,rh_entorhinal,NA
rh_fusiform_thickness.aparcnative71,convgroup,0.0079438950603107,0.0566707942729328,0.140176172969308,0.889457722604854,convgroup,0.0511851013066906,0.95,-0.665033302446223,0.766554383536552,5,analysnum7matchF1procLONGpredAB1singleT1reproduce2,reduced,_Yintonly,level,/cluster/projects/p274/projects/p040-ad_change/Berkeley/results/cortmaps/analysnum7matchF1procLONGpredAB1singleT1reproduce2/thickness/thickness_cortmapAB5_nTime2_analysnum7matchF1procLONGpredAB1singleT1reproduce2_Yintonly.csv,0,0,0,NA,rh_fusiform,NA
rh_inferiorparietal_thickness.aparcnative71,convgroup,-0.0105192145187895,0.05759121966348,-0.182653095042194,0.856298972491019,convgroup,-0.0666954802351632,0.95,-0.782017125486405,0.649732964144502,5,analysnum7matchF1procLONGpredAB1singleT1reproduce2,reduced,_Yintonly,level,/cluster/projects/p274/projects/p040-ad_change/Berkeley/results/cortmaps/analysnum7matchF1procLONGpredAB1singleT1reproduce2/thickness/thickness_cortmapAB5_nTime2_analysnum7matchF1procLONGpredAB1singleT1reproduce2_Yintonly.csv,0,0,0,NA,rh_inferiorparietal,NA
rh_inferiortemporal_thickness.aparcnative71,convgroup,-0.0387172381233973,0.0676163674060936,-0.572601569836893,0.57118134248373,convgroup,-0.209084530841691,0.95,-0.924972682572618,0.510255131090591,5,analysnum7matchF1procLONGpredAB1singleT1reproduce2,reduced,_Yintonly,level,/cluster/projects/p274/projects/p040-ad_change/Berkeley/results/cortmaps/analysnum7matchF1procLONGpredAB1singleT1reproduce2/thickness/thickness_cortmapAB5_nTime2_analysnum7matchF1procLONGpredAB1singleT1reproduce2_Yintonly.csv,0,0,0,NA,rh_inferiortemporal,NA
rh_isthmuscingulate_thickness.aparcnative71,convgroup,-0.00738660120769853,0.0627814971108585,-0.117655703473515,0.907124675210848,convgroup,-0.0429617885410555,0.95,-0.75836489786313,0.673154094288323,5,analysnum7matchF1procLONGpredAB1singleT1reproduce2,reduced,_Yintonly,level,/cluster/projects/p274/projects/p040-ad_change/Berkeley/results/cortmaps/analysnum7matchF1procLONGpredAB1singleT1reproduce2/thickness/thickness_cortmapAB5_nTime2_analysnum7matchF1procLONGpredAB1singleT1reproduce2_Yintonly.csv,0,0,0,NA,rh_isthmuscingulate,NA
rh_lateraloccipital_thickness.aparcnative71,convgroup,-0.00636396544898988,0.0572812291816145,-0.111100364637994,0.912276737641688,convgroup,-0.0405681172395191,0.95,-0.755982222972341,0.675519084501582,5,analysnum7matchF1procLONGpredAB1singleT1reproduce2,reduced,_Yintonly,level,/cluster/projects/p274/projects/p040-ad_change/Berkeley/results/cortmaps/analysnum7matchF1procLONGpredAB1singleT1reproduce2/thickness/thickness_cortmapAB5_nTime2_analysnum7matchF1procLONGpredAB1singleT1reproduce2_Yintonly.csv,0,0,0,NA,rh_lateraloccipital,NA
rh_lateralorbitofrontal_thickness.aparcnative71,convgroup,-0.0587883852055871,0.0433265255320429,-1.35686821141725,0.184945718284659,convgroup,-0.495458217969946,0.95,-1.21794801325267,0.235018689222254,5,analysnum7matchF1procLONGpredAB1singleT1reproduce2,reduced,_Yintonly,level,/cluster/projects/p274/projects/p040-ad_change/Berkeley/results/cortmaps/analysnum7matchF1procLONGpredAB1singleT1reproduce2/thickness/thickness_cortmapAB5_nTime2_analysnum7matchF1procLONGpredAB1singleT1reproduce2_Yintonly.csv,0,0,0,NA,rh_lateralorbitofrontal,NA
rh_lingual_thickness.aparcnative71,convgroup,-0.0274631377843243,0.0495568103021916,-0.554174847349079,0.583566979995372,convgroup,-0.202356043130048,0.95,-0.918176701286439,0.516806159712055,5,analysnum7matchF1procLONGpredAB1singleT1reproduce2,reduced,_Yintonly,level,/cluster/projects/p274/projects/p040-ad_change/Berkeley/results/cortmaps/analysnum7matchF1procLONGpredAB1singleT1reproduce2/thickness/thickness_cortmapAB5_nTime2_analysnum7matchF1procLONGpredAB1singleT1reproduce2_Yintonly.csv,0,0,0,NA,rh_lingual,NA
rh_medialorbitofrontal_thickness.aparcnative71,convgroup,-0.0124059183943781,0.0552131054651846,-0.224691552664083,0.823742655643449,convgroup,-0.0820457545833189,0.95,-0.79734170136964,0.634610570714047,5,analysnum7matchF1procLONGpredAB1singleT1reproduce2,reduced,_Yintonly,level,/cluster/projects/p274/projects/p040-ad_change/Berkeley/results/cortmaps/analysnum7matchF1procLONGpredAB1singleT1reproduce2/thickness/thickness_cortmapAB5_nTime2_analysnum7matchF1procLONGpredAB1singleT1reproduce2_Yintonly.csv,0,0,0,NA,rh_medialorbitofrontal,NA
rh_middletemporal_thickness.aparcnative71,convgroup,0.00616963438245878,0.0644523105249742,0.0957240218730118,0.924376340760993,convgroup,0.0349534707166443,0.95,-0.68106836513515,0.750395327795841,5,analysnum7matchF1procLONGpredAB1singleT1reproduce2,reduced,_Yintonly,level,/cluster/projects/p274/projects/p040-ad_change/Berkeley/results/cortmaps/analysnum7matchF1procLONGpredAB1singleT1reproduce2/thickness/thickness_cortmapAB5_nTime2_analysnum7matchF1procLONGpredAB1singleT1reproduce2_Yintonly.csv,0,0,0,NA,rh_middletemporal,NA
rh_parahippocampal_thickness.aparcnative71,convgroup,0.0100621043003148,0.117426107745538,0.0856888173635067,0.932283128114648,convgroup,0.031289132130622,0.95,-0.684691204240496,0.746750983992194,5,analysnum7matchF1procLONGpredAB1singleT1reproduce2,reduced,_Yintonly,level,/cluster/projects/p274/projects/p040-ad_change/Berkeley/results/cortmaps/analysnum7matchF1procLONGpredAB1singleT1reproduce2/thickness/thickness_cortmapAB5_nTime2_analysnum7matchF1procLONGpredAB1singleT1reproduce2_Yintonly.csv,0,0,0,NA,rh_parahippocampal,NA
rh_paracentral_thickness.aparcnative71,convgroup,0.030853291282166,0.0810588669802422,0.380628208011917,0.7061611108102,convgroup,0.138985770367264,0.95,-0.578698657898997,0.854369133802241,5,analysnum7matchF1procLONGpredAB1singleT1reproduce2,reduced,_Yintonly,level,/cluster/projects/p274/projects/p040-ad_change/Berkeley/results/cortmaps/analysnum7matchF1procLONGpredAB1singleT1reproduce2/thickness/thickness_cortmapAB5_nTime2_analysnum7matchF1procLONGpredAB1singleT1reproduce2_Yintonly.csv,0,0,0,NA,rh_paracentral,NA
rh_parsopercularis_thickness.aparcnative71,convgroup,0.0737473507943465,0.054160902785396,1.3616344448053,0.183452252431652,convgroup,0.49719860033059,0.95,-0.233366930640973,1.21975063855245,5,analysnum7matchF1procLONGpredAB1singleT1reproduce2,reduced,_Yintonly,level,/cluster/projects/p274/projects/p040-ad_change/Berkeley/results/cortmaps/analysnum7matchF1procLONGpredAB1singleT1reproduce2/thickness/thickness_cortmapAB5_nTime2_analysnum7matchF1procLONGpredAB1singleT1reproduce2_Yintonly.csv,0,0,0,NA,rh_parsopercularis,NA
rh_parsorbitalis_thickness.aparcnative71,convgroup,-0.052200822026982,0.07295684900674,-0.715502694231758,0.479830635406936,convgroup,-0.261264643724304,0.95,-0.977813081681674,0.459584163940936,5,analysnum7matchF1procLONGpredAB1singleT1reproduce2,reduced,_Yintonly,level,/cluster/projects/p274/projects/p040-ad_change/Berkeley/results/cortmaps/analysnum7matchF1procLONGpredAB1singleT1reproduce2/thickness/thickness_cortmapAB5_nTime2_analysnum7matchF1procLONGpredAB1singleT1reproduce2_Yintonly.csv,0,0,0,NA,rh_parsorbitalis,NA
rh_parstriangularis_thickness.aparcnative71,convgroup,0.0098336857570803,0.0679856568021622,0.144643535410657,0.885959694400078,convgroup,0.0528163514278093,0.95,-0.663423129673718,0.768179628231754,5,analysnum7matchF1procLONGpredAB1singleT1reproduce2,reduced,_Yintonly,level,/cluster/projects/p274/projects/p040-ad_change/Berkeley/results/cortmaps/analysnum7matchF1procLONGpredAB1singleT1reproduce2/thickness/thickness_cortmapAB5_nTime2_analysnum7matchF1procLONGpredAB1singleT1reproduce2_Yintonly.csv,0,0,0,NA,rh_parstriangularis,NA
rh_pericalcarine_thickness.aparcnative71,convgroup,0.0543740400256816,0.0534268237814765,1.01772922620441,0.316944514784204,convgroup,0.371622169749623,0.95,-0.353187742132476,1.09036562802288,5,analysnum7matchF1procLONGpredAB1singleT1reproduce2,reduced,_Yintonly,level,/cluster/projects/p274/projects/p040-ad_change/Berkeley/results/cortmaps/analysnum7matchF1procLONGpredAB1singleT1reproduce2/thickness/thickness_cortmapAB5_nTime2_analysnum7matchF1procLONGpredAB1singleT1reproduce2_Yintonly.csv,0,0,0,NA,rh_pericalcarine,NA
rh_postcentral_thickness.aparcnative71,convgroup,-0.00682715591104221,0.0499213470041523,-0.136758247137729,0.892135553971658,convgroup,-0.0499370512548004,0.95,-0.765311067456489,0.666265457900455,5,analysnum7matchF1procLONGpredAB1singleT1reproduce2,reduced,_Yintonly,level,/cluster/projects/p274/projects/p040-ad_change/Berkeley/results/cortmaps/analysnum7matchF1procLONGpredAB1singleT1reproduce2/thickness/thickness_cortmapAB5_nTime2_analysnum7matchF1procLONGpredAB1singleT1reproduce2_Yintonly.csv,0,0,0,NA,rh_postcentral,NA
rh_posteriorcingulate_thickness.aparcnative71,convgroup,0.0183591551999834,0.0749767605138691,0.24486460970246,0.80822846071357,convgroup,0.0894119135124906,0.95,-0.627361364092906,0.804702884620258,5,analysnum7matchF1procLONGpredAB1singleT1reproduce2,reduced,_Yintonly,level,/cluster/projects/p274/projects/p040-ad_change/Berkeley/results/cortmaps/analysnum7matchF1procLONGpredAB1singleT1reproduce2/thickness/thickness_cortmapAB5_nTime2_analysnum7matchF1procLONGpredAB1singleT1reproduce2_Yintonly.csv,0,0,0,NA,rh_posteriorcingulate,NA
rh_precentral_thickness.aparcnative71,convgroup,0.0264460437357702,0.0762383544596118,0.346886339864278,0.731098291594058,convgroup,0.126664982156046,0.95,-0.590772843814168,0.84200492416549,5,analysnum7matchF1procLONGpredAB1singleT1reproduce2,reduced,_Yintonly,level,/cluster/projects/p274/projects/p040-ad_change/Berkeley/results/cortmaps/analysnum7matchF1procLONGpredAB1singleT1reproduce2/thickness/thickness_cortmapAB5_nTime2_analysnum7matchF1procLONGpredAB1singleT1reproduce2_Yintonly.csv,0,0,0,NA,rh_precentral,NA
rh_precuneus_thickness.aparcnative71,convgroup,-0.0199965419075888,0.0528876697350824,-0.37809459194842,0.708022542357046,convgroup,-0.13806062458724,0.95,-0.853440261063275,0.579604784505707,5,analysnum7matchF1procLONGpredAB1singleT1reproduce2,reduced,_Yintonly,level,/cluster/projects/p274/projects/p040-ad_change/Berkeley/results/cortmaps/analysnum7matchF1procLONGpredAB1singleT1reproduce2/thickness/thickness_cortmapAB5_nTime2_analysnum7matchF1procLONGpredAB1singleT1reproduce2_Yintonly.csv,0,0,0,NA,rh_precuneus,NA
rh_rostralanteriorcingulate_thickness.aparcnative71,convgroup,0.0620899702612843,0.078886359086844,0.787081201110207,0.437408533469837,convgroup,0.287401418957547,0.95,-0.434291557984322,1.0043718551964,5,analysnum7matchF1procLONGpredAB1singleT1reproduce2,reduced,_Yintonly,level,/cluster/projects/p274/projects/p040-ad_change/Berkeley/results/cortmaps/analysnum7matchF1procLONGpredAB1singleT1reproduce2/thickness/thickness_cortmapAB5_nTime2_analysnum7matchF1procLONGpredAB1singleT1reproduce2_Yintonly.csv,0,0,0,NA,rh_rostralanteriorcingulate,NA
rh_rostralmiddlefrontal_thickness.aparcnative71,convgroup,0.030385460970616,0.0479382582613939,0.63384574393447,0.530984995097482,convgroup,0.231447741287702,0.95,-0.48850987447498,0.947589186824583,5,analysnum7matchF1procLONGpredAB1singleT1reproduce2,reduced,_Yintonly,level,/cluster/projects/p274/projects/p040-ad_change/Berkeley/results/cortmaps/analysnum7matchF1procLONGpredAB1singleT1reproduce2/thickness/thickness_cortmapAB5_nTime2_analysnum7matchF1procLONGpredAB1singleT1reproduce2_Yintonly.csv,0,0,0,NA,rh_rostralmiddlefrontal,NA
rh_superiorfrontal_thickness.aparcnative71,convgroup,0.0551179416547324,0.0591969181448349,0.931094783006734,0.359237325162399,convgroup,0.339987743885444,0.95,-0.383580720255041,1.0579913653126,5,analysnum7matchF1procLONGpredAB1singleT1reproduce2,reduced,_Yintonly,level,/cluster/projects/p274/projects/p040-ad_change/Berkeley/results/cortmaps/analysnum7matchF1procLONGpredAB1singleT1reproduce2/thickness/thickness_cortmapAB5_nTime2_analysnum7matchF1procLONGpredAB1singleT1reproduce2_Yintonly.csv,0,0,0,NA,rh_superiorfrontal,NA
rh_superiorparietal_thickness.aparcnative71,convgroup,0.0369693101413132,0.0599640197345826,0.616524881169568,0.542198768717044,convgroup,0.225123056453176,0.95,-0.494655474140136,0.941188273227776,5,analysnum7matchF1procLONGpredAB1singleT1reproduce2,reduced,_Yintonly,level,/cluster/projects/p274/projects/p040-ad_change/Berkeley/results/cortmaps/analysnum7matchF1procLONGpredAB1singleT1reproduce2/thickness/thickness_cortmapAB5_nTime2_analysnum7matchF1procLONGpredAB1singleT1reproduce2_Yintonly.csv,0,0,0,NA,rh_superiorparietal,NA
rh_superiortemporal_thickness.aparcnative71,convgroup,-0.0674099592145207,0.0531870860334799,-1.26741215286899,0.214757994674434,convgroup,-0.46279348385502,0.95,-1.18416403585515,0.266064796439913,5,analysnum7matchF1procLONGpredAB1singleT1reproduce2,reduced,_Yintonly,level,/cluster/projects/p274/projects/p040-ad_change/Berkeley/results/cortmaps/analysnum7matchF1procLONGpredAB1singleT1reproduce2/thickness/thickness_cortmapAB5_nTime2_analysnum7matchF1procLONGpredAB1singleT1reproduce2_Yintonly.csv,0,0,0,NA,rh_superiortemporal,NA
rh_supramarginal_thickness.aparcnative71,convgroup,0.0417055738940548,0.0545730384044723,0.764215721048014,0.450708091860313,convgroup,0.279052126145382,0.95,-0.442364793084329,0.995881164964652,5,analysnum7matchF1procLONGpredAB1singleT1reproduce2,reduced,_Yintonly,level,/cluster/projects/p274/projects/p040-ad_change/Berkeley/results/cortmaps/analysnum7matchF1procLONGpredAB1singleT1reproduce2/thickness/thickness_cortmapAB5_nTime2_analysnum7matchF1procLONGpredAB1singleT1reproduce2_Yintonly.csv,0,0,0,NA,rh_supramarginal,NA
rh_frontalpole_thickness.aparcnative71,convgroup,0.0903651507866207,0.0985722069896856,0.916740667032812,0.366589762978992,convgroup,0.334746361810802,0.95,-0.388624593600515,1.05263603227178,5,analysnum7matchF1procLONGpredAB1singleT1reproduce2,reduced,_Yintonly,level,/cluster/projects/p274/projects/p040-ad_change/Berkeley/results/cortmaps/analysnum7matchF1procLONGpredAB1singleT1reproduce2/thickness/thickness_cortmapAB5_nTime2_analysnum7matchF1procLONGpredAB1singleT1reproduce2_Yintonly.csv,0,0,0,NA,rh_frontalpole,NA
rh_temporalpole_thickness.aparcnative71,convgroup,0.101279555295911,0.153237870921396,0.660930321512125,0.513700978854014,convgroup,0.241337630687555,0.95,-0.47890711868947,0.957605279327288,5,analysnum7matchF1procLONGpredAB1singleT1reproduce2,reduced,_Yintonly,level,/cluster/projects/p274/projects/p040-ad_change/Berkeley/results/cortmaps/analysnum7matchF1procLONGpredAB1singleT1reproduce2/thickness/thickness_cortmapAB5_nTime2_analysnum7matchF1procLONGpredAB1singleT1reproduce2_Yintonly.csv,0,0,0,NA,rh_temporalpole,NA
rh_transversetemporal_thickness.aparcnative71,convgroup,0.00410170454989699,0.0960845010103968,0.0426885138265241,0.966232697751661,convgroup,0.0155876413127723,0.95,-0.700230111402316,0.731146745927752,5,analysnum7matchF1procLONGpredAB1singleT1reproduce2,reduced,_Yintonly,level,/cluster/projects/p274/projects/p040-ad_change/Berkeley/results/cortmaps/analysnum7matchF1procLONGpredAB1singleT1reproduce2/thickness/thickness_cortmapAB5_nTime2_analysnum7matchF1procLONGpredAB1singleT1reproduce2_Yintonly.csv,0,0,0,NA,rh_transversetemporal,NA
rh_insula_thickness.aparcnative71,convgroup,0.0280903337272404,0.0769724746107319,0.364939984966053,0.717716407054183,convgroup,0.133257241267669,0.95,-0.584310855613413,0.848618671294915,5,analysnum7matchF1procLONGpredAB1singleT1reproduce2,reduced,_Yintonly,level,/cluster/projects/p274/projects/p040-ad_change/Berkeley/results/cortmaps/analysnum7matchF1procLONGpredAB1singleT1reproduce2/thickness/thickness_cortmapAB5_nTime2_analysnum7matchF1procLONGpredAB1singleT1reproduce2_Yintonly.csv,0,0,0,NA,rh_insula,NA
rh_MeanThickness_thickness.aparcnative71,convgroup,0.00733623990188233,0.0421616131310992,0.174002827621199,0.863032116800429,convgroup,0.0635368491718757,0.95,-0.652846766593039,0.77886666673598,5,analysnum7matchF1procLONGpredAB1singleT1reproduce2,reduced,_Yintonly,level,/cluster/projects/p274/projects/p040-ad_change/Berkeley/results/cortmaps/analysnum7matchF1procLONGpredAB1singleT1reproduce2/thickness/thickness_cortmapAB5_nTime2_analysnum7matchF1procLONGpredAB1singleT1reproduce2_Yintonly.csv,0,0,0,NA,rh_MeanThickness,NA
lh_bankssts_thickness.aparcnative71,convgroup,0.0207562171130327,0.116791706404697,0.177719957623616,0.860434392865537,convgroup,0.0725538688811515,0.95,-0.728609634183705,0.872215055813163,6,analysnum7matchF1procLONGpredAB1singleT1reproduce2,reduced,_Yintonly,level,/cluster/projects/p274/projects/p040-ad_change/Berkeley/results/cortmaps/analysnum7matchF1procLONGpredAB1singleT1reproduce2/thickness/thickness_cortmapAB6_nTime2_analysnum7matchF1procLONGpredAB1singleT1reproduce2_Yintonly.csv,0,0,0,NA,lh_bankssts,NA
lh_caudalanteriorcingulate_thickness.aparcnative71,convgroup,0.00182143169146666,0.120641609758403,0.0150978729073183,0.988078907833117,convgroup,0.00616368080405338,0.95,-0.794054036869392,0.806253654556259,6,analysnum7matchF1procLONGpredAB1singleT1reproduce2,reduced,_Yintonly,level,/cluster/projects/p274/projects/p040-ad_change/Berkeley/results/cortmaps/analysnum7matchF1procLONGpredAB1singleT1reproduce2/thickness/thickness_cortmapAB6_nTime2_analysnum7matchF1procLONGpredAB1singleT1reproduce2_Yintonly.csv,0,0,0,NA,lh_caudalanteriorcingulate,NA
lh_caudalmiddlefrontal_thickness.aparcnative71,convgroup,0.0169268526180454,0.0843836083307197,0.20059408400391,0.842706169541221,convgroup,0.0818921918717606,0.95,-0.719439197031239,0.881528202480223,6,analysnum7matchF1procLONGpredAB1singleT1reproduce2,reduced,_Yintonly,level,/cluster/projects/p274/projects/p040-ad_change/Berkeley/results/cortmaps/analysnum7matchF1procLONGpredAB1singleT1reproduce2/thickness/thickness_cortmapAB6_nTime2_analysnum7matchF1procLONGpredAB1singleT1reproduce2_Yintonly.csv,0,0,0,NA,lh_caudalmiddlefrontal,NA
lh_cuneus_thickness.aparcnative71,convgroup,0.0192545570123594,0.0693218954196401,0.277755778254503,0.783578542755497,convgroup,0.113393321638861,0.95,-0.68856745316402,0.913008269136362,6,analysnum7matchF1procLONGpredAB1singleT1reproduce2,reduced,_Yintonly,level,/cluster/projects/p274/projects/p040-ad_change/Berkeley/results/cortmaps/analysnum7matchF1procLONGpredAB1singleT1reproduce2/thickness/thickness_cortmapAB6_nTime2_analysnum7matchF1procLONGpredAB1singleT1reproduce2_Yintonly.csv,0,0,0,NA,lh_cuneus,NA
lh_entorhinal_thickness.aparcnative71,convgroup,-0.0083613312958716,0.132017872868113,-0.0633348433376489,0.950024422500009,convgroup,-0.0258563415193918,0.95,-0.825773504369207,0.774596507831339,6,analysnum7matchF1procLONGpredAB1singleT1reproduce2,reduced,_Yintonly,level,/cluster/projects/p274/projects/p040-ad_change/Berkeley/results/cortmaps/analysnum7matchF1procLONGpredAB1singleT1reproduce2/thickness/thickness_cortmapAB6_nTime2_analysnum7matchF1procLONGpredAB1singleT1reproduce2_Yintonly.csv,0,0,0,NA,lh_entorhinal,NA
lh_fusiform_thickness.aparcnative71,convgroup,-0.0110812468390192,0.0679647128236523,-0.163044120671438,0.871848815256092,convgroup,-0.0665624835342985,0.95,-0.866244420783285,0.734497838507195,6,analysnum7matchF1procLONGpredAB1singleT1reproduce2,reduced,_Yintonly,level,/cluster/projects/p274/projects/p040-ad_change/Berkeley/results/cortmaps/analysnum7matchF1procLONGpredAB1singleT1reproduce2/thickness/thickness_cortmapAB6_nTime2_analysnum7matchF1procLONGpredAB1singleT1reproduce2_Yintonly.csv,0,0,0,NA,lh_fusiform,NA
lh_inferiorparietal_thickness.aparcnative71,convgroup,-0.0174835360724551,0.0788100212773312,-0.221844072480717,0.826312124988625,convgroup,-0.0905674633397939,0.95,-0.890187815082526,0.710927542692575,6,analysnum7matchF1procLONGpredAB1singleT1reproduce2,reduced,_Yintonly,level,/cluster/projects/p274/projects/p040-ad_change/Berkeley/results/cortmaps/analysnum7matchF1procLONGpredAB1singleT1reproduce2/thickness/thickness_cortmapAB6_nTime2_analysnum7matchF1procLONGpredAB1singleT1reproduce2_Yintonly.csv,0,0,0,NA,lh_inferiorparietal,NA
lh_inferiortemporal_thickness.aparcnative71,convgroup,0.0226288452844184,0.0654683646928258,0.345645494439822,0.732620560358918,convgroup,0.141109182211594,0.95,-0.661485711363341,0.940787388635025,6,analysnum7matchF1procLONGpredAB1singleT1reproduce2,reduced,_Yintonly,level,/cluster/projects/p274/projects/p040-ad_change/Berkeley/results/cortmaps/analysnum7matchF1procLONGpredAB1singleT1reproduce2/thickness/thickness_cortmapAB6_nTime2_analysnum7matchF1procLONGpredAB1singleT1reproduce2_Yintonly.csv,0,0,0,NA,lh_inferiortemporal,NA
lh_isthmuscingulate_thickness.aparcnative71,convgroup,0.115160598523028,0.0877193681154125,1.31282977747299,0.201655938516072,convgroup,0.535960512323401,0.95,-0.2836473088009,1.34483396700565,6,analysnum7matchF1procLONGpredAB1singleT1reproduce2,reduced,_Yintonly,level,/cluster/projects/p274/projects/p040-ad_change/Berkeley/results/cortmaps/analysnum7matchF1procLONGpredAB1singleT1reproduce2/thickness/thickness_cortmapAB6_nTime2_analysnum7matchF1procLONGpredAB1singleT1reproduce2_Yintonly.csv,0,0,0,NA,lh_isthmuscingulate,NA
lh_lateraloccipital_thickness.aparcnative71,convgroup,0.0418611675414844,0.0801130227233714,0.522526377341049,0.606094245414837,convgroup,0.213320500271759,0.95,-0.591277706087025,1.01352290466117,6,analysnum7matchF1procLONGpredAB1singleT1reproduce2,reduced,_Yintonly,level,/cluster/projects/p274/projects/p040-ad_change/Berkeley/results/cortmaps/analysnum7matchF1procLONGpredAB1singleT1reproduce2/thickness/thickness_cortmapAB6_nTime2_analysnum7matchF1procLONGpredAB1singleT1reproduce2_Yintonly.csv,0,0,0,NA,lh_lateraloccipital,NA
lh_lateralorbitofrontal_thickness.aparcnative71,convgroup,0.0134519939226546,0.0512002590704999,0.262732926880935,0.794998685929147,convgroup,0.107260268247709,0.95,-0.694570263432584,0.906871652458584,6,analysnum7matchF1procLONGpredAB1singleT1reproduce2,reduced,_Yintonly,level,/cluster/projects/p274/projects/p040-ad_change/Berkeley/results/cortmaps/analysnum7matchF1procLONGpredAB1singleT1reproduce2/thickness/thickness_cortmapAB6_nTime2_analysnum7matchF1procLONGpredAB1singleT1reproduce2_Yintonly.csv,0,0,0,NA,lh_lateralorbitofrontal,NA
lh_lingual_thickness.aparcnative71,convgroup,-0.0300230088125503,0.051950032127833,-0.577920890186805,0.56870084421717,convgroup,-0.235935215442117,0.95,-1.0364087158553,0.569394194946909,6,analysnum7matchF1procLONGpredAB1singleT1reproduce2,reduced,_Yintonly,level,/cluster/projects/p274/projects/p040-ad_change/Berkeley/results/cortmaps/analysnum7matchF1procLONGpredAB1singleT1reproduce2/thickness/thickness_cortmapAB6_nTime2_analysnum7matchF1procLONGpredAB1singleT1reproduce2_Yintonly.csv,0,0,0,NA,lh_lingual,NA
lh_medialorbitofrontal_thickness.aparcnative71,convgroup,0.0681020218562345,0.0618782792916632,1.10058040779117,0.281995945628822,convgroup,0.449310069998766,0.95,-0.365313363581133,1.25484455106264,6,analysnum7matchF1procLONGpredAB1singleT1reproduce2,reduced,_Yintonly,level,/cluster/projects/p274/projects/p040-ad_change/Berkeley/results/cortmaps/analysnum7matchF1procLONGpredAB1singleT1reproduce2/thickness/thickness_cortmapAB6_nTime2_analysnum7matchF1procLONGpredAB1singleT1reproduce2_Yintonly.csv,0,0,0,NA,lh_medialorbitofrontal,NA
lh_middletemporal_thickness.aparcnative71,convgroup,-0.0235085560917169,0.0817503727296342,-0.287565124252885,0.776148118696495,convgroup,-0.117397970373269,0.95,-0.917017370529747,0.684649817375819,6,analysnum7matchF1procLONGpredAB1singleT1reproduce2,reduced,_Yintonly,level,/cluster/projects/p274/projects/p040-ad_change/Berkeley/results/cortmaps/analysnum7matchF1procLONGpredAB1singleT1reproduce2/thickness/thickness_cortmapAB6_nTime2_analysnum7matchF1procLONGpredAB1singleT1reproduce2_Yintonly.csv,0,0,0,NA,lh_middletemporal,NA
lh_parahippocampal_thickness.aparcnative71,convgroup,-0.0329870595784177,0.191054674876438,-0.172657693928461,0.864368299241972,convgroup,-0.0704872083817273,0.95,-0.870155156113469,0.730640331938528,6,analysnum7matchF1procLONGpredAB1singleT1reproduce2,reduced,_Yintonly,level,/cluster/projects/p274/projects/p040-ad_change/Berkeley/results/cortmaps/analysnum7matchF1procLONGpredAB1singleT1reproduce2/thickness/thickness_cortmapAB6_nTime2_analysnum7matchF1procLONGpredAB1singleT1reproduce2_Yintonly.csv,0,0,0,NA,lh_parahippocampal,NA
lh_paracentral_thickness.aparcnative71,convgroup,0.0626035161978826,0.102709661720911,0.609519252122478,0.54790789594739,convgroup,0.248835192683814,0.95,-0.556933302155324,1.0494861759625,6,analysnum7matchF1procLONGpredAB1singleT1reproduce2,reduced,_Yintonly,level,/cluster/projects/p274/projects/p040-ad_change/Berkeley/results/cortmaps/analysnum7matchF1procLONGpredAB1singleT1reproduce2/thickness/thickness_cortmapAB6_nTime2_analysnum7matchF1procLONGpredAB1singleT1reproduce2_Yintonly.csv,0,0,0,NA,lh_paracentral,NA
lh_parsopercularis_thickness.aparcnative71,convgroup,0.0545849262055918,0.0899180085357276,0.607052214506099,0.549516825427104,convgroup,0.247828028794417,0.95,-0.557905672333487,1.04846453307117,6,analysnum7matchF1procLONGpredAB1singleT1reproduce2,reduced,_Yintonly,level,/cluster/projects/p274/projects/p040-ad_change/Berkeley/results/cortmaps/analysnum7matchF1procLONGpredAB1singleT1reproduce2/thickness/thickness_cortmapAB6_nTime2_analysnum7matchF1procLONGpredAB1singleT1reproduce2_Yintonly.csv,0,0,0,NA,lh_parsopercularis,NA
lh_parsorbitalis_thickness.aparcnative71,convgroup,0.0753705146949503,0.0883155735064422,0.853422694350191,0.401862615418276,convgroup,0.34840835601153,0.95,-0.461284781715663,1.15098648494531,6,analysnum7matchF1procLONGpredAB1singleT1reproduce2,reduced,_Yintonly,level,/cluster/projects/p274/projects/p040-ad_change/Berkeley/results/cortmaps/analysnum7matchF1procLONGpredAB1singleT1reproduce2/thickness/thickness_cortmapAB6_nTime2_analysnum7matchF1procLONGpredAB1singleT1reproduce2_Yintonly.csv,0,0,0,NA,lh_parsorbitalis,NA
lh_parstriangularis_thickness.aparcnative71,convgroup,0.0349068937700492,0.0796225037733376,0.438404874448801,0.665013791914264,convgroup,0.178978040524747,0.95,-0.624604312772796,0.978866290825743,6,analysnum7matchF1procLONGpredAB1singleT1reproduce2,reduced,_Yintonly,level,/cluster/projects/p274/projects/p040-ad_change/Berkeley/results/cortmaps/analysnum7matchF1procLONGpredAB1singleT1reproduce2/thickness/thickness_cortmapAB6_nTime2_analysnum7matchF1procLONGpredAB1singleT1reproduce2_Yintonly.csv,0,0,0,NA,lh_parstriangularis,NA
lh_pericalcarine_thickness.aparcnative71,convgroup,0.0133515812061999,0.0537244056336799,0.248519849567768,0.80584648095237,convgroup,0.101457803732378,0.95,-0.700253086522576,0.901069135059592,6,analysnum7matchF1procLONGpredAB1singleT1reproduce2,reduced,_Yintonly,level,/cluster/projects/p274/projects/p040-ad_change/Berkeley/results/cortmaps/analysnum7matchF1procLONGpredAB1singleT1reproduce2/thickness/thickness_cortmapAB6_nTime2_analysnum7matchF1procLONGpredAB1singleT1reproduce2_Yintonly.csv,0,0,0,NA,lh_pericalcarine,NA
lh_postcentral_thickness.aparcnative71,convgroup,-0.000632734538454985,0.0609258336189589,-0.010385324268392,0.991799706507491,convgroup,-0.00423979087848389,0.95,-0.80434867382221,0.795956947476033,6,analysnum7matchF1procLONGpredAB1singleT1reproduce2,reduced,_Yintonly,level,/cluster/projects/p274/projects/p040-ad_change/Berkeley/results/cortmaps/analysnum7matchF1procLONGpredAB1singleT1reproduce2/thickness/thickness_cortmapAB6_nTime2_analysnum7matchF1procLONGpredAB1singleT1reproduce2_Yintonly.csv,0,0,0,NA,lh_postcentral,NA
lh_posteriorcingulate_thickness.aparcnative71,convgroup,0.120536218934587,0.082698555138282,1.45753718106726,0.157929814108759,convgroup,0.595037062458227,0.95,-0.2283587655286,1.40660696313235,6,analysnum7matchF1procLONGpredAB1singleT1reproduce2,reduced,_Yintonly,level,/cluster/projects/p274/projects/p040-ad_change/Berkeley/results/cortmaps/analysnum7matchF1procLONGpredAB1singleT1reproduce2/thickness/thickness_cortmapAB6_nTime2_analysnum7matchF1procLONGpredAB1singleT1reproduce2_Yintonly.csv,0,0,0,NA,lh_posteriorcingulate,NA
lh_precentral_thickness.aparcnative71,convgroup,0.00680802957360985,0.0883851485402476,0.0770268499408552,0.939240740371159,convgroup,0.0314460798081707,0.95,-0.769080514939927,0.831321223734428,6,analysnum7matchF1procLONGpredAB1singleT1reproduce2,reduced,_Yintonly,level,/cluster/projects/p274/projects/p040-ad_change/Berkeley/results/cortmaps/analysnum7matchF1procLONGpredAB1singleT1reproduce2/thickness/thickness_cortmapAB6_nTime2_analysnum7matchF1procLONGpredAB1singleT1reproduce2_Yintonly.csv,0,0,0,NA,lh_precentral,NA
lh_precuneus_thickness.aparcnative71,convgroup,0.0594141627782755,0.0689013346807144,0.862307864624074,0.397052895400628,convgroup,0.352035711586323,0.95,-0.457818165187386,1.15470272710755,6,analysnum7matchF1procLONGpredAB1singleT1reproduce2,reduced,_Yintonly,level,/cluster/projects/p274/projects/p040-ad_change/Berkeley/results/cortmaps/analysnum7matchF1procLONGpredAB1singleT1reproduce2/thickness/thickness_cortmapAB6_nTime2_analysnum7matchF1procLONGpredAB1singleT1reproduce2_Yintonly.csv,0,0,0,NA,lh_precuneus,NA
lh_rostralanteriorcingulate_thickness.aparcnative71,convgroup,-0.0263337251664662,0.123746009680076,-0.212804641010626,0.833276537098901,convgroup,-0.0868771308953643,0.95,-0.886503236722832,0.714547402353345,6,analysnum7matchF1procLONGpredAB1singleT1reproduce2,reduced,_Yintonly,level,/cluster/projects/p274/projects/p040-ad_change/Berkeley/results/cortmaps/analysnum7matchF1procLONGpredAB1singleT1reproduce2/thickness/thickness_cortmapAB6_nTime2_analysnum7matchF1procLONGpredAB1singleT1reproduce2_Yintonly.csv,0,0,0,NA,lh_rostralanteriorcingulate,NA
lh_rostralmiddlefrontal_thickness.aparcnative71,convgroup,0.0875670526651191,0.0590705537849885,1.48241462207812,0.151242787505576,convgroup,0.605193235222026,0.95,-0.2188851865242,1.41726075203817,6,analysnum7matchF1procLONGpredAB1singleT1reproduce2,reduced,_Yintonly,level,/cluster/projects/p274/projects/p040-ad_change/Berkeley/results/cortmaps/analysnum7matchF1procLONGpredAB1singleT1reproduce2/thickness/thickness_cortmapAB6_nTime2_analysnum7matchF1procLONGpredAB1singleT1reproduce2_Yintonly.csv,0,0,0,NA,lh_rostralmiddlefrontal,NA
lh_superiorfrontal_thickness.aparcnative71,convgroup,0.103960452759971,0.0816047854989373,1.27395044450335,0.214880134832401,convgroup,0.52008809110417,0.95,-0.29855552882996,1.32829493223746,6,analysnum7matchF1procLONGpredAB1singleT1reproduce2,reduced,_Yintonly,level,/cluster/projects/p274/projects/p040-ad_change/Berkeley/results/cortmaps/analysnum7matchF1procLONGpredAB1singleT1reproduce2/thickness/thickness_cortmapAB6_nTime2_analysnum7matchF1procLONGpredAB1singleT1reproduce2_Yintonly.csv,0,0,0,NA,lh_superiorfrontal,NA
lh_superiorparietal_thickness.aparcnative71,convgroup,-0.0126393282917012,0.0715417255794031,-0.176670721726903,0.861249459498371,convgroup,-0.0721255201200249,0.95,-0.87178807016166,0.729030564653422,6,analysnum7matchF1procLONGpredAB1singleT1reproduce2,reduced,_Yintonly,level,/cluster/projects/p274/projects/p040-ad_change/Berkeley/results/cortmaps/analysnum7matchF1procLONGpredAB1singleT1reproduce2/thickness/thickness_cortmapAB6_nTime2_analysnum7matchF1procLONGpredAB1singleT1reproduce2_Yintonly.csv,0,0,0,NA,lh_superiorparietal,NA
lh_superiortemporal_thickness.aparcnative71,convgroup,-0.0422832844352208,0.0702218276906663,-0.602138762629231,0.552728598663474,convgroup,-0.245822120465409,0.95,-1.04643012266858,0.559842330604144,6,analysnum7matchF1procLONGpredAB1singleT1reproduce2,reduced,_Yintonly,level,/cluster/projects/p274/projects/p040-ad_change/Berkeley/results/cortmaps/analysnum7matchF1procLONGpredAB1singleT1reproduce2/thickness/thickness_cortmapAB6_nTime2_analysnum7matchF1procLONGpredAB1singleT1reproduce2_Yintonly.csv,0,0,0,NA,lh_superiortemporal,NA
lh_supramarginal_thickness.aparcnative71,convgroup,-0.0390449857617794,0.0830381151842214,-0.470205587821417,0.642453004758383,convgroup,-0.191960627394649,0.95,-0.991953844056076,0.611992283946223,6,analysnum7matchF1procLONGpredAB1singleT1reproduce2,reduced,_Yintonly,level,/cluster/projects/p274/projects/p040-ad_change/Berkeley/results/cortmaps/analysnum7matchF1procLONGpredAB1singleT1reproduce2/thickness/thickness_cortmapAB6_nTime2_analysnum7matchF1procLONGpredAB1singleT1reproduce2_Yintonly.csv,0,0,0,NA,lh_supramarginal,NA
lh_frontalpole_thickness.aparcnative71,convgroup,-0.0401594724755312,0.0963961799093296,-0.4166085472817,0.680667256110255,convgroup,-0.170079727220388,0.95,-0.969905744920245,0.633258052204577,6,analysnum7matchF1procLONGpredAB1singleT1reproduce2,reduced,_Yintonly,level,/cluster/projects/p274/projects/p040-ad_change/Berkeley/results/cortmaps/analysnum7matchF1procLONGpredAB1singleT1reproduce2/thickness/thickness_cortmapAB6_nTime2_analysnum7matchF1procLONGpredAB1singleT1reproduce2_Yintonly.csv,0,0,0,NA,lh_frontalpole,NA
lh_temporalpole_thickness.aparcnative71,convgroup,-0.134457976968209,0.131791637681388,-1.02023147548456,0.317793464445598,convgroup,-0.416507755743995,0.95,-1.2209709045531,0.396409404354604,6,analysnum7matchF1procLONGpredAB1singleT1reproduce2,reduced,_Yintonly,level,/cluster/projects/p274/projects/p040-ad_change/Berkeley/results/cortmaps/analysnum7matchF1procLONGpredAB1singleT1reproduce2/thickness/thickness_cortmapAB6_nTime2_analysnum7matchF1procLONGpredAB1singleT1reproduce2_Yintonly.csv,0,0,0,NA,lh_temporalpole,NA
lh_transversetemporal_thickness.aparcnative71,convgroup,-0.0811580378247786,0.130779272399254,-0.620572636136194,0.540729732693988,convgroup,-0.253347717811254,0.95,-1.05406468005033,0.552578257176447,6,analysnum7matchF1procLONGpredAB1singleT1reproduce2,reduced,_Yintonly,level,/cluster/projects/p274/projects/p040-ad_change/Berkeley/results/cortmaps/analysnum7matchF1procLONGpredAB1singleT1reproduce2/thickness/thickness_cortmapAB6_nTime2_analysnum7matchF1procLONGpredAB1singleT1reproduce2_Yintonly.csv,0,0,0,NA,lh_transversetemporal,NA
lh_insula_thickness.aparcnative71,convgroup,0.0892698305024391,0.0773395275627077,1.15425880291366,0.259758775404737,convgroup,0.471224183042368,0.95,-0.344594926530704,1.27753354756394,6,analysnum7matchF1procLONGpredAB1singleT1reproduce2,reduced,_Yintonly,level,/cluster/projects/p274/projects/p040-ad_change/Berkeley/results/cortmaps/analysnum7matchF1procLONGpredAB1singleT1reproduce2/thickness/thickness_cortmapAB6_nTime2_analysnum7matchF1procLONGpredAB1singleT1reproduce2_Yintonly.csv,0,0,0,NA,lh_insula,NA
lh_MeanThickness_thickness.aparcnative71,convgroup,0.0200430038507513,0.0555348358043194,0.360908672195847,0.721325160371767,convgroup,0.147340348437537,0.95,-0.655407423997532,0.947043236951885,6,analysnum7matchF1procLONGpredAB1singleT1reproduce2,reduced,_Yintonly,level,/cluster/projects/p274/projects/p040-ad_change/Berkeley/results/cortmaps/analysnum7matchF1procLONGpredAB1singleT1reproduce2/thickness/thickness_cortmapAB6_nTime2_analysnum7matchF1procLONGpredAB1singleT1reproduce2_Yintonly.csv,0,0,0,NA,lh_MeanThickness,NA
rh_bankssts_thickness.aparcnative71,convgroup,-0.0280664814211027,0.125257590967085,-0.224070103890773,0.824599287455623,convgroup,-0.0914762368574682,0.95,-0.891095397557072,0.710036327598742,6,analysnum7matchF1procLONGpredAB1singleT1reproduce2,reduced,_Yintonly,level,/cluster/projects/p274/projects/p040-ad_change/Berkeley/results/cortmaps/analysnum7matchF1procLONGpredAB1singleT1reproduce2/thickness/thickness_cortmapAB6_nTime2_analysnum7matchF1procLONGpredAB1singleT1reproduce2_Yintonly.csv,0,0,0,NA,rh_bankssts,NA
rh_caudalanteriorcingulate_thickness.aparcnative71,convgroup,0.130578895661358,0.123580451489588,1.05663067327732,0.301200689731205,convgroup,0.431367666017147,0.95,-0.382309761713093,1.2363029245125,6,analysnum7matchF1procLONGpredAB1singleT1reproduce2,reduced,_Yintonly,level,/cluster/projects/p274/projects/p040-ad_change/Berkeley/results/cortmaps/analysnum7matchF1procLONGpredAB1singleT1reproduce2/thickness/thickness_cortmapAB6_nTime2_analysnum7matchF1procLONGpredAB1singleT1reproduce2_Yintonly.csv,0,0,0,NA,rh_caudalanteriorcingulate,NA
rh_caudalmiddlefrontal_thickness.aparcnative71,convgroup,0.0288017994085323,0.0734944164139282,0.391890987286947,0.698597024487452,convgroup,0.159988825608092,0.95,-0.643080913234474,0.959753851587403,6,analysnum7matchF1procLONGpredAB1singleT1reproduce2,reduced,_Yintonly,level,/cluster/projects/p274/projects/p040-ad_change/Berkeley/results/cortmaps/analysnum7matchF1procLONGpredAB1singleT1reproduce2/thickness/thickness_cortmapAB6_nTime2_analysnum7matchF1procLONGpredAB1singleT1reproduce2_Yintonly.csv,0,0,0,NA,rh_caudalmiddlefrontal,NA
rh_cuneus_thickness.aparcnative71,convgroup,-0.0169227190501671,0.0465589956006084,-0.36346830149287,0.719437156616142,convgroup,-0.148385312722268,0.95,-0.948092771269559,0.654388491349362,6,analysnum7matchF1procLONGpredAB1singleT1reproduce2,reduced,_Yintonly,level,/cluster/projects/p274/projects/p040-ad_change/Berkeley/results/cortmaps/analysnum7matchF1procLONGpredAB1singleT1reproduce2/thickness/thickness_cortmapAB6_nTime2_analysnum7matchF1procLONGpredAB1singleT1reproduce2_Yintonly.csv,0,0,0,NA,rh_cuneus,NA
rh_entorhinal_thickness.aparcnative71,convgroup,0.0180933452293362,0.159901653253254,0.113152959092172,0.910850476739366,convgroup,0.0461945021103068,0.95,-0.754541444164216,0.845973578430329,6,analysnum7matchF1procLONGpredAB1singleT1reproduce2,reduced,_Yintonly,level,/cluster/projects/p274/projects/p040-ad_change/Berkeley/results/cortmaps/analysnum7matchF1procLONGpredAB1singleT1reproduce2/thickness/thickness_cortmapAB6_nTime2_analysnum7matchF1procLONGpredAB1singleT1reproduce2_Yintonly.csv,0,0,0,NA,rh_entorhinal,NA
rh_fusiform_thickness.aparcnative71,convgroup,-0.00881305808270631,0.0839853592543438,-0.104935647843294,0.917298951533335,convgroup,-0.0428397988407426,0.95,-0.84263881309661,0.757846651466854,6,analysnum7matchF1procLONGpredAB1singleT1reproduce2,reduced,_Yintonly,level,/cluster/projects/p274/projects/p040-ad_change/Berkeley/results/cortmaps/analysnum7matchF1procLONGpredAB1singleT1reproduce2/thickness/thickness_cortmapAB6_nTime2_analysnum7matchF1procLONGpredAB1singleT1reproduce2_Yintonly.csv,0,0,0,NA,rh_fusiform,NA
rh_inferiorparietal_thickness.aparcnative71,convgroup,-0.0174240869713497,0.0778143894114554,-0.223918572170722,0.824715856672043,convgroup,-0.0914143742918065,0.95,-0.891033600116675,0.710096981548929,6,analysnum7matchF1procLONGpredAB1singleT1reproduce2,reduced,_Yintonly,level,/cluster/projects/p274/projects/p040-ad_change/Berkeley/results/cortmaps/analysnum7matchF1procLONGpredAB1singleT1reproduce2/thickness/thickness_cortmapAB6_nTime2_analysnum7matchF1procLONGpredAB1singleT1reproduce2_Yintonly.csv,0,0,0,NA,rh_inferiorparietal,NA
rh_inferiortemporal_thickness.aparcnative71,convgroup,-0.0355988153145979,0.0918467702579251,-0.387589190285394,0.701736209691093,convgroup,-0.158232624336285,0.95,-0.957988076546447,0.64479148941883,6,analysnum7matchF1procLONGpredAB1singleT1reproduce2,reduced,_Yintonly,level,/cluster/projects/p274/projects/p040-ad_change/Berkeley/results/cortmaps/analysnum7matchF1procLONGpredAB1singleT1reproduce2/thickness/thickness_cortmapAB6_nTime2_analysnum7matchF1procLONGpredAB1singleT1reproduce2_Yintonly.csv,0,0,0,NA,rh_inferiortemporal,NA
rh_isthmuscingulate_thickness.aparcnative71,convgroup,-0.00736931084172464,0.0812460491083543,-0.0907036209464969,0.928480874358471,convgroup,-0.0370295981902896,0.95,-0.836865854260884,0.763573723588811,6,analysnum7matchF1procLONGpredAB1singleT1reproduce2,reduced,_Yintonly,level,/cluster/projects/p274/projects/p040-ad_change/Berkeley/results/cortmaps/analysnum7matchF1procLONGpredAB1singleT1reproduce2/thickness/thickness_cortmapAB6_nTime2_analysnum7matchF1procLONGpredAB1singleT1reproduce2_Yintonly.csv,0,0,0,NA,rh_isthmuscingulate,NA
rh_lateraloccipital_thickness.aparcnative71,convgroup,0.0408633656385099,0.0791679668350028,0.516160352124173,0.610465607617523,convgroup,0.210721581359919,0.95,-0.593795747025999,1.01089610037521,6,analysnum7matchF1procLONGpredAB1singleT1reproduce2,reduced,_Yintonly,level,/cluster/projects/p274/projects/p040-ad_change/Berkeley/results/cortmaps/analysnum7matchF1procLONGpredAB1singleT1reproduce2/thickness/thickness_cortmapAB6_nTime2_analysnum7matchF1procLONGpredAB1singleT1reproduce2_Yintonly.csv,0,0,0,NA,rh_lateraloccipital,NA
rh_lateralorbitofrontal_thickness.aparcnative71,convgroup,-0.06775620809355,0.0543671957897618,-1.2462700551186,0.224693342165697,convgroup,-0.508787619458472,0.95,-1.31653487719293,0.309183466805134,6,analysnum7matchF1procLONGpredAB1singleT1reproduce2,reduced,_Yintonly,level,/cluster/projects/p274/projects/p040-ad_change/Berkeley/results/cortmaps/analysnum7matchF1procLONGpredAB1singleT1reproduce2/thickness/thickness_cortmapAB6_nTime2_analysnum7matchF1procLONGpredAB1singleT1reproduce2_Yintonly.csv,0,0,0,NA,rh_lateralorbitofrontal,NA
rh_lingual_thickness.aparcnative71,convgroup,0.0112448260271238,0.0551645533604939,0.203841513111511,0.840195929508666,convgroup,0.0832179492533416,0.95,-0.718137921025048,0.882851098650438,6,analysnum7matchF1procLONGpredAB1singleT1reproduce2,reduced,_Yintonly,level,/cluster/projects/p274/projects/p040-ad_change/Berkeley/results/cortmaps/analysnum7matchF1procLONGpredAB1singleT1reproduce2/thickness/thickness_cortmapAB6_nTime2_analysnum7matchF1procLONGpredAB1singleT1reproduce2_Yintonly.csv,0,0,0,NA,rh_lingual,NA
rh_medialorbitofrontal_thickness.aparcnative71,convgroup,0.0575172757050236,0.0693072639413892,0.829888130538005,0.414780982162036,convgroup,0.338800410568392,0.95,-0.470472963551678,1.14114963693951,6,analysnum7matchF1procLONGpredAB1singleT1reproduce2,reduced,_Yintonly,level,/cluster/projects/p274/projects/p040-ad_change/Berkeley/results/cortmaps/analysnum7matchF1procLONGpredAB1singleT1reproduce2/thickness/thickness_cortmapAB6_nTime2_analysnum7matchF1procLONGpredAB1singleT1reproduce2_Yintonly.csv,0,0,0,NA,rh_medialorbitofrontal,NA
rh_middletemporal_thickness.aparcnative71,convgroup,0.0100979294710985,0.0823111429308632,0.12267998124604,0.903382055811944,convgroup,0.0500838926178348,0.95,-0.75071084745962,0.849841234684093,6,analysnum7matchF1procLONGpredAB1singleT1reproduce2,reduced,_Yintonly,level,/cluster/projects/p274/projects/p040-ad_change/Berkeley/results/cortmaps/analysnum7matchF1procLONGpredAB1singleT1reproduce2/thickness/thickness_cortmapAB6_nTime2_analysnum7matchF1procLONGpredAB1singleT1reproduce2_Yintonly.csv,0,0,0,NA,rh_middletemporal,NA
rh_parahippocampal_thickness.aparcnative71,convgroup,0.0681476000962936,0.152812842920807,0.445954664501661,0.65962732042335,convgroup,0.182060229407189,0.95,-0.621608653526576,0.981971902244625,6,analysnum7matchF1procLONGpredAB1singleT1reproduce2,reduced,_Yintonly,level,/cluster/projects/p274/projects/p040-ad_change/Berkeley/results/cortmaps/analysnum7matchF1procLONGpredAB1singleT1reproduce2/thickness/thickness_cortmapAB6_nTime2_analysnum7matchF1procLONGpredAB1singleT1reproduce2_Yintonly.csv,0,0,0,NA,rh_parahippocampal,NA
rh_paracentral_thickness.aparcnative71,convgroup,0.0474467749349692,0.0929776523829009,0.510302999903393,0.614500775806853,convgroup,0.208330327329141,0.95,-0.596113214520021,1.00847980076703,6,analysnum7matchF1procLONGpredAB1singleT1reproduce2,reduced,_Yintonly,level,/cluster/projects/p274/projects/p040-ad_change/Berkeley/results/cortmaps/analysnum7matchF1procLONGpredAB1singleT1reproduce2/thickness/thickness_cortmapAB6_nTime2_analysnum7matchF1procLONGpredAB1singleT1reproduce2_Yintonly.csv,0,0,0,NA,rh_paracentral,NA
rh_parsopercularis_thickness.aparcnative71,convgroup,0.0699548092106207,0.0752675338523282,0.929415454847626,0.361928317832163,convgroup,0.379432270572237,0.95,-0.431675487163233,1.18281211144447,6,analysnum7matchF1procLONGpredAB1singleT1reproduce2,reduced,_Yintonly,level,/cluster/projects/p274/projects/p040-ad_change/Berkeley/results/cortmaps/analysnum7matchF1procLONGpredAB1singleT1reproduce2/thickness/thickness_cortmapAB6_nTime2_analysnum7matchF1procLONGpredAB1singleT1reproduce2_Yintonly.csv,0,0,0,NA,rh_parsopercularis,NA
rh_parsorbitalis_thickness.aparcnative71,convgroup,0.0293353521255496,0.0997897888002099,0.293971482235344,0.771307090133949,convgroup,0.120013355067707,0.95,-0.682091921339273,0.919636579266245,6,analysnum7matchF1procLONGpredAB1singleT1reproduce2,reduced,_Yintonly,level,/cluster/projects/p274/projects/p040-ad_change/Berkeley/results/cortmaps/analysnum7matchF1procLONGpredAB1singleT1reproduce2/thickness/thickness_cortmapAB6_nTime2_analysnum7matchF1procLONGpredAB1singleT1reproduce2_Yintonly.csv,0,0,0,NA,rh_parsorbitalis,NA
rh_parstriangularis_thickness.aparcnative71,convgroup,0.0302600501222008,0.0866293541678395,0.34930481027913,0.729906777759496,convgroup,0.142603091647259,0.95,-0.660028136285468,0.942286846986828,6,analysnum7matchF1procLONGpredAB1singleT1reproduce2,reduced,_Yintonly,level,/cluster/projects/p274/projects/p040-ad_change/Berkeley/results/cortmaps/analysnum7matchF1procLONGpredAB1singleT1reproduce2/thickness/thickness_cortmapAB6_nTime2_analysnum7matchF1procLONGpredAB1singleT1reproduce2_Yintonly.csv,0,0,0,NA,rh_parstriangularis,NA
rh_pericalcarine_thickness.aparcnative71,convgroup,0.0466191649175714,0.0649934463492181,0.717290242882039,0.4801186408227,convgroup,0.292832515423001,0.95,-0.514553696264069,1.09421337419859,6,analysnum7matchF1procLONGpredAB1singleT1reproduce2,reduced,_Yintonly,level,/cluster/projects/p274/projects/p040-ad_change/Berkeley/results/cortmaps/analysnum7matchF1procLONGpredAB1singleT1reproduce2/thickness/thickness_cortmapAB6_nTime2_analysnum7matchF1procLONGpredAB1singleT1reproduce2_Yintonly.csv,0,0,0,NA,rh_pericalcarine,NA
rh_postcentral_thickness.aparcnative71,convgroup,0.0185748176250011,0.061679091039896,0.301152583668691,0.76589186539416,convgroup,0.122945027451519,0.95,-0.679225805648118,0.9225731746671,6,analysnum7matchF1procLONGpredAB1singleT1reproduce2,reduced,_Yintonly,level,/cluster/projects/p274/projects/p040-ad_change/Berkeley/results/cortmaps/analysnum7matchF1procLONGpredAB1singleT1reproduce2/thickness/thickness_cortmapAB6_nTime2_analysnum7matchF1procLONGpredAB1singleT1reproduce2_Yintonly.csv,0,0,0,NA,rh_postcentral,NA
rh_posteriorcingulate_thickness.aparcnative71,convgroup,0.0163374958349979,0.0965337554567881,0.169241274802689,0.867025241756302,convgroup,0.0690924611141228,0.95,-0.732011019561091,0.868765221530654,6,analysnum7matchF1procLONGpredAB1singleT1reproduce2,reduced,_Yintonly,level,/cluster/projects/p274/projects/p040-ad_change/Berkeley/results/cortmaps/analysnum7matchF1procLONGpredAB1singleT1reproduce2/thickness/thickness_cortmapAB6_nTime2_analysnum7matchF1procLONGpredAB1singleT1reproduce2_Yintonly.csv,0,0,0,NA,rh_posteriorcingulate,NA
rh_precentral_thickness.aparcnative71,convgroup,-0.00660475562613393,0.0962402582469993,-0.0686277836992386,0.945854487516079,convgroup,-0.0280171753735379,0.95,-0.827917763696224,0.772463825584271,6,analysnum7matchF1procLONGpredAB1singleT1reproduce2,reduced,_Yintonly,level,/cluster/projects/p274/projects/p040-ad_change/Berkeley/results/cortmaps/analysnum7matchF1procLONGpredAB1singleT1reproduce2/thickness/thickness_cortmapAB6_nTime2_analysnum7matchF1procLONGpredAB1singleT1reproduce2_Yintonly.csv,0,0,0,NA,rh_precentral,NA
rh_precuneus_thickness.aparcnative71,convgroup,-0.00604352178882491,0.0681777074704452,-0.088643663934355,0.930100657719919,convgroup,-0.0361886242616536,0.95,-0.83603053392862,0.76440295330903,6,analysnum7matchF1procLONGpredAB1singleT1reproduce2,reduced,_Yintonly,level,/cluster/projects/p274/projects/p040-ad_change/Berkeley/results/cortmaps/analysnum7matchF1procLONGpredAB1singleT1reproduce2/thickness/thickness_cortmapAB6_nTime2_analysnum7matchF1procLONGpredAB1singleT1reproduce2_Yintonly.csv,0,0,0,NA,rh_precuneus,NA
rh_rostralanteriorcingulate_thickness.aparcnative71,convgroup,0.0552867955884649,0.105178903652301,0.52564529262666,0.60395802696706,convgroup,0.214593792105211,0.95,-0.590044263181288,1.01481009896993,6,analysnum7matchF1procLONGpredAB1singleT1reproduce2,reduced,_Yintonly,level,/cluster/projects/p274/projects/p040-ad_change/Berkeley/results/cortmaps/analysnum7matchF1procLONGpredAB1singleT1reproduce2/thickness/thickness_cortmapAB6_nTime2_analysnum7matchF1procLONGpredAB1singleT1reproduce2_Yintonly.csv,0,0,0,NA,rh_rostralanteriorcingulate,NA
rh_rostralmiddlefrontal_thickness.aparcnative71,convgroup,0.0691331309266313,0.0602422407082226,1.1475856494361,0.262450944220887,convgroup,0.468499879543149,0.95,-0.347168173146611,1.27471034608806,6,analysnum7matchF1procLONGpredAB1singleT1reproduce2,reduced,_Yintonly,level,/cluster/projects/p274/projects/p040-ad_change/Berkeley/results/cortmaps/analysnum7matchF1procLONGpredAB1singleT1reproduce2/thickness/thickness_cortmapAB6_nTime2_analysnum7matchF1procLONGpredAB1singleT1reproduce2_Yintonly.csv,0,0,0,NA,rh_rostralmiddlefrontal,NA
rh_superiorfrontal_thickness.aparcnative71,convgroup,0.0775890247151453,0.0817664354815818,0.948910445443382,0.352124194880789,convgroup,0.387391067155564,0.95,-0.424094218365323,1.19099211822002,6,analysnum7matchF1procLONGpredAB1singleT1reproduce2,reduced,_Yintonly,level,/cluster/projects/p274/projects/p040-ad_change/Berkeley/results/cortmaps/analysnum7matchF1procLONGpredAB1singleT1reproduce2/thickness/thickness_cortmapAB6_nTime2_analysnum7matchF1procLONGpredAB1singleT1reproduce2_Yintonly.csv,0,0,0,NA,rh_superiorfrontal,NA
rh_superiorparietal_thickness.aparcnative71,convgroup,0.0377083828113137,0.075005402591747,0.502742222671076,0.619727834598132,convgroup,0.205243652949469,0.95,-0.599105386015362,1.00536162229015,6,analysnum7matchF1procLONGpredAB1singleT1reproduce2,reduced,_Yintonly,level,/cluster/projects/p274/projects/p040-ad_change/Berkeley/results/cortmaps/analysnum7matchF1procLONGpredAB1singleT1reproduce2/thickness/thickness_cortmapAB6_nTime2_analysnum7matchF1procLONGpredAB1singleT1reproduce2_Yintonly.csv,0,0,0,NA,rh_superiorparietal,NA
rh_superiortemporal_thickness.aparcnative71,convgroup,-0.0930980617408647,0.0763715326984445,-1.21901523318205,0.234684755339255,convgroup,-0.497660884995978,0.95,-1.30496778163948,0.319659290336454,6,analysnum7matchF1procLONGpredAB1singleT1reproduce2,reduced,_Yintonly,level,/cluster/projects/p274/projects/p040-ad_change/Berkeley/results/cortmaps/analysnum7matchF1procLONGpredAB1singleT1reproduce2/thickness/thickness_cortmapAB6_nTime2_analysnum7matchF1procLONGpredAB1singleT1reproduce2_Yintonly.csv,0,0,0,NA,rh_superiortemporal,NA
rh_supramarginal_thickness.aparcnative71,convgroup,0.0528227564104618,0.0739841416213274,0.713974038934238,0.482129752245974,convgroup,0.291478680830482,0.95,-0.515855083762599,1.09283417545687,6,analysnum7matchF1procLONGpredAB1singleT1reproduce2,reduced,_Yintonly,level,/cluster/projects/p274/projects/p040-ad_change/Berkeley/results/cortmaps/analysnum7matchF1procLONGpredAB1singleT1reproduce2/thickness/thickness_cortmapAB6_nTime2_analysnum7matchF1procLONGpredAB1singleT1reproduce2_Yintonly.csv,0,0,0,NA,rh_supramarginal,NA
rh_frontalpole_thickness.aparcnative71,convgroup,0.0637162552674418,0.109957288157797,0.579463683898826,0.567676373272743,convgroup,0.236565058337588,0.95,-0.568785386036395,1.03704680658131,6,analysnum7matchF1procLONGpredAB1singleT1reproduce2,reduced,_Yintonly,level,/cluster/projects/p274/projects/p040-ad_change/Berkeley/results/cortmaps/analysnum7matchF1procLONGpredAB1singleT1reproduce2/thickness/thickness_cortmapAB6_nTime2_analysnum7matchF1procLONGpredAB1singleT1reproduce2_Yintonly.csv,0,0,0,NA,rh_frontalpole,NA
rh_temporalpole_thickness.aparcnative71,convgroup,0.088553589039854,0.156797940371633,0.564762450514142,0.577476514506782,convgroup,0.230563304940581,0.95,-0.574587885822219,1.0309677870862,6,analysnum7matchF1procLONGpredAB1singleT1reproduce2,reduced,_Yintonly,level,/cluster/projects/p274/projects/p040-ad_change/Berkeley/results/cortmaps/analysnum7matchF1procLONGpredAB1singleT1reproduce2/thickness/thickness_cortmapAB6_nTime2_analysnum7matchF1procLONGpredAB1singleT1reproduce2_Yintonly.csv,0,0,0,NA,rh_temporalpole,NA
rh_transversetemporal_thickness.aparcnative71,convgroup,-0.0104664041075883,0.120585362306457,-0.0867966385587404,0.931553271009177,convgroup,-0.0354345793096156,0.95,-0.835281601454806,0.765146510542711,6,analysnum7matchF1procLONGpredAB1singleT1reproduce2,reduced,_Yintonly,level,/cluster/projects/p274/projects/p040-ad_change/Berkeley/results/cortmaps/analysnum7matchF1procLONGpredAB1singleT1reproduce2/thickness/thickness_cortmapAB6_nTime2_analysnum7matchF1procLONGpredAB1singleT1reproduce2_Yintonly.csv,0,0,0,NA,rh_transversetemporal,NA
rh_insula_thickness.aparcnative71,convgroup,0.0344432201018064,0.0787387810077846,0.43743654220912,0.665705998592874,convgroup,0.178582720543297,0.95,-0.624988577624752,0.978468061106126,6,analysnum7matchF1procLONGpredAB1singleT1reproduce2,reduced,_Yintonly,level,/cluster/projects/p274/projects/p040-ad_change/Berkeley/results/cortmaps/analysnum7matchF1procLONGpredAB1singleT1reproduce2/thickness/thickness_cortmapAB6_nTime2_analysnum7matchF1procLONGpredAB1singleT1reproduce2_Yintonly.csv,0,0,0,NA,rh_insula,NA
rh_MeanThickness_thickness.aparcnative71,convgroup,0.0166137589113883,0.0573620270209957,0.289629913275334,0.774586819129869,convgroup,0.118240916961852,0.95,-0.683825366175793,0.917861416851281,6,analysnum7matchF1procLONGpredAB1singleT1reproduce2,reduced,_Yintonly,level,/cluster/projects/p274/projects/p040-ad_change/Berkeley/results/cortmaps/analysnum7matchF1procLONGpredAB1singleT1reproduce2/thickness/thickness_cortmapAB6_nTime2_analysnum7matchF1procLONGpredAB1singleT1reproduce2_Yintonly.csv,0,0,0,NA,rh_MeanThickness,NA
lh_bankssts_thickness.aparcnative71,convgroup,-0.106363924356723,0.117064125663701,-0.908595385253059,0.373873669229837,convgroup,-0.396543536096163,0.95,-1.25560258646337,0.471723221139653,7,analysnum7matchF1procLONGpredAB1singleT1reproduce2,reduced,_Yintonly,level,/cluster/projects/p274/projects/p040-ad_change/Berkeley/results/cortmaps/analysnum7matchF1procLONGpredAB1singleT1reproduce2/thickness/thickness_cortmapAB7_nTime2_analysnum7matchF1procLONGpredAB1singleT1reproduce2_Yintonly.csv,0,0,0,NA,lh_bankssts,NA
lh_caudalanteriorcingulate_thickness.aparcnative71,convgroup,0.0803760803505448,0.156349978465369,0.514077975190434,0.612564951692036,convgroup,0.224362022325695,0.95,-0.636328870000486,1.07977660888939,7,analysnum7matchF1procLONGpredAB1singleT1reproduce2,reduced,_Yintonly,level,/cluster/projects/p274/projects/p040-ad_change/Berkeley/results/cortmaps/analysnum7matchF1procLONGpredAB1singleT1reproduce2/thickness/thickness_cortmapAB7_nTime2_analysnum7matchF1procLONGpredAB1singleT1reproduce2_Yintonly.csv,0,0,0,NA,lh_caudalanteriorcingulate,NA
lh_caudalmiddlefrontal_thickness.aparcnative71,convgroup,0.0286525364251341,0.123550286942247,0.231909914045992,0.818852944687231,convgroup,0.101213784335854,0.95,-0.755921283101416,0.955957158966716,7,analysnum7matchF1procLONGpredAB1singleT1reproduce2,reduced,_Yintonly,level,/cluster/projects/p274/projects/p040-ad_change/Berkeley/results/cortmaps/analysnum7matchF1procLONGpredAB1singleT1reproduce2/thickness/thickness_cortmapAB7_nTime2_analysnum7matchF1procLONGpredAB1singleT1reproduce2_Yintonly.csv,0,0,0,NA,lh_caudalmiddlefrontal,NA
lh_cuneus_thickness.aparcnative71,convgroup,0.0661945259433554,0.100540617166633,0.658385912169673,0.517443956361991,convgroup,0.287343169429531,0.95,-0.575770386879043,1.14372519946585,7,analysnum7matchF1procLONGpredAB1singleT1reproduce2,reduced,_Yintonly,level,/cluster/projects/p274/projects/p040-ad_change/Berkeley/results/cortmaps/analysnum7matchF1procLONGpredAB1singleT1reproduce2/thickness/thickness_cortmapAB7_nTime2_analysnum7matchF1procLONGpredAB1singleT1reproduce2_Yintonly.csv,0,0,0,NA,lh_cuneus,NA
lh_entorhinal_thickness.aparcnative71,convgroup,0.0494890590093501,0.158519871382372,0.312194670471159,0.75797133416708,convgroup,0.136252924666274,0.95,-0.721733606344205,0.991022950598301,7,analysnum7matchF1procLONGpredAB1singleT1reproduce2,reduced,_Yintonly,level,/cluster/projects/p274/projects/p040-ad_change/Berkeley/results/cortmaps/analysnum7matchF1procLONGpredAB1singleT1reproduce2/thickness/thickness_cortmapAB7_nTime2_analysnum7matchF1procLONGpredAB1singleT1reproduce2_Yintonly.csv,0,0,0,NA,lh_entorhinal,NA
lh_fusiform_thickness.aparcnative71,convgroup,0.0124617254501205,0.0781224151075136,0.159515363586372,0.874787123120933,convgroup,0.0696182122040907,0.95,-0.786859200657733,0.924449455521654,7,analysnum7matchF1procLONGpredAB1singleT1reproduce2,reduced,_Yintonly,level,/cluster/projects/p274/projects/p040-ad_change/Berkeley/results/cortmaps/analysnum7matchF1procLONGpredAB1singleT1reproduce2/thickness/thickness_cortmapAB7_nTime2_analysnum7matchF1procLONGpredAB1singleT1reproduce2_Yintonly.csv,0,0,0,NA,lh_fusiform,NA
lh_inferiorparietal_thickness.aparcnative71,convgroup,0.0511044023468516,0.0796447968758927,0.641653998144858,0.52804014088807,convgroup,0.280040763473321,0.95,-0.582771140328805,1.13628900047233,7,analysnum7matchF1procLONGpredAB1singleT1reproduce2,reduced,_Yintonly,level,/cluster/projects/p274/projects/p040-ad_change/Berkeley/results/cortmaps/analysnum7matchF1procLONGpredAB1singleT1reproduce2/thickness/thickness_cortmapAB7_nTime2_analysnum7matchF1procLONGpredAB1singleT1reproduce2_Yintonly.csv,0,0,0,NA,lh_inferiorparietal,NA
lh_inferiortemporal_thickness.aparcnative71,convgroup,0.0860001059975019,0.0749461807067352,1.14749150906063,0.264083874778909,convgroup,0.50080635234185,0.95,-0.373487330672117,1.36359841778258,7,analysnum7matchF1procLONGpredAB1singleT1reproduce2,reduced,_Yintonly,level,/cluster/projects/p274/projects/p040-ad_change/Berkeley/results/cortmaps/analysnum7matchF1procLONGpredAB1singleT1reproduce2/thickness/thickness_cortmapAB7_nTime2_analysnum7matchF1procLONGpredAB1singleT1reproduce2_Yintonly.csv,0,0,0,NA,lh_inferiortemporal,NA
lh_isthmuscingulate_thickness.aparcnative71,convgroup,0.117546409661772,0.10618808808885,1.10696417816109,0.280828779776354,convgroup,0.483118775050267,0.95,-0.390077428732509,1.34519700357778,7,analysnum7matchF1procLONGpredAB1singleT1reproduce2,reduced,_Yintonly,level,/cluster/projects/p274/projects/p040-ad_change/Berkeley/results/cortmaps/analysnum7matchF1procLONGpredAB1singleT1reproduce2/thickness/thickness_cortmapAB7_nTime2_analysnum7matchF1procLONGpredAB1singleT1reproduce2_Yintonly.csv,0,0,0,NA,lh_isthmuscingulate,NA
lh_lateraloccipital_thickness.aparcnative71,convgroup,0.136058990472464,0.0898777483010566,1.51382286544071,0.144976960278144,convgroup,0.660686463774952,0.95,-0.224887517961738,1.53140899448202,7,analysnum7matchF1procLONGpredAB1singleT1reproduce2,reduced,_Yintonly,level,/cluster/projects/p274/projects/p040-ad_change/Berkeley/results/cortmaps/analysnum7matchF1procLONGpredAB1singleT1reproduce2/thickness/thickness_cortmapAB7_nTime2_analysnum7matchF1procLONGpredAB1singleT1reproduce2_Yintonly.csv,0,0,0,NA,lh_lateraloccipital,NA
lh_lateralorbitofrontal_thickness.aparcnative71,convgroup,0.0125092297883259,0.0720678274313504,0.173575785953057,0.863861132506285,convgroup,0.0757546836134606,0.95,-0.780842294797948,0.930560565224625,7,analysnum7matchF1procLONGpredAB1singleT1reproduce2,reduced,_Yintonly,level,/cluster/projects/p274/projects/p040-ad_change/Berkeley/results/cortmaps/analysnum7matchF1procLONGpredAB1singleT1reproduce2/thickness/thickness_cortmapAB7_nTime2_analysnum7matchF1procLONGpredAB1singleT1reproduce2_Yintonly.csv,0,0,0,NA,lh_lateralorbitofrontal,NA
lh_lingual_thickness.aparcnative71,convgroup,-0.0153294252238294,0.0751059040550228,-0.204104130250519,0.840237171285069,convgroup,-0.0890783453834409,0.95,-0.94384290335109,0.767791814470249,7,analysnum7matchF1procLONGpredAB1singleT1reproduce2,reduced,_Yintonly,level,/cluster/projects/p274/projects/p040-ad_change/Berkeley/results/cortmaps/analysnum7matchF1procLONGpredAB1singleT1reproduce2/thickness/thickness_cortmapAB7_nTime2_analysnum7matchF1procLONGpredAB1singleT1reproduce2_Yintonly.csv,0,0,0,NA,lh_lingual,NA
lh_medialorbitofrontal_thickness.aparcnative71,convgroup,0.104577883812699,0.0753070814834612,1.38868592106662,0.179482464542692,convgroup,0.606072223791168,0.95,-0.275376026937873,1.47378820589191,7,analysnum7matchF1procLONGpredAB1singleT1reproduce2,reduced,_Yintonly,level,/cluster/projects/p274/projects/p040-ad_change/Berkeley/results/cortmaps/analysnum7matchF1procLONGpredAB1singleT1reproduce2/thickness/thickness_cortmapAB7_nTime2_analysnum7matchF1procLONGpredAB1singleT1reproduce2_Yintonly.csv,0,0,0,NA,lh_medialorbitofrontal,NA
lh_middletemporal_thickness.aparcnative71,convgroup,-0.0409121519592532,0.0911550724110437,-0.44881925796481,0.658159230650682,convgroup,-0.195880783140729,0.95,-1.05099655835966,0.663848113760305,7,analysnum7matchF1procLONGpredAB1singleT1reproduce2,reduced,_Yintonly,level,/cluster/projects/p274/projects/p040-ad_change/Berkeley/results/cortmaps/analysnum7matchF1procLONGpredAB1singleT1reproduce2/thickness/thickness_cortmapAB7_nTime2_analysnum7matchF1procLONGpredAB1singleT1reproduce2_Yintonly.csv,0,0,0,NA,lh_middletemporal,NA
lh_parahippocampal_thickness.aparcnative71,convgroup,-0.316272695784807,0.180473722728075,-1.75245842443968,0.09428487831152,convgroup,-0.764835560215038,0.95,-1.64213533416694,0.129370279972374,7,analysnum7matchF1procLONGpredAB1singleT1reproduce2,reduced,_Yintonly,level,/cluster/projects/p274/projects/p040-ad_change/Berkeley/results/cortmaps/analysnum7matchF1procLONGpredAB1singleT1reproduce2/thickness/thickness_cortmapAB7_nTime2_analysnum7matchF1procLONGpredAB1singleT1reproduce2_Yintonly.csv,0,0,0,NA,lh_parahippocampal,NA
lh_paracentral_thickness.aparcnative71,convgroup,0.098278957783433,0.134524887842271,0.730563387636228,0.473118440895714,convgroup,0.318844002267274,0.95,-0.545632773318787,1.17586833984908,7,analysnum7matchF1procLONGpredAB1singleT1reproduce2,reduced,_Yintonly,level,/cluster/projects/p274/projects/p040-ad_change/Berkeley/results/cortmaps/analysnum7matchF1procLONGpredAB1singleT1reproduce2/thickness/thickness_cortmapAB7_nTime2_analysnum7matchF1procLONGpredAB1singleT1reproduce2_Yintonly.csv,0,0,0,NA,lh_paracentral,NA
lh_parsopercularis_thickness.aparcnative71,convgroup,0.0267995316840111,0.0934619818951705,0.286742599938339,0.777119447745406,convgroup,0.125144730398655,0.95,-0.732557923409378,0.97989210691854,7,analysnum7matchF1procLONGpredAB1singleT1reproduce2,reduced,_Yintonly,level,/cluster/projects/p274/projects/p040-ad_change/Berkeley/results/cortmaps/analysnum7matchF1procLONGpredAB1singleT1reproduce2/thickness/thickness_cortmapAB7_nTime2_analysnum7matchF1procLONGpredAB1singleT1reproduce2_Yintonly.csv,0,0,0,NA,lh_parsopercularis,NA
lh_parsorbitalis_thickness.aparcnative71,convgroup,0.069932175549476,0.103378968874225,0.676464239400165,0.506129046676072,convgroup,0.295233198283998,0.95,-0.568212384879765,1.15176625215215,7,analysnum7matchF1procLONGpredAB1singleT1reproduce2,reduced,_Yintonly,level,/cluster/projects/p274/projects/p040-ad_change/Berkeley/results/cortmaps/analysnum7matchF1procLONGpredAB1singleT1reproduce2/thickness/thickness_cortmapAB7_nTime2_analysnum7matchF1procLONGpredAB1singleT1reproduce2_Yintonly.csv,0,0,0,NA,lh_parsorbitalis,NA
lh_parstriangularis_thickness.aparcnative71,convgroup,-0.0145039261213248,0.0818326123694059,-0.177238947912987,0.861019070454392,convgroup,-0.0773534185624381,0.95,-0.932153358229524,0.77927536196278,7,analysnum7matchF1procLONGpredAB1singleT1reproduce2,reduced,_Yintonly,level,/cluster/projects/p274/projects/p040-ad_change/Berkeley/results/cortmaps/analysnum7matchF1procLONGpredAB1singleT1reproduce2/thickness/thickness_cortmapAB7_nTime2_analysnum7matchF1procLONGpredAB1singleT1reproduce2_Yintonly.csv,0,0,0,NA,lh_parstriangularis,NA
lh_pericalcarine_thickness.aparcnative71,convgroup,0.0449944289289357,0.0890528049038461,0.505255606238545,0.61864107081913,convgroup,0.220511624846565,0.95,-0.640044374134107,1.07588077610639,7,analysnum7matchF1procLONGpredAB1singleT1reproduce2,reduced,_Yintonly,level,/cluster/projects/p274/projects/p040-ad_change/Berkeley/results/cortmaps/analysnum7matchF1procLONGpredAB1singleT1reproduce2/thickness/thickness_cortmapAB7_nTime2_analysnum7matchF1procLONGpredAB1singleT1reproduce2_Yintonly.csv,0,0,0,NA,lh_pericalcarine,NA
lh_postcentral_thickness.aparcnative71,convgroup,-0.00133898270982914,0.0967240803202984,-0.0138433232489277,0.989085655284649,convgroup,-0.00604172158647172,0.95,-0.861370632467701,0.849430038472364,7,analysnum7matchF1procLONGpredAB1singleT1reproduce2,reduced,_Yintonly,level,/cluster/projects/p274/projects/p040-ad_change/Berkeley/results/cortmaps/analysnum7matchF1procLONGpredAB1singleT1reproduce2/thickness/thickness_cortmapAB7_nTime2_analysnum7matchF1procLONGpredAB1singleT1reproduce2_Yintonly.csv,0,0,0,NA,lh_postcentral,NA
lh_posteriorcingulate_thickness.aparcnative71,convgroup,0.0964735280461133,0.0912760691067305,1.056942186383,0.302545801245501,convgroup,0.461287388027829,0.95,-0.41059628320873,1.32252982653614,7,analysnum7matchF1procLONGpredAB1singleT1reproduce2,reduced,_Yintonly,level,/cluster/projects/p274/projects/p040-ad_change/Berkeley/results/cortmaps/analysnum7matchF1procLONGpredAB1singleT1reproduce2/thickness/thickness_cortmapAB7_nTime2_analysnum7matchF1procLONGpredAB1singleT1reproduce2_Yintonly.csv,0,0,0,NA,lh_posteriorcingulate,NA
lh_precentral_thickness.aparcnative71,convgroup,0.0843994883185055,0.125238466923498,0.673910264088916,0.507719026276628,convgroup,0.294118552075727,0.95,-0.569279671840086,1.15062984277356,7,analysnum7matchF1procLONGpredAB1singleT1reproduce2,reduced,_Yintonly,level,/cluster/projects/p274/projects/p040-ad_change/Berkeley/results/cortmaps/analysnum7matchF1procLONGpredAB1singleT1reproduce2/thickness/thickness_cortmapAB7_nTime2_analysnum7matchF1procLONGpredAB1singleT1reproduce2_Yintonly.csv,0,0,0,NA,lh_precentral,NA
lh_precuneus_thickness.aparcnative71,convgroup,0.0976032873875231,0.0786502709189561,1.2409784002918,0.228298597969873,convgroup,0.541607376680229,0.95,-0.335333410404368,1.4061709891692,7,analysnum7matchF1procLONGpredAB1singleT1reproduce2,reduced,_Yintonly,level,/cluster/projects/p274/projects/p040-ad_change/Berkeley/results/cortmaps/analysnum7matchF1procLONGpredAB1singleT1reproduce2/thickness/thickness_cortmapAB7_nTime2_analysnum7matchF1procLONGpredAB1singleT1reproduce2_Yintonly.csv,0,0,0,NA,lh_precuneus,NA
lh_rostralanteriorcingulate_thickness.aparcnative71,convgroup,-0.0618170990910469,0.144748508633188,-0.42706553369541,0.673678307495955,convgroup,-0.186386679511041,0.95,-1.04142211406088,0.673040136208423,7,analysnum7matchF1procLONGpredAB1singleT1reproduce2,reduced,_Yintonly,level,/cluster/projects/p274/projects/p040-ad_change/Berkeley/results/cortmaps/analysnum7matchF1procLONGpredAB1singleT1reproduce2/thickness/thickness_cortmapAB7_nTime2_analysnum7matchF1procLONGpredAB1singleT1reproduce2_Yintonly.csv,0,0,0,NA,lh_rostralanteriorcingulate,NA
lh_rostralmiddlefrontal_thickness.aparcnative71,convgroup,0.0950301900601325,0.0765013513005221,1.24220276432534,0.227855730555163,convgroup,0.542141732952787,0.95,-0.334834797324064,1.40672973971786,7,analysnum7matchF1procLONGpredAB1singleT1reproduce2,reduced,_Yintonly,level,/cluster/projects/p274/projects/p040-ad_change/Berkeley/results/cortmaps/analysnum7matchF1procLONGpredAB1singleT1reproduce2/thickness/thickness_cortmapAB7_nTime2_analysnum7matchF1procLONGpredAB1singleT1reproduce2_Yintonly.csv,0,0,0,NA,lh_rostralmiddlefrontal,NA
lh_superiorfrontal_thickness.aparcnative71,convgroup,0.0928205995758586,0.10458517373619,0.88751202737391,0.384855562645595,convgroup,0.387342004345206,0.95,-0.480444387095702,1.24612668676393,7,analysnum7matchF1procLONGpredAB1singleT1reproduce2,reduced,_Yintonly,level,/cluster/projects/p274/projects/p040-ad_change/Berkeley/results/cortmaps/analysnum7matchF1procLONGpredAB1singleT1reproduce2/thickness/thickness_cortmapAB7_nTime2_analysnum7matchF1procLONGpredAB1singleT1reproduce2_Yintonly.csv,0,0,0,NA,lh_superiorfrontal,NA
lh_superiorparietal_thickness.aparcnative71,convgroup,0.0964105559218111,0.0866168455043777,1.11306934996771,0.278257858173599,convgroup,0.485783290472602,0.95,-0.387576314839125,1.34796688555564,7,analysnum7matchF1procLONGpredAB1singleT1reproduce2,reduced,_Yintonly,level,/cluster/projects/p274/projects/p040-ad_change/Berkeley/results/cortmaps/analysnum7matchF1procLONGpredAB1singleT1reproduce2/thickness/thickness_cortmapAB7_nTime2_analysnum7matchF1procLONGpredAB1singleT1reproduce2_Yintonly.csv,0,0,0,NA,lh_superiorparietal,NA
lh_superiortemporal_thickness.aparcnative71,convgroup,-0.0657957217152249,0.064995563516635,-1.01231096639981,0.322911775633216,convgroup,-0.44180872670105,0.95,-1.30234779439341,0.428943282683403,7,analysnum7matchF1procLONGpredAB1singleT1reproduce2,reduced,_Yintonly,level,/cluster/projects/p274/projects/p040-ad_change/Berkeley/results/cortmaps/analysnum7matchF1procLONGpredAB1singleT1reproduce2/thickness/thickness_cortmapAB7_nTime2_analysnum7matchF1procLONGpredAB1singleT1reproduce2_Yintonly.csv,0,0,0,NA,lh_superiortemporal,NA
lh_supramarginal_thickness.aparcnative71,convgroup,-0.0404568059259384,0.0918682316058532,-0.440378629464778,0.664162513866739,convgroup,-0.192196990853643,0.95,-1.04728043132172,0.667413620856303,7,analysnum7matchF1procLONGpredAB1singleT1reproduce2,reduced,_Yintonly,level,/cluster/projects/p274/projects/p040-ad_change/Berkeley/results/cortmaps/analysnum7matchF1procLONGpredAB1singleT1reproduce2/thickness/thickness_cortmapAB7_nTime2_analysnum7matchF1procLONGpredAB1singleT1reproduce2_Yintonly.csv,0,0,0,NA,lh_supramarginal,NA
lh_frontalpole_thickness.aparcnative71,convgroup,-0.109380914047474,0.140612259257356,-0.777890310739402,0.44530988214023,convgroup,-0.339499164889145,0.95,-1.19700193064161,0.525925984634891,7,analysnum7matchF1procLONGpredAB1singleT1reproduce2,reduced,_Yintonly,level,/cluster/projects/p274/projects/p040-ad_change/Berkeley/results/cortmaps/analysnum7matchF1procLONGpredAB1singleT1reproduce2/thickness/thickness_cortmapAB7_nTime2_analysnum7matchF1procLONGpredAB1singleT1reproduce2_Yintonly.csv,0,0,0,NA,lh_frontalpole,NA
lh_temporalpole_thickness.aparcnative71,convgroup,0.0482865414207293,0.155046673009336,0.311432296375825,0.758542645607249,convgroup,0.135920197332966,0.95,-0.722057645766742,0.990689366528177,7,analysnum7matchF1procLONGpredAB1singleT1reproduce2,reduced,_Yintonly,level,/cluster/projects/p274/projects/p040-ad_change/Berkeley/results/cortmaps/analysnum7matchF1procLONGpredAB1singleT1reproduce2/thickness/thickness_cortmapAB7_nTime2_analysnum7matchF1procLONGpredAB1singleT1reproduce2_Yintonly.csv,0,0,0,NA,lh_temporalpole,NA
lh_transversetemporal_thickness.aparcnative71,convgroup,-0.116817842859518,0.150874050379221,-0.774273922956912,0.447398977704519,convgroup,-0.337920843864805,0.95,-1.19538540346904,0.527430292051012,7,analysnum7matchF1procLONGpredAB1singleT1reproduce2,reduced,_Yintonly,level,/cluster/projects/p274/projects/p040-ad_change/Berkeley/results/cortmaps/analysnum7matchF1procLONGpredAB1singleT1reproduce2/thickness/thickness_cortmapAB7_nTime2_analysnum7matchF1procLONGpredAB1singleT1reproduce2_Yintonly.csv,0,0,0,NA,lh_transversetemporal,NA
lh_insula_thickness.aparcnative71,convgroup,0.0333171526152863,0.112734429732987,0.295536622611197,0.770486378290064,convgroup,0.128982756547372,0.95,-0.728816647347764,0.98373653779958,7,analysnum7matchF1procLONGpredAB1singleT1reproduce2,reduced,_Yintonly,level,/cluster/projects/p274/projects/p040-ad_change/Berkeley/results/cortmaps/analysnum7matchF1procLONGpredAB1singleT1reproduce2/thickness/thickness_cortmapAB7_nTime2_analysnum7matchF1procLONGpredAB1singleT1reproduce2_Yintonly.csv,0,0,0,NA,lh_insula,NA
lh_MeanThickness_thickness.aparcnative71,convgroup,0.043834512269328,0.0659236518942265,0.664928459055331,0.513332929346713,convgroup,0.290198570985848,0.95,-0.573034414474056,1.14663450668139,7,analysnum7matchF1procLONGpredAB1singleT1reproduce2,reduced,_Yintonly,level,/cluster/projects/p274/projects/p040-ad_change/Berkeley/results/cortmaps/analysnum7matchF1procLONGpredAB1singleT1reproduce2/thickness/thickness_cortmapAB7_nTime2_analysnum7matchF1procLONGpredAB1singleT1reproduce2_Yintonly.csv,0,0,0,NA,lh_MeanThickness,NA
rh_bankssts_thickness.aparcnative71,convgroup,-0.069166961781946,0.144270387703741,-0.479425909106035,0.636590681673692,convgroup,-0.209238620819183,0.95,-1.06448372849418,0.650931038852781,7,analysnum7matchF1procLONGpredAB1singleT1reproduce2,reduced,_Yintonly,level,/cluster/projects/p274/projects/p040-ad_change/Berkeley/results/cortmaps/analysnum7matchF1procLONGpredAB1singleT1reproduce2/thickness/thickness_cortmapAB7_nTime2_analysnum7matchF1procLONGpredAB1singleT1reproduce2_Yintonly.csv,0,0,0,NA,rh_bankssts,NA
rh_caudalanteriorcingulate_thickness.aparcnative71,convgroup,0.146375281803563,0.179254708840761,0.81657705256487,0.423337162854447,convgroup,0.356383443251662,0.95,-0.509848747152664,1.21431085832104,7,analysnum7matchF1procLONGpredAB1singleT1reproduce2,reduced,_Yintonly,level,/cluster/projects/p274/projects/p040-ad_change/Berkeley/results/cortmaps/analysnum7matchF1procLONGpredAB1singleT1reproduce2/thickness/thickness_cortmapAB7_nTime2_analysnum7matchF1procLONGpredAB1singleT1reproduce2_Yintonly.csv,0,0,0,NA,rh_caudalanteriorcingulate,NA
rh_caudalmiddlefrontal_thickness.aparcnative71,convgroup,0.0903639750368563,0.101137442953616,0.893476959648858,0.381727275614108,convgroup,0.389945314218086,0.95,-0.477976123559321,1.24880674726446,7,analysnum7matchF1procLONGpredAB1singleT1reproduce2,reduced,_Yintonly,level,/cluster/projects/p274/projects/p040-ad_change/Berkeley/results/cortmaps/analysnum7matchF1procLONGpredAB1singleT1reproduce2/thickness/thickness_cortmapAB7_nTime2_analysnum7matchF1procLONGpredAB1singleT1reproduce2_Yintonly.csv,0,0,0,NA,rh_caudalmiddlefrontal,NA
rh_cuneus_thickness.aparcnative71,convgroup,-0.00409055377096925,0.0787109478776505,-0.0519693115286537,0.959044328816752,convgroup,-0.0226812670375997,0.95,-0.877838567596733,0.833012610956597,7,analysnum7matchF1procLONGpredAB1singleT1reproduce2,reduced,_Yintonly,level,/cluster/projects/p274/projects/p040-ad_change/Berkeley/results/cortmaps/analysnum7matchF1procLONGpredAB1singleT1reproduce2/thickness/thickness_cortmapAB7_nTime2_analysnum7matchF1procLONGpredAB1singleT1reproduce2_Yintonly.csv,0,0,0,NA,rh_cuneus,NA
rh_entorhinal_thickness.aparcnative71,convgroup,0.0927802356679821,0.166912188364723,0.555862556095943,0.584179224711034,convgroup,0.242598308504885,0.95,-0.61875233595427,1.09824958121361,7,analysnum7matchF1procLONGpredAB1singleT1reproduce2,reduced,_Yintonly,level,/cluster/projects/p274/projects/p040-ad_change/Berkeley/results/cortmaps/analysnum7matchF1procLONGpredAB1singleT1reproduce2/thickness/thickness_cortmapAB7_nTime2_analysnum7matchF1procLONGpredAB1singleT1reproduce2_Yintonly.csv,0,0,0,NA,rh_entorhinal,NA
rh_fusiform_thickness.aparcnative71,convgroup,0.0336271570774261,0.0928917078361904,0.362003863000623,0.720966408597273,convgroup,0.15799143848255,0.95,-0.700587574890079,1.01284367431516,7,analysnum7matchF1procLONGpredAB1singleT1reproduce2,reduced,_Yintonly,level,/cluster/projects/p274/projects/p040-ad_change/Berkeley/results/cortmaps/analysnum7matchF1procLONGpredAB1singleT1reproduce2/thickness/thickness_cortmapAB7_nTime2_analysnum7matchF1procLONGpredAB1singleT1reproduce2_Yintonly.csv,0,0,0,NA,rh_fusiform,NA
rh_inferiorparietal_thickness.aparcnative71,convgroup,0.0238871377625737,0.0760414987178336,0.314132916438318,0.756519481541738,convgroup,0.137098844557698,0.95,-0.720909834140161,0.991871155615038,7,analysnum7matchF1procLONGpredAB1singleT1reproduce2,reduced,_Yintonly,level,/cluster/projects/p274/projects/p040-ad_change/Berkeley/results/cortmaps/analysnum7matchF1procLONGpredAB1singleT1reproduce2/thickness/thickness_cortmapAB7_nTime2_analysnum7matchF1procLONGpredAB1singleT1reproduce2_Yintonly.csv,0,0,0,NA,rh_inferiorparietal,NA
rh_inferiortemporal_thickness.aparcnative71,convgroup,-0.00517361834270103,0.112982597552686,-0.0457912851604291,0.963909267516962,convgroup,-0.0199849552778071,0.95,-0.875168035543618,0.835670974551893,7,analysnum7matchF1procLONGpredAB1singleT1reproduce2,reduced,_Yintonly,level,/cluster/projects/p274/projects/p040-ad_change/Berkeley/results/cortmaps/analysnum7matchF1procLONGpredAB1singleT1reproduce2/thickness/thickness_cortmapAB7_nTime2_analysnum7matchF1procLONGpredAB1singleT1reproduce2_Yintonly.csv,0,0,0,NA,rh_inferiortemporal,NA
rh_isthmuscingulate_thickness.aparcnative71,convgroup,0.0662219862278682,0.0969026807378698,0.683386524744392,0.501833735780665,convgroup,0.298254331290856,0.95,-0.565319980528156,1.1548469094273,7,analysnum7matchF1procLONGpredAB1singleT1reproduce2,reduced,_Yintonly,level,/cluster/projects/p274/projects/p040-ad_change/Berkeley/results/cortmaps/analysnum7matchF1procLONGpredAB1singleT1reproduce2/thickness/thickness_cortmapAB7_nTime2_analysnum7matchF1procLONGpredAB1singleT1reproduce2_Yintonly.csv,0,0,0,NA,rh_isthmuscingulate,NA
rh_lateraloccipital_thickness.aparcnative71,convgroup,0.0936868680148728,0.0908441817316055,1.03129189155631,0.314135889458015,convgroup,0.450092681585808,0.95,-0.421136055948807,1.31092611030456,7,analysnum7matchF1procLONGpredAB1singleT1reproduce2,reduced,_Yintonly,level,/cluster/projects/p274/projects/p040-ad_change/Berkeley/results/cortmaps/analysnum7matchF1procLONGpredAB1singleT1reproduce2/thickness/thickness_cortmapAB7_nTime2_analysnum7matchF1procLONGpredAB1singleT1reproduce2_Yintonly.csv,0,0,0,NA,rh_lateraloccipital,NA
rh_lateralorbitofrontal_thickness.aparcnative71,convgroup,-0.0431594916365099,0.0732324199760692,-0.589349521026527,0.561914229541999,convgroup,-0.257213218180003,0.95,-1.11307976040582,0.604690750898445,7,analysnum7matchF1procLONGpredAB1singleT1reproduce2,reduced,_Yintonly,level,/cluster/projects/p274/projects/p040-ad_change/Berkeley/results/cortmaps/analysnum7matchF1procLONGpredAB1singleT1reproduce2/thickness/thickness_cortmapAB7_nTime2_analysnum7matchF1procLONGpredAB1singleT1reproduce2_Yintonly.csv,0,0,0,NA,rh_lateralorbitofrontal,NA
rh_lingual_thickness.aparcnative71,convgroup,0.00728636500692338,0.073147682265249,0.0996117003475445,0.921597410953145,convgroup,0.0434741101853221,0.95,-0.812538346635183,0.898458105373256,7,analysnum7matchF1procLONGpredAB1singleT1reproduce2,reduced,_Yintonly,level,/cluster/projects/p274/projects/p040-ad_change/Berkeley/results/cortmaps/analysnum7matchF1procLONGpredAB1singleT1reproduce2/thickness/thickness_cortmapAB7_nTime2_analysnum7matchF1procLONGpredAB1singleT1reproduce2_Yintonly.csv,0,0,0,NA,rh_lingual,NA
rh_medialorbitofrontal_thickness.aparcnative71,convgroup,0.114295035511789,0.112503789216963,1.01592165301536,0.321229277872467,convgroup,0.443384559532147,0.95,-0.427457631118728,1.30397904282602,7,analysnum7matchF1procLONGpredAB1singleT1reproduce2,reduced,_Yintonly,level,/cluster/projects/p274/projects/p040-ad_change/Berkeley/results/cortmaps/analysnum7matchF1procLONGpredAB1singleT1reproduce2/thickness/thickness_cortmapAB7_nTime2_analysnum7matchF1procLONGpredAB1singleT1reproduce2_Yintonly.csv,0,0,0,NA,rh_medialorbitofrontal,NA
rh_middletemporal_thickness.aparcnative71,convgroup,0.0684743871418835,0.105975821356795,0.64613216736813,0.525192566183699,convgroup,0.281995196753365,0.95,-0.580896848354428,1.13827869162492,7,analysnum7matchF1procLONGpredAB1singleT1reproduce2,reduced,_Yintonly,level,/cluster/projects/p274/projects/p040-ad_change/Berkeley/results/cortmaps/analysnum7matchF1procLONGpredAB1singleT1reproduce2/thickness/thickness_cortmapAB7_nTime2_analysnum7matchF1procLONGpredAB1singleT1reproduce2_Yintonly.csv,0,0,0,NA,rh_middletemporal,NA
rh_parahippocampal_thickness.aparcnative71,convgroup,0.0537959469963213,0.201830852482636,0.26653976007434,0.792423243646375,convgroup,0.11632748821486,0.95,-0.741159211424238,0.97106632172661,7,analysnum7matchF1procLONGpredAB1singleT1reproduce2,reduced,_Yintonly,level,/cluster/projects/p274/projects/p040-ad_change/Berkeley/results/cortmaps/analysnum7matchF1procLONGpredAB1singleT1reproduce2/thickness/thickness_cortmapAB7_nTime2_analysnum7matchF1procLONGpredAB1singleT1reproduce2_Yintonly.csv,0,0,0,NA,rh_parahippocampal,NA
rh_paracentral_thickness.aparcnative71,convgroup,0.102547529598138,0.125097092925535,0.819743506423291,0.42156931665711,convgroup,0.35776539701269,0.95,-0.508534206401084,1.21572891660228,7,analysnum7matchF1procLONGpredAB1singleT1reproduce2,reduced,_Yintonly,level,/cluster/projects/p274/projects/p040-ad_change/Berkeley/results/cortmaps/analysnum7matchF1procLONGpredAB1singleT1reproduce2/thickness/thickness_cortmapAB7_nTime2_analysnum7matchF1procLONGpredAB1singleT1reproduce2_Yintonly.csv,0,0,0,NA,rh_paracentral,NA
rh_parsopercularis_thickness.aparcnative71,convgroup,0.0374258626272164,0.0938723969285311,0.398688686469893,0.694147516980661,convgroup,0.174002008044838,0.95,-0.685044698941035,1.02894696455791,7,analysnum7matchF1procLONGpredAB1singleT1reproduce2,reduced,_Yintonly,level,/cluster/projects/p274/projects/p040-ad_change/Berkeley/results/cortmaps/analysnum7matchF1procLONGpredAB1singleT1reproduce2/thickness/thickness_cortmapAB7_nTime2_analysnum7matchF1procLONGpredAB1singleT1reproduce2_Yintonly.csv,0,0,0,NA,rh_parsopercularis,NA
rh_parsorbitalis_thickness.aparcnative71,convgroup,0.0487430959723624,0.110069647731167,0.442838666036361,0.662410434306662,convgroup,0.193270638834752,0.95,-0.666374254846114,1.04836337040725,7,analysnum7matchF1procLONGpredAB1singleT1reproduce2,reduced,_Yintonly,level,/cluster/projects/p274/projects/p040-ad_change/Berkeley/results/cortmaps/analysnum7matchF1procLONGpredAB1singleT1reproduce2/thickness/thickness_cortmapAB7_nTime2_analysnum7matchF1procLONGpredAB1singleT1reproduce2_Yintonly.csv,0,0,0,NA,rh_parsorbitalis,NA
rh_parstriangularis_thickness.aparcnative71,convgroup,0.0678286472858302,0.0985458927127226,0.688295020915401,0.49880057225258,convgroup,0.300396574648194,0.95,-0.563269724210038,1.15703184162541,7,analysnum7matchF1procLONGpredAB1singleT1reproduce2,reduced,_Yintonly,level,/cluster/projects/p274/projects/p040-ad_change/Berkeley/results/cortmaps/analysnum7matchF1procLONGpredAB1singleT1reproduce2/thickness/thickness_cortmapAB7_nTime2_analysnum7matchF1procLONGpredAB1singleT1reproduce2_Yintonly.csv,0,0,0,NA,rh_parstriangularis,NA
rh_pericalcarine_thickness.aparcnative71,convgroup,-0.0406486911012286,0.0789261287701558,-0.515021979851609,0.611916477810228,convgroup,-0.224774019736764,0.95,-1.08019353838416,0.635931418634005,7,analysnum7matchF1procLONGpredAB1singleT1reproduce2,reduced,_Yintonly,level,/cluster/projects/p274/projects/p040-ad_change/Berkeley/results/cortmaps/analysnum7matchF1procLONGpredAB1singleT1reproduce2/thickness/thickness_cortmapAB7_nTime2_analysnum7matchF1procLONGpredAB1singleT1reproduce2_Yintonly.csv,0,0,0,NA,rh_pericalcarine,NA
rh_postcentral_thickness.aparcnative71,convgroup,0.0399555233207447,0.0794008802075163,0.50321259936061,0.620052144741491,convgroup,0.219619983545284,0.95,-0.640904895512183,1.07497881163791,7,analysnum7matchF1procLONGpredAB1singleT1reproduce2,reduced,_Yintonly,level,/cluster/projects/p274/projects/p040-ad_change/Berkeley/results/cortmaps/analysnum7matchF1procLONGpredAB1singleT1reproduce2/thickness/thickness_cortmapAB7_nTime2_analysnum7matchF1procLONGpredAB1singleT1reproduce2_Yintonly.csv,0,0,0,NA,rh_postcentral,NA
rh_posteriorcingulate_thickness.aparcnative71,convgroup,0.170261176311744,0.103172900191176,1.65025094764473,0.113769837684804,convgroup,0.720228560309959,0.95,-0.170158989600485,1.59457678837558,7,analysnum7matchF1procLONGpredAB1singleT1reproduce2,reduced,_Yintonly,level,/cluster/projects/p274/projects/p040-ad_change/Berkeley/results/cortmaps/analysnum7matchF1procLONGpredAB1singleT1reproduce2/thickness/thickness_cortmapAB7_nTime2_analysnum7matchF1procLONGpredAB1singleT1reproduce2_Yintonly.csv,0,0,0,NA,rh_posteriorcingulate,NA
rh_precentral_thickness.aparcnative71,convgroup,0.0493026853326009,0.13782294748444,0.357724792804675,0.7241196066265,convgroup,0.156123899141888,0.95,-0.702402323832272,1.01096711051307,7,analysnum7matchF1procLONGpredAB1singleT1reproduce2,reduced,_Yintonly,level,/cluster/projects/p274/projects/p040-ad_change/Berkeley/results/cortmaps/analysnum7matchF1procLONGpredAB1singleT1reproduce2/thickness/thickness_cortmapAB7_nTime2_analysnum7matchF1procLONGpredAB1singleT1reproduce2_Yintonly.csv,0,0,0,NA,rh_precentral,NA
rh_precuneus_thickness.aparcnative71,convgroup,0.0228224607568696,0.0784327610580516,0.290981223266865,0.773920168649802,convgroup,0.126994617279167,0.95,-0.730754483868108,0.981744910181086,7,analysnum7matchF1procLONGpredAB1singleT1reproduce2,reduced,_Yintonly,level,/cluster/projects/p274/projects/p040-ad_change/Berkeley/results/cortmaps/analysnum7matchF1procLONGpredAB1singleT1reproduce2/thickness/thickness_cortmapAB7_nTime2_analysnum7matchF1procLONGpredAB1singleT1reproduce2_Yintonly.csv,0,0,0,NA,rh_precuneus,NA
rh_rostralanteriorcingulate_thickness.aparcnative71,convgroup,0.0518184025241796,0.133907256910835,0.386972324873205,0.702670387620668,convgroup,0.168888568627096,0.95,-0.690005950281306,1.02380093547199,7,analysnum7matchF1procLONGpredAB1singleT1reproduce2,reduced,_Yintonly,level,/cluster/projects/p274/projects/p040-ad_change/Berkeley/results/cortmaps/analysnum7matchF1procLONGpredAB1singleT1reproduce2/thickness/thickness_cortmapAB7_nTime2_analysnum7matchF1procLONGpredAB1singleT1reproduce2_Yintonly.csv,0,0,0,NA,rh_rostralanteriorcingulate,NA
rh_rostralmiddlefrontal_thickness.aparcnative71,convgroup,0.137595457952072,0.0737704663664157,1.86518351759686,0.0761905802381232,convgroup,0.814032824225867,0.95,-0.084591527733807,1.69481924113444,7,analysnum7matchF1procLONGpredAB1singleT1reproduce2,reduced,_Yintonly,level,/cluster/projects/p274/projects/p040-ad_change/Berkeley/results/cortmaps/analysnum7matchF1procLONGpredAB1singleT1reproduce2/thickness/thickness_cortmapAB7_nTime2_analysnum7matchF1procLONGpredAB1singleT1reproduce2_Yintonly.csv,0,0,0,NA,rh_rostralmiddlefrontal,NA
rh_superiorfrontal_thickness.aparcnative71,convgroup,0.0858176162428352,0.115663646117583,0.741958421020152,0.466330551976621,convgroup,0.323817202555691,0.95,-0.540883962759584,1.18095256420135,7,analysnum7matchF1procLONGpredAB1singleT1reproduce2,reduced,_Yintonly,level,/cluster/projects/p274/projects/p040-ad_change/Berkeley/results/cortmaps/analysnum7matchF1procLONGpredAB1singleT1reproduce2/thickness/thickness_cortmapAB7_nTime2_analysnum7matchF1procLONGpredAB1singleT1reproduce2_Yintonly.csv,0,0,0,NA,rh_superiorfrontal,NA
rh_superiorparietal_thickness.aparcnative71,convgroup,0.0964649724673109,0.0829881537990871,1.16239448705957,0.25811558305163,convgroup,0.507310545176178,0.95,-0.367394272174526,1.37037339102796,7,analysnum7matchF1procLONGpredAB1singleT1reproduce2,reduced,_Yintonly,level,/cluster/projects/p274/projects/p040-ad_change/Berkeley/results/cortmaps/analysnum7matchF1procLONGpredAB1singleT1reproduce2/thickness/thickness_cortmapAB7_nTime2_analysnum7matchF1procLONGpredAB1singleT1reproduce2_Yintonly.csv,0,0,0,NA,rh_superiorparietal,NA
rh_superiortemporal_thickness.aparcnative71,convgroup,-0.105712458491091,0.0837405393966483,-1.26238091195436,0.220651349871635,convgroup,-0.550948198561736,0.95,-1.41594184720355,0.326621131247267,7,analysnum7matchF1procLONGpredAB1singleT1reproduce2,reduced,_Yintonly,level,/cluster/projects/p274/projects/p040-ad_change/Berkeley/results/cortmaps/analysnum7matchF1procLONGpredAB1singleT1reproduce2/thickness/thickness_cortmapAB7_nTime2_analysnum7matchF1procLONGpredAB1singleT1reproduce2_Yintonly.csv,0,0,0,NA,rh_superiortemporal,NA
rh_supramarginal_thickness.aparcnative71,convgroup,0.100073066860894,0.0729793519728851,1.37125178773956,0.184772998611825,convgroup,0.598463344205721,0.95,-0.282432305557918,1.46578472578122,7,analysnum7matchF1procLONGpredAB1singleT1reproduce2,reduced,_Yintonly,level,/cluster/projects/p274/projects/p040-ad_change/Berkeley/results/cortmaps/analysnum7matchF1procLONGpredAB1singleT1reproduce2/thickness/thickness_cortmapAB7_nTime2_analysnum7matchF1procLONGpredAB1singleT1reproduce2_Yintonly.csv,0,0,0,NA,rh_supramarginal,NA
rh_frontalpole_thickness.aparcnative71,convgroup,0.0672562255387934,0.143499247716479,0.468686955569801,0.644122166837089,convgroup,0.204551757251145,0.95,-0.655461175916101,1.05974932241558,7,analysnum7matchF1procLONGpredAB1singleT1reproduce2,reduced,_Yintonly,level,/cluster/projects/p274/projects/p040-ad_change/Berkeley/results/cortmaps/analysnum7matchF1procLONGpredAB1singleT1reproduce2/thickness/thickness_cortmapAB7_nTime2_analysnum7matchF1procLONGpredAB1singleT1reproduce2_Yintonly.csv,0,0,0,NA,rh_frontalpole,NA
rh_temporalpole_thickness.aparcnative71,convgroup,0.277556184118994,0.186784640633535,1.48596899176281,0.152146625325843,convgroup,0.648530036677172,0.95,-0.236101492684849,1.51855690411776,7,analysnum7matchF1procLONGpredAB1singleT1reproduce2,reduced,_Yintonly,level,/cluster/projects/p274/projects/p040-ad_change/Berkeley/results/cortmaps/analysnum7matchF1procLONGpredAB1singleT1reproduce2/thickness/thickness_cortmapAB7_nTime2_analysnum7matchF1procLONGpredAB1singleT1reproduce2_Yintonly.csv,0,0,0,NA,rh_temporalpole,NA
rh_transversetemporal_thickness.aparcnative71,convgroup,-0.0257713805840863,0.167984444514775,-0.153415279959566,0.879535453968914,convgroup,-0.0669559174454811,0.95,-0.921799424890062,0.789470872577159,7,analysnum7matchF1procLONGpredAB1singleT1reproduce2,reduced,_Yintonly,level,/cluster/projects/p274/projects/p040-ad_change/Berkeley/results/cortmaps/analysnum7matchF1procLONGpredAB1singleT1reproduce2/thickness/thickness_cortmapAB7_nTime2_analysnum7matchF1procLONGpredAB1singleT1reproduce2_Yintonly.csv,0,0,0,NA,rh_transversetemporal,NA
rh_insula_thickness.aparcnative71,convgroup,0.0460853686134786,0.0911229170352117,0.505749487756963,0.618300180322931,convgroup,0.220727172412517,0.95,-0.639836309578602,1.07609880084852,7,analysnum7matchF1procLONGpredAB1singleT1reproduce2,reduced,_Yintonly,level,/cluster/projects/p274/projects/p040-ad_change/Berkeley/results/cortmaps/analysnum7matchF1procLONGpredAB1singleT1reproduce2/thickness/thickness_cortmapAB7_nTime2_analysnum7matchF1procLONGpredAB1singleT1reproduce2_Yintonly.csv,0,0,0,NA,rh_insula,NA
rh_MeanThickness_thickness.aparcnative71,convgroup,0.0499550624446627,0.0670731697767747,0.74478457796042,0.464656057658161,convgroup,0.325050638565654,0.95,-0.539706548702309,1.18221395529096,7,analysnum7matchF1procLONGpredAB1singleT1reproduce2,reduced,_Yintonly,level,/cluster/projects/p274/projects/p040-ad_change/Berkeley/results/cortmaps/analysnum7matchF1procLONGpredAB1singleT1reproduce2/thickness/thickness_cortmapAB7_nTime2_analysnum7matchF1procLONGpredAB1singleT1reproduce2_Yintonly.csv,0,0,0,NA,rh_MeanThickness,NA
